FSC,NIIN,INC,ITEM_NAME,END_ITEM_NAME
5840,000012561,77777,"SUPPORT ASSEMBLY,ALUMINUM",
2920,000019037,77777,"CLAMP,LEAD",
2840,000030837,77777,TUBE AND LEAD ASSEMBLY,ENG T400-CP400
5820,000038097,77777,LEAD INSULATOR ANTE,
3439,000038601,04985,"SOLDER,LEAD ALLOY",
3439,000038602,04986,"SOLDER,LEAD-TIN ALLOY",
6625,000086991,77777,"CASE,CARRYING,LEAD TEST",
6150,000089794,16129,"LEAD,STORAGE BATTERY",
3439,000097456,04987,"SOLDER,TIN ALLOY",
5365,000101504,77777,"RING,THREADED,ALUMINUM ELECTRICA",
2920,000102126,77777,LEAD ASSEMBLY,
5940,000113353,77777,PLUG ALUMINUM,
9540,000118709,77777,"CASTING,ALUMINUM",
3439,000155327,04987,"SOLDER,TIN ALLOY",
7050,000165901,77777,"CONTACT,SILVER",
5940,000166202,77777,"PLUG,ALUMINUM",
5940,000166203,77777,"PLUG,ALUMINUM",
5940,000166204,77777,"PLUG,ALUMINUM",
3610,000170221,77777,"BLOCK,ALUMINUM",
3610,000170222,77777,"BLOCK,ALUMINUM",
3610,000172101,77777,"CASTING,ALUMINUM",
3439,000181684,77777,"BRAZING ALLOY,SILVER SOLDER,KIT",
1280,000185083,77777,LEAD SCREW ASSY,
1660,000191500,77777,LEAD ASSEMBLY,
5330,000195464,77777,"SEAL,LEAD",
5977,000201175,77777,"BRUSH,GRAPHITE",
1430,000203229,77777,LEAD ANGLE ASSEMBLY,
6150,000213334,16129,"LEAD,STORAGE BATTERY",
6810,000236499,23415,"NICKEL ACETATE,TETRAHYDRATE",
3439,000239394,04985,"SOLDER,LEAD ALLOY",
6810,000239678,23443,LEAD CHROMATE,
2920,000243280,77777,"CLAMP,LEAD",
6150,000259169,16129,"LEAD,STORAGE BATTERY",
6150,000312407,16129,"LEAD,STORAGE BATTERY",
6685,000316456,77777,LEAD ASY,
2925,000380594,77777,"LEAD,IGNITITION",
1270,000410100,77777,"PROTECTOR,TUBE LEAD",
9660,000427765,32787,"PALLADIUM,RECLAIMED",
9660,000427768,32788,"PLATINUM,RECLAIMED",
6810,000430758,24036,"SODIUM PHOSPHATE,TRIBASIC",
6810,000430780,11846,"SODIUM PHOSPHATE,DIBASIC,ANHYDRO",
3439,000445006,04986,"SOLDER,LEAD-TIN ALLOY",
2840,000500732,77777,"PLATE,IGNITER LEAD",
6615,000501371,77777,"WIRE,LEAD,FLEXIBLE",
3439,000515164,15661,"BRAZING ALLOY,SILVER",
3439,000521899,15661,"BRAZING ALLOY,SILVER",
6810,000524461,12714,ZINC,
6150,000529061,16129,"LEAD,STORAGE BATTERY",
6150,000529062,16129,"LEAD,STORAGE BATTERY",
6150,000529063,16129,"LEAD,STORAGE BATTERY",
6810,000532475,29896,SILICON,
3439,000538868,04986,"SOLDER,LEAD-TIN ALLOY",
3610,000541768,77777,"GUARD,ALUMINUM",
3610,000541769,77777,"GUARD,ALUMINUM",
2840,000543150,77777,"PLATE,IGNITER LEAD",ENG TF-41
2920,000547793,77777,SWITCH ASSEMBLY AND LEAD ASSEMBL,
2915,000565730,77777,"SUPPORT,LEAD WIRE TANK",FUEL PUMP TB117300-5
3439,000565860,04986,"SOLDER,LEAD-TIN ALLOY",
4470,000567038,77777,"WINDOW,LEAD GLASS",
3439,000575167,04985,"SOLDER,LEAD ALLOY",
6505,000581944,10715,SILVER NITRATE OPHTHALMIC SOLUTI,
6150,000585906,16129,"LEAD,STORAGE BATTERY",
2835,000586979,77777,"LEAD,GAS TURBINE UNPAINTED",
6520,000599007,13969,"BAND,COPPER,DENTAL",
6520,000599008,13969,"BAND,COPPER,DENTAL",
6520,000599009,13969,"BAND,COPPER,DENTAL",
6520,000599010,13969,"BAND,COPPER,DENTAL",
6520,000599011,13969,"BAND,COPPER,DENTAL",
6520,000599012,13969,"BAND,COPPER,DENTAL",
6520,000599013,13969,"BAND,COPPER,DENTAL",
6520,000599014,13969,"BAND,COPPER,DENTAL",
6520,000599015,13969,"BAND,COPPER,DENTAL",
6520,000599016,13969,"BAND,COPPER,DENTAL",
9530,000620450,77777,"NICKEL ROD,HOT ROLLED",
9530,000620453,77777,"NICKEL ROD,COLD DRAWN",
9530,000620455,77777,"NICKEL ROD,COLD DRAWN",
9530,000620459,77777,"NICKEL ROD,COLD DRAWN",
9530,000620474,77777,"NICKEL ROD,COLD DRAWN",
9530,000620475,77777,"NICKEL ROD,COLD DRAWN",
6810,000636099,12715,ZINC CHLORIDE,
6810,000636101,12714,ZINC,
6810,000636107,12714,ZINC,
6810,000636109,12638,"MAGNESIUM,REAGENT",
6810,000636116,11990,"NICKEL NITRATE,HEXAHYDRATE",
6810,000636139,12644,"MANGANESE SULFATE,MONOHYDRATE",
6810,000636153,12580,"ALUMINUM,REAGENT",
6810,000636154,12580,"ALUMINUM,REAGENT",
6810,000636155,12638,"MAGNESIUM,REAGENT",
6810,000636890,11901,"ANTIMONY TRICHLORIDE,REAGENT",
6810,000636987,23326,"MAGNESIUM CARBONATE,BASIC,PENTAH",
6810,000637486,12714,ZINC,
3439,000642017,04987,"SOLDER,TIN ALLOY",
1720,000646723,77777,"BLOCK,LEAD",
6810,000653139,12376,"ALUMINUM SULFATE,HYDRATED",
1560,000653402,77777,"LEAD ASSEMBLY,AIRCRAFT",P-3 AIRCRAFT
5970,000654014,77777,ALUMINUM BODIES,
3439,000658480,15661,"BRAZING ALLOY,SILVER",
9150,000660050,14944,"GREASE,GRAPHITE",
3439,000664808,15661,"BRAZING ALLOY,SILVER",
5650,000681146,77777,"ALUMINUM SHEET,CORRUGATED",
5650,000681147,77777,"ALUMINUM SHEET,CORRUGATED",
2925,000699550,77777,"LEAD ASSEMBLY,NUMBE",
6810,000700878,12542,"SODIUM PHOSPHATE,MONOBASIC,MONOH",
4430,000701407,77777,"LEAD,WATER COOLED",
1560,000704574,77777,"BALLAST,LEAD",
1560,000705933,77777,LEAD EDGE ASSEMBLY,
9530,000711215,77777,"NICKEL ROD,COLD DRAWN",
6810,000714686,11846,"SODIUM PHOSPHATE,DIBASIC,ANHYDRO",
9540,000736098,77777,"ALUMINUM,CORRUGATED",
9540,000736100,77777,"ALUMINUM,I-BEAM",
9540,000736101,77777,ALUMINUM I-BEAM,
9535,000736113,77777,"COPPER,SULPHATE",
9535,000736157,77777,"SHIM STOCK,COPPER",
3439,000738677,29723,"SOLDER,ZINC ALLOY",
3439,000738678,29723,"SOLDER,ZINC ALLOY",
6640,000743339,77777,COPPER STRIP CORROSION STANDARDS,
3439,000744120,04987,"SOLDER,TIN ALLOY",
3439,000744121,04986,"SOLDER,LEAD-TIN ALLOY",
6810,000744251,23472,LEAD SUBACETATE,
5120,000749595,77777,"LEAD E,TRACTOR",
9620,000759820,16122,"GRAPHITE,DRY",
9620,000759821,16122,"GRAPHITE,DRY",
9620,000759823,16122,"GRAPHITE,DRY",
9150,000761580,14944,"GREASE,GRAPHITE",
6105,000764028,77777,LEAD AND CONNECTOR,
9545,000767261,10905,SILVER SHEET,
4935,000770030,77777,LEAD DISCRET BOX,
3439,000771404,04985,"SOLDER,LEAD ALLOY",
3439,000771405,04986,"SOLDER,LEAD-TIN ALLOY",
3439,000771416,15661,"BRAZING ALLOY,SILVER",
3439,000771417,15661,"BRAZING ALLOY,SILVER",
3439,000771418,15661,"BRAZING ALLOY,SILVER",
2920,000771743,77777,"LEAD,WIRE",
6505,000799059,30852,"CODEINE PHOSPHATE,ASPIRIN,CAFFEI",
6810,000812167,12595,ANTIMONY,
3439,000813051,04986,"SOLDER,LEAD-TIN ALLOY",
3439,000813052,04987,"SOLDER,TIN ALLOY",
6810,000813996,11645,"COBALT NITRATE,HEXAHYDRATE",
2925,000816835,77777,"LEAD,IGNITER PLUG",
6810,000833669,28808,TRIBUTYL PHOSPHATE,
8010,000836745,77777,"PAINT,ALUMINUM,SELF",
5841,000839158,77777,"BLOCK,TUBE LEAD",
5820,000846386,77777,"STRIP,TINNED COPPER",
6150,000847571,16129,"LEAD,STORAGE BATTERY",
3439,000860203,04986,"SOLDER,LEAD-TIN ALLOY",
3439,000860204,04986,"SOLDER,LEAD-TIN ALLOY",
6150,000862546,16129,"LEAD,STORAGE BATTERY",
1015,000882573,77777,LEAD AND DIODE ASSEMBLY,2350-756-8497
6810,000885528,12574,"ZINC NITRATE,HEXAHYDRATE",
6810,000885674,11955,LEAD MONOXIDE,
3439,000888768,04987,"SOLDER,TIN ALLOY",
1450,000894367,77777,"TIN,STACKING",
1560,000922406,77777,"SHEET,ALUMINUM ALLOY",ACFT MODEL C-47
6610,000927371,77777,"INDEX,ALUMINUM ALL",
1270,000967191,61057,"SIGHT,LEAD COMPUTING,AUTOMATIC",
1560,000980219,77777,"SCREW,FLAP ACTUATOR LEAD",
2925,000984034,77777,"LEAD ASSEMBLY,HIGH TENSION",AIRCRAFT AUXILARY PWR UNIT
2925,000984165,77777,"LEAD ASY,SPARK PLUG",
6105,000985247,77777,LEAD GROMMET,
6150,001013940,16129,"LEAD,STORAGE BATTERY",
2920,001017989,77777,"LEAD ASSY,STARTER",
2920,001018009,77777,"LEAD ASSY,STARTER",
2925,001027700,77777,"LEAD ASSEMBLY,SPARK PLUG",
1270,001037299,61057,"SIGHT,LEAD COMPUTING,AUTOMATIC",
6810,001041893,20445,MAGNESIUM OXIDE,
2590,001044426,77777,"LEAD AND ROLLER,HORN","INTERNATIONAL HARVESTER TRUCK,UMP 20 TON,MODEL F-5-7-"
7510,001050091,15848,"LEAD,PENCIL,COLORED",
7510,001050092,15848,"LEAD,PENCIL,COLORED",
7510,001050093,15848,"LEAD,PENCIL,COLORED",
7510,001050094,15848,"LEAD,PENCIL,COLORED",
7510,001050095,15848,"LEAD,PENCIL,COLORED",
6150,001050144,16129,"LEAD,STORAGE BATTERY",
6850,001050586,77777,COPPER PLATING SOLUTION,
3439,001055266,04987,"SOLDER,TIN ALLOY",
6810,001055776,24423,TITANIUM,
7520,001058826,16737,"LEAD REPOINTER,PENCIL",
6505,001058900,10287,ALUMINUM HYDROXIDE GEL,
3439,001059133,04985,"SOLDER,LEAD ALLOY",
3439,001059134,04987,"SOLDER,TIN ALLOY",
6740,001066800,77777,"PRINTER,DRY-SILVER",
9660,001069432,32790,"SILVER,RECLAIMED",
2805,001074139,77777,"LEAD,PRIMARY",
1080,001081654,77777,"STAKE,CAMOUFLAGE,ALUMINUM,WOODLA",
6505,001104000,66644,BISMUTH SUBCARBONATE,
3439,001106350,15661,"BRAZING ALLOY,SILVER",
3439,001106351,15661,"BRAZING ALLOY,SILVER",
3439,001106352,15661,"BRAZING ALLOY,SILVER",
3439,001106353,15661,"BRAZING ALLOY,SILVER",
3439,001107151,04987,"SOLDER,TIN ALLOY",
6505,001108400,48270,ALUMINUM ACETATE TABLETS FOR TOP,
1270,001114649,77777,"AMPLIFIER,LEAD AND LAUNCH COMPUT",
6615,001132253,77777,"COVER,LEAD",
6150,001135678,16129,"LEAD,STORAGE BATTERY",
6505,001139295,09473,CHLOROQUINE PHOSPHATE TABLETS,
6505,001139310,09473,CHLOROQUINE PHOSPHATE TABLETS,
2920,001142945,77777,"RECTIFIER AND LEAD ASSEMBLY,ALTE",
2920,001143370,77777,"RECTIFIER AND LEAD ASSEMBLY,ALTE",LEECE-NEVILLE CO ATERNATOR PART NO. A0012184AC
1005,001154442,77777,SWITCH AND LEAD AS,
2920,001165266,77777,TERMINAL AND LEAD,
6505,001176450,09473,CHLOROQUINE PHOSPHATE TABLETS,
6505,001181160,09162,INSULIN ZINC SUSPENSION,
1220,001181944,77777,"CONTROL,GYROSCOPE,LEAD COMPUTING",
6505,001182347,48235,ASPIRIN AND CODEINE PHOSPHATE TA,
5895,001182874,77777,"RIBBON,SILVER",COLLINS RADIO MODEL RF TUNING COIL
6150,001183155,16129,"LEAD,STORAGE BATTERY",
6150,001183156,16129,"LEAD,STORAGE BATTERY",
3439,001215443,04987,"SOLDER,TIN ALLOY",
6150,001219065,16129,"LEAD,STORAGE BATTERY",
6740,001226667,77777,"WHEEL,GRAPHITE","LOGETRONICS INC CONTACT PRINTER MARK II AND MARK IV,CONTACT PRINTER/ENLARGER MARK II R5,R5A,AND R5B,AND AUTOMATIC ROLL PAPER TRANSPORT MODEL RPT"
1560,001228331,77777,"SEAL,LEAD,SLAT NO.3",
6510,001229371,30530,"PAD,PETROLATUM AND BISMUTH TRIBR",
7510,001236785,77777,PENCIL LEAD CLEANER,
2590,001241410,77777,LEAD AND DIODE ASSEMBLY,
6505,001261000,38932,MAGNESIUM CARBONATE,
6505,001262000,20445,MAGNESIUM OXIDE,
6505,001263020,10568,MAGNESIUM SULFATE,
6505,001265100,28034,MAGNESIUM SULFATE INJECTION,
6150,001270041,77777,"LEAD,CONNECTOR",AN/TPS-43
9525,001273696,77777,"WIRE,NICKEL COBALT",
6150,001280081,16129,"LEAD,STORAGE BATTERY",
6810,001302683,77777,"ALUMINUM OXIDE,ANALYTICAL REAGEN",
6150,001320489,16129,"LEAD,STORAGE BATTERY",
6150,001320490,16129,"LEAD,STORAGE BATTERY",
6150,001320491,16129,"LEAD,STORAGE BATTERY",
8010,001322862,77777,"PAINT,ALUMINUM",
6140,001334886,77777,"LEAD ASSEMBLY,IGNITION",
6150,001350262,16129,"LEAD,STORAGE BATTERY",
6150,001362324,16129,"LEAD,STORAGE BATTERY",
6610,001367523,77777,"CONNECTOR LEAD,INDI",
1430,001370323,77777,"RETAINER,PITCH LEAD",
1430,001370325,77777,"RETAINER,ROLL LEAD",
1430,001370326,77777,"BRACKET,ROLL LEAD",
1420,001373880,77777,"LEAD SET,MEMORY PRO",
6810,001375000,11794,"POTASSIUM PHOSPHATE,MONOBASIC",
6150,001377008,16129,"LEAD,STORAGE BATTERY",
6605,001379916,77777,INDIUM FOIL,
6605,001379917,77777,INDIUM FOIL,
6605,001379919,77777,INDIUM FOIL,A-7 AIRCRAFT
5821,001382694,77777,"LEAD ASSEMBLY,SPECIAL",
2835,001388995,77777,"LEAD,GAS TURBINE",
3439,001399214,77777,"BRAZING ALLOY,NICKEL",
6505,001404652,10717,"SILVER PROTEIN,MILD",
6505,001405000,11816,SILVER NITRATE,
6505,001405150,10715,SILVER NITRATE OPHTHALMIC SOLUTI,
6505,001406000,09015,"SILVER NITRATE,TOUGHENED",
6810,001410000,11819,SILVER SULFATE,
6520,001410420,32401,"CEMENT,ZINC POLYCARBOXYLATE,DENT",
3439,001418707,15659,"BRAZING ALLOY,COPPER",
6840,001450016,30323,"INSECTICIDE,ALUMINUM PHOSPHIDE",
8010,001450031,77777,"VARNISH,GRAPHITE",
6810,001450478,11816,SILVER NITRATE,
2920,001460572,77777,"LEAD,CUTOUT TO SAFE",
6505,001467200,38927,SULFURATED POTASH,
6505,001484631,31910,"ALUMINUM HYDROXIDE GEL,DRIED,AND",
8010,001487041,77777,"COATING,PHOSPHATE",
6810,001487195,32093,"SODIUM PHOSPHATE,MONOBASIC",
2815,001489458,77777,"GIMP,COPPER",
2815,001489591,77777,"BENT TUBE,COPPER",
6505,001490121,32186,"ALUMINUM HYDROXIDE GEL,DRIED,MAG",
2910,001491834,77777,"BENT TUBE,COPPER",
6810,001500500,12714,ZINC,
6505,001501000,10829,ZINC OXIDE,
6505,001501990,10830,ZINC OXIDE OINTMENT,
6505,001502000,10830,ZINC OXIDE OINTMENT,
6505,001504000,09048,ZINC SULFATE,
4931,001507908,77777,"HOLDER,TEST LEAD",USED ON RCAG EQUIPMENT
9660,001514050,32788,"PLATINUM,RECLAIMED",
2840,001523797,77777,"CLAMP,HARNESS LEAD",
6150,001523940,16129,"LEAD,STORAGE BATTERY",
6150,001523941,16129,"LEAD,STORAGE BATTERY",
3439,001534280,04987,"SOLDER,TIN ALLOY",
6620,001536291,77777,LEAD TERMINAL ASSEM,
6505,001538689,09348,HISTAMINE PHOSPHATE INJECTION,
6505,001539748,09160,INSULIN PROTAMINE ZINC SUSPENSIO,
6920,001564362,77777,"LINE,LEAD INTERMEDIATE",
6105,001566292,77777,"PARTS KIT,LEAD",M14 TRACK VEHICLE
2925,001566609,77777,"LEAD ASSEMBLY,UNIMOLD",
2925,001566615,77777,"LEAD ASSY,UNIMOLD",
1005,001575824,77777,"ADAPTER,LEAD",
6505,001595010,09570,PRIMAQUINE PHOSPHATE TABLETS,
5305,001596972,77777,"SCREW,LEAD",
5305,001596976,77777,"SCREW,LEAD",
6505,001598113,27813,"ALUMINUM HYDROXIDE GEL,MAGNESIUM",
2925,001599003,77777,RECEPTACLE AND LEAD,
3439,001603524,15661,"BRAZING ALLOY,SILVER",
2840,001616341,77777,"BRACKET,THERMOCOUPLE LEAD",ACFT ENG TF-39
7510,001616819,15847,"LEAD,PENCIL,GRAPHITE",
3439,001634346,04984,"SOLDER,BISMUTH-LEAD ALLOY",
3439,001634348,04986,"SOLDER,LEAD-TIN ALLOY",
3439,001634349,04986,"SOLDER,LEAD-TIN ALLOY",
3439,001634350,04986,"SOLDER,LEAD-TIN ALLOY",
3439,001634351,04987,"SOLDER,TIN ALLOY",
6810,001638056,12037,SILVER CHLORIDE,
6810,001638060,12542,"SODIUM PHOSPHATE,MONOBASIC,MONOH",
7510,001648865,15847,"LEAD,PENCIL,GRAPHITE",
7510,001648866,15847,"LEAD,PENCIL,GRAPHITE",
7510,001648867,15847,"LEAD,PENCIL,GRAPHITE",
7510,001648871,15848,"LEAD,PENCIL,COLORED",
7510,001648874,15848,"LEAD,PENCIL,COLORED",ADMINISTRATIVE SUPPLIES (ADMIN)
2810,001655794,77777,"SUPPORT,SPARKPLUG LEAD",ACFT ENG R1830
6615,001667054,77777,"CLAMP,ELECTRIC LEAD",
6515,001667760,77777,"LEAD SET,ELECTRODE,ELECTROMEDICA",
2930,001670450,77777,"ROD,ZINC,HEAT EXCHA",
5330,001685490,77777,"SEAL,COPPER",
1270,001686105,61057,"SIGHT,LEAD COMPUTING,AUTOMATIC",AIRCRAFT MODEL A-6E
6150,001688540,16129,"LEAD,STORAGE BATTERY",
8010,001693727,77777,"VEHICHLE,ALUMINUM",
5330,001716545,11204,CAULKING LEAD,
5220,001721468,77777,"GAGE,LEAD",
3439,001727779,04985,"SOLDER,LEAD ALLOY",
3439,001727781,04986,"SOLDER,LEAD-TIN ALLOY",
6625,001737076,77777,"TIP BODY,CLIP LEAD",
6810,001741815,11987,"NICKEL CHLORIDE,HEXAHYDRATE",
6810,001741818,12410,CHROMIUM TRIOXIDE,
6505,001742294,28034,MAGNESIUM SULFATE INJECTION,
6810,001745166,11817,"SILVER PERCHLORATE,ANHYDROUS",
6810,001745167,11811,SILVER CARBONATE,
6810,001745171,12649,"PALLADIUM SULFATE,DIHYDRATE",
6810,001745173,11718,"MAGNESIUM IODIDE,OCTAHYDRATE",
6750,001745456,12610,"CHROMIUM POTASSIUM SULFATE,DODEC",
6810,001746583,28860,MAGNESIUM,
6810,001746584,28860,MAGNESIUM,
6810,001746589,12706,TELLURIUM,
6505,001747097,28576,"SILVER PROTEIN,MILD,SOLUTION",
5305,001755109,77777,"SCREW,LEAD ATTACK",
2920,001759630,77777,"LEAD ASSY,GLOW PLUG",
5820,001760146,77777,"BAND,SILVER",
2920,001778124,77777,"TERMINAL,LEAD IGNIT",
6150,001778326,16129,"LEAD,STORAGE BATTERY",
1560,001794228,77777,"PATCH,ALUMINUM AIRC",
1560,001794230,77777,"PATCH,ALUMINUM AIRC",
1560,001794232,77777,"PATCH,ALUMINUM AIRC",
5315,001799553,77777,TIN,
6850,001799739,77777,"BRUSH PLATING SOLUTION,COPPER",
6850,001799741,77777,"BRUSH PLATING SOLUTION,NICKEL",
6850,001799743,77777,"BRUSH PLATING SOLUTION,SILVER",
6850,001799744,77777,"BRUSH PLATING SOLUTION,LEAD ALLO",
3439,001805084,15658,"BRAZING ALLOY,ALUMINUM",
6615,001816329,77777,HAIRSPRING AND LEAD,
6615,001816330,77777,HAIRSPRING AND LEAD,
6520,001817735,13340,"CEMENT,ZINC OXIDE AND EUGENOL,DE",
6520,001817736,13340,"CEMENT,ZINC OXIDE AND EUGENOL,DE",
4470,001828872,77777,LEAD SCREW,
4470,001828874,77777,LEAD SCREW,
2040,001835930,77777,"LEAD,SEALING",MARINE HARDWARE AND HULL ITEMS
9650,001848091,77777,COPPER ALLOY INGOT,
9650,001848093,16065,LEAD PIG,
9650,001848456,32122,"INGOT,ZINC ALLOY",
3439,001848945,15661,"BRAZING ALLOY,SILVER",
3439,001848948,15661,"BRAZING ALLOY,SILVER",
3439,001848952,15661,"BRAZING ALLOY,SILVER",
3439,001848956,04985,"SOLDER,LEAD ALLOY",
3439,001848959,04985,"SOLDER,LEAD ALLOY",
6150,001853071,16129,"LEAD,STORAGE BATTERY",
6150,001853092,16129,"LEAD,STORAGE BATTERY",
6150,001853100,16129,"LEAD,STORAGE BATTERY",
7510,001873851,15848,"LEAD,PENCIL,COLORED",
3439,001886983,15659,"BRAZING ALLOY,COPPER",
3439,001886984,15659,"BRAZING ALLOY,COPPER",
3439,001886988,04985,"SOLDER,LEAD ALLOY",
6150,001888337,16129,"LEAD,STORAGE BATTERY",
2910,001888977,77777,"BALL,ALUMINUM,CARBU",
6150,001896100,16129,"LEAD,STORAGE BATTERY",
6150,001919566,16129,"LEAD,STORAGE BATTERY",
5826,001923850,77777,"LEAD ASSEMBLY,SENSE",
6150,001926354,16129,"LEAD,STORAGE BATTERY",
9650,001941431,06919,LEAD SHOT,
4030,001952190,77777,"SLEEVE,ALUMINUM",
1730,001967117,77777,"LINK,ALUMINUM,SLING","U/O PART NO. 1C2613G3,SLING,AIRCRAFT,MAIN"
2920,001981041,77777,IGNITION LEAD,
6685,001983364,77777,"LEAD ASSEMBLY,CYLINDER","AIRCRAFT,T28"
3439,001983406,04986,"SOLDER,LEAD-TIN ALLOY",
6505,001985475,29919,ZINC SULFATE OPHTHALMIC SOLUTION,
9650,002001338,06919,LEAD SHOT,
6505,002001570,10717,"SILVER PROTEIN,MILD",
6810,002011802,11987,"NICKEL CHLORIDE,HEXAHYDRATE",
6810,002013062,23477,NICKEL SULFATE,
3439,002013866,04987,"SOLDER,TIN ALLOY",
6510,002031175,00269,"PAD,COPPER SULFATE IMPREGNATED",
9650,002040221,06919,LEAD SHOT,
3439,002042546,04987,"SOLDER,TIN ALLOY",
3439,002042555,15659,"BRAZING ALLOY,COPPER",
9620,002042643,16122,"GRAPHITE,DRY",
9545,002043055,10905,SILVER SHEET,
6810,002049275,12593,"AMMONIUM PHOSPHATE,DIBASIC",
6505,002077908,25333,BISMUTH SUBNITRATE COMPOUND OINT,
4920,002082973,77777,"TEST COVER,GYRO LEAD COMPUTER",F5E ACFT
6810,002086759,20943,TRICRESYL PHOSPHATE,
6810,002091344,11794,"POTASSIUM PHOSPHATE,MONOBASIC",
5895,002099270,77777,"TERMINAL,LEAD",
1220,002104069,77777,"SPACER,ALUMINUM",
4130,002113695,77777,"COIL,ALUMINUM",
1270,002116866,77777,"COUNTERWEIGHT,LEAD",
1270,002116935,77777,"DIAL,FRONT ALUMINUM",
3426,002128055,77777,"PLATER,ZINC,RAPID",
2040,002136334,77777,LEAD LINE,
2920,002166138,77777,"LEAD ASSEMBLY,SHIELD",
6520,002172631,13339,"CEMENT,COPPER AND ZINC PHOSPHATE",
4310,002184021,77777,"RING,ZINC",
6760,002205541,77777,SWITCH AND LEAD,
4935,002205880,77777,"LEAD ASSY,TEST",
5995,002209512,77777,"LEAD ASSY,ELECTRICA",
5995,002209513,77777,"LEAD ASSY,ELECTRICA",
5995,002209515,77777,"LEAD ASSY,ELECTRICA",
5120,002211668,05677,"PRESS,LEAD SEAL,HAND",
3815,002212216,06100,"LEAD SECTION,LOWER,PILE DRIVER",
3815,002212217,06101,"LEAD SECTION,TOP,PILE DRIVER",
6520,002213364,30521,SILVER ALLOY POWDER AND MERCURY,
6505,002213415,10126,ALUMINUM HYDROXIDE GEL WITH MAGN,
6810,002214725,24036,"SODIUM PHOSPHATE,TRIBASIC",
1560,002225452,77777,"LEAD ASSEMBLY,CYLIN",
1560,002225594,77777,"LEAD ASSEMBLY,EXHAUST",AIRCRAFT MODEL F86
9630,002228019,77777,TUNGSTEN,
4510,002228217,77777,LEAD SINK,
9620,002234386,16122,"GRAPHITE,DRY",
7510,002236690,15847,"LEAD,PENCIL,GRAPHITE",
7510,002236691,15848,"LEAD,PENCIL,COLORED",
7510,002236692,15848,"LEAD,PENCIL,COLORED",
7510,002236693,15848,"LEAD,PENCIL,COLORED",
7510,002236694,15848,"LEAD,PENCIL,COLORED",
7510,002236695,15848,"LEAD,PENCIL,COLORED",
5120,002239010,05677,"PRESS,LEAD SEAL,HAND",
2920,002243010,77777,"LEAD,IGNITER PLUG",
3439,002243561,15661,"BRAZING ALLOY,SILVER",
3439,002243562,04985,"SOLDER,LEAD ALLOY",
3439,002243566,04987,"SOLDER,TIN ALLOY",
3439,002243567,04987,"SOLDER,TIN ALLOY",
3439,002243574,15661,"BRAZING ALLOY,SILVER",
3439,002243578,04985,"SOLDER,LEAD ALLOY",
3439,002243580,15661,"BRAZING ALLOY,SILVER",
1270,002244642,77777,"SUPPORT,LEAD,ELECTR",
5120,002247592,05677,"PRESS,LEAD SEAL,HAND",
9650,002248474,32113,"INGOT,TIN ALLOY",
9650,002248929,06919,LEAD SHOT,
5120,002249920,06165,LEAD JOINT RUNNER,
5120,002249925,06165,LEAD JOINT RUNNER,
6505,002257933,28176,"INSULIN ZINC SUSPENSION,PROMPT",
6130,002259980,77777,"RECTIFIER,SILICON",
5995,002261709,77777,LEAD ASSEMBLY ELECT,
3439,002263701,04985,"SOLDER,LEAD ALLOY",
6810,002270411,11717,"MAGNESIUM CHLORIDE,HEXAHYDRATE",
5820,002276542,77777,LEAD IN KIT,VEHICULAR INSTALLATION UNITS
6150,002278809,16129,"LEAD,STORAGE BATTERY",
6930,002279104,77777,"SIGHT,OPTICAL DISPLAY;LEAD COMPU",
1730,002287739,77777,"LEAD SCREW,PLATFORM,EMPENNAGE",
5305,002294902,77777,"SCREW,LEAD BALL",
2520,002310106,77777,"BUMPER,ALUMINUM",
7510,002316846,15847,"LEAD,PENCIL,GRAPHITE",
6150,002316916,16129,"LEAD,STORAGE BATTERY",
2590,002317453,77777,LEAD AND RING ASSEMBLY,
6810,002330126,11816,SILVER NITRATE,
9620,002336711,16122,"GRAPHITE,DRY",
6810,002337702,12641,"MAGNESIUM PERCHLORATE,ANHYDROUS",
6810,002348361,12593,"AMMONIUM PHOSPHATE,DIBASIC",
6810,002348376,11847,"SODIUM PHOSPHATE,DIBASIC,HEPTAHY",
2590,002351721,77777,"LEAD ASSEMBLY,ELECT",
2590,002351722,77777,"LEAD ASSEMBLY,ELECT",
2590,002351723,77777,"LEAD ASSEMBLY,ELECT",
9150,002355568,14944,"GREASE,GRAPHITE",
6810,002360087,12375,"ALUMINUM CHLORIDE,ANHYDROUS,REAG",
6505,002368951,33357,CODEINE PHOSPHATE AND ACETAMINOP,
6150,002379981,16129,"LEAD,STORAGE BATTERY",
4920,002388248,77777,WIRE LEAD ASSEMBLY,
3439,002392925,77777,"SOLDER,COPPER",
3439,002392939,04987,"SOLDER,TIN ALLOY",
8010,002395724,15746,RED LEAD,
8010,002395725,15746,RED LEAD,
6150,002395972,16129,"LEAD,STORAGE BATTERY",
6150,002395974,16129,"LEAD,STORAGE BATTERY",
6150,002395981,16129,"LEAD,STORAGE BATTERY",
3439,002398506,04984,"SOLDER,BISMUTH-LEAD ALLOY",
6810,002404110,24019,CHROMIUM SULFATE,
6810,002404115,12567,"ZINC,TECHNICAL",
6505,002405363,31910,"ALUMINUM HYDROXIDE GEL,DRIED,AND",
9650,002406842,16084,ZINC SLAB,
9650,002406847,32095,"INGOT,ALUMINUM ALLOY",
9650,002406850,32095,"INGOT,ALUMINUM ALLOY",
9650,002406860,32113,"INGOT,TIN ALLOY",
9650,002406862,32113,"INGOT,TIN ALLOY",
9650,002406863,32113,"INGOT,TIN ALLOY",
7510,002408444,15847,"LEAD,PENCIL,GRAPHITE",
6810,002408467,12584,"ALUMINUM OXIDE,ANHYDROUS",
6810,002408471,12455,MANGANESE DIOXIDE,
5210,002409766,77777,"GAGE,CRANK LEAD",
6810,002411117,12455,MANGANESE DIOXIDE,
6810,002411119,12448,"LITHIUM SULFATE,MONOHYDRATE",
6810,002411120,11957,"LEAD OXIDE,RED",
6810,002411133,77777,"BISMUTH NITRATE,PENTAHYDRATE,ACS",
6810,002411139,12714,ZINC,
6810,002411157,10829,ZINC OXIDE,
6810,002411163,11965,"MAGNESIUM SULFATE,ANHYDROUS",
6810,002411181,11990,"NICKEL NITRATE,HEXAHYDRATE",
6810,002411185,25712,"MAGNESIUM NITRATE,HEXAHYDRATE",
6810,002411186,23491,TIN,
6810,002411187,12410,CHROMIUM TRIOXIDE,
6810,002411201,23460,"ALUMINUM CHLORIDE,ANHYDROUS",
5365,002412336,77777,"SPACER,LEAD,STATOR",
6505,002414374,48270,ALUMINUM ACETATE TABLETS FOR TOP,
3439,002423489,04987,"SOLDER,TIN ALLOY",
4920,002426209,77777,"TOOL,BENDING,LEAD",
7510,002427367,15847,"LEAD,PENCIL,GRAPHITE",
6150,002428125,16129,"LEAD,STORAGE BATTERY",
3439,002431882,04985,"SOLDER,LEAD ALLOY",
3439,002431887,04985,"SOLDER,LEAD ALLOY",
3439,002431888,04985,"SOLDER,LEAD ALLOY",
3439,002431889,04985,"SOLDER,LEAD ALLOY",
3439,002431891,04986,"SOLDER,LEAD-TIN ALLOY",
6810,002434434,11816,SILVER NITRATE,
6810,002435695,12143,TITANIUM TETRACHLORIDE,
8010,002439265,15746,RED LEAD,
6810,002439328,12717,"ZINC SULFATE,HEPTAHYDRATE",
8010,002440701,15746,RED LEAD,
9650,002441848,06919,LEAD SHOT,
9620,002446485,16122,"GRAPHITE,DRY",
6150,002453989,16129,"LEAD,STORAGE BATTERY",
6150,002454461,16129,"LEAD,STORAGE BATTERY",
6810,002470610,12715,ZINC CHLORIDE,
5120,002472624,77777,"TONGS,COPPER",
9650,002473655,32114,"INGOT,TIN-BRONZE",
9650,002473656,32116,"INGOT,TIN-BRONZE,LEADED",
9650,002473661,32096,"INGOT,ALUMINUM-BRONZE",
9630,002473662,16099,PHOSPHOR COPPER DEOXIDIZING ADDI,
6810,002474313,11955,LEAD MONOXIDE,
8010,002474318,15746,RED LEAD,
3439,002476926,15661,"BRAZING ALLOY,SILVER",
3439,002476927,15661,"BRAZING ALLOY,SILVER",
3439,002476928,04985,"SOLDER,LEAD ALLOY",
3439,002476931,04987,"SOLDER,TIN ALLOY",
3439,002476932,04985,"SOLDER,LEAD ALLOY",
3439,002476933,04987,"SOLDER,TIN ALLOY",
3439,002476938,04985,"SOLDER,LEAD ALLOY",
3439,002476958,04985,"SOLDER,LEAD ALLOY",
3439,002476959,04985,"SOLDER,LEAD ALLOY",
3439,002476961,04985,"SOLDER,LEAD ALLOY",
3439,002476972,04985,"SOLDER,LEAD ALLOY",
2920,002481082,77777,RELAY AND LEAD ASSEMBLY,23200897264
6150,002496907,16129,"LEAD,STORAGE BATTERY",
6150,002496911,16129,"LEAD,STORAGE BATTERY",
3439,002500062,04985,"SOLDER,LEAD ALLOY",
9650,002508032,16080,TIN PIG,
9650,002508033,32113,"INGOT,TIN ALLOY",
4940,002510636,77777,"BULLET,LEAD HOLE PE",
6150,002512476,16129,"LEAD,STORAGE BATTERY",
9620,002517823,16122,"GRAPHITE,DRY",
6150,002522316,16129,"LEAD,STORAGE BATTERY",
5110,002534760,77777,"LEAD CUTTER,TRANSISTOR",
7510,002544530,15848,"LEAD,PENCIL,COLORED",
9650,002550543,32116,"INGOT,TIN-BRONZE,LEADED",
3439,002558803,15658,"BRAZING ALLOY,ALUMINUM",
9620,002560642,16122,"GRAPHITE,DRY",
6505,002565192,31691,ALUMINUM AND ZINC OXIDE PASTE,
2590,002565534,77777,"LEAD,CONTROL BOX GROUND",
3439,002568234,04985,"SOLDER,LEAD ALLOY",
3439,002568238,77777,"BRAZING ALLOY,NICKEL",
3439,002568239,77777,"BRAZING ALLOY,NICKEL",
6150,002582335,16129,"LEAD,STORAGE BATTERY",
9650,002615808,32100,"INGOT,LEAD ALLOY",
3439,002624174,15659,"BRAZING ALLOY,COPPER",
3439,002624179,15661,"BRAZING ALLOY,SILVER",
3439,002624180,15661,"BRAZING ALLOY,SILVER",
3439,002624182,15661,"BRAZING ALLOY,SILVER",
3439,002624184,15661,"BRAZING ALLOY,SILVER",
3439,002624185,15661,"BRAZING ALLOY,SILVER",
3439,002624186,15661,"BRAZING ALLOY,SILVER",
3439,002624187,15661,"BRAZING ALLOY,SILVER",
3439,002624189,15661,"BRAZING ALLOY,SILVER",
3439,002624192,15661,"BRAZING ALLOY,SILVER",
3439,002624193,15661,"BRAZING ALLOY,SILVER",
3439,002624196,15661,"BRAZING ALLOY,SILVER",
3439,002624197,15661,"BRAZING ALLOY,SILVER",
3439,002624199,15661,"BRAZING ALLOY,SILVER",
3439,002624200,15661,"BRAZING ALLOY,SILVER",
3439,002624201,15661,"BRAZING ALLOY,SILVER",
3439,002624202,15661,"BRAZING ALLOY,SILVER",
3439,002624203,15659,"BRAZING ALLOY,COPPER",
3439,002624204,15658,"BRAZING ALLOY,ALUMINUM",
3439,002624205,15658,"BRAZING ALLOY,ALUMINUM",
3439,002624210,15659,"BRAZING ALLOY,COPPER",
3439,002624211,15659,"BRAZING ALLOY,COPPER",
3439,002624212,15659,"BRAZING ALLOY,COPPER",
3439,002624213,15659,"BRAZING ALLOY,COPPER",
3439,002624214,15659,"BRAZING ALLOY,COPPER",
6810,002628562,12633,"LEAD ACETATE,TRIHYDRATE",
6810,002628576,11592,ARSENIC TRIOXIDE,
9545,002643028,10905,SILVER SHEET,
6810,002643939,12410,CHROMIUM TRIOXIDE,
6750,002645872,12587,"ALUMINUM POTASSIUM SULFATE,DODEC",
6810,002646515,12372,"ALUMINUM AMMONIUM SULFATE,DODECA",
6810,002646517,12410,CHROMIUM TRIOXIDE,
6810,002646634,12634,LEAD DIOXIDE,
6810,002646706,11700,"INDIUM SULFATE,ANHYDROUS",
6810,002646718,12571,"ZINC CHLORIDE,TECHNICAL",
6810,002647868,12714,ZINC,
6810,002648946,11872,"TITANIUM POTASSIUM OXALATE,DIHYD",
6810,002648951,11607,BISMUTH OXYIODIDE,
3439,002657099,15661,"BRAZING ALLOY,SILVER",
3439,002657102,04985,"SOLDER,LEAD ALLOY",
9630,002673234,16101,SILICON-MANGANESE ALLOYING ADDIT,
9630,002673242,16099,PHOSPHOR COPPER DEOXIDIZING ADDI,
9630,002674164,16098,NICKEL ALLOYING ADDITIVE,
9630,002674165,16098,NICKEL ALLOYING ADDITIVE,
9630,002674169,16099,PHOSPHOR COPPER DEOXIDIZING ADDI,
9650,002674184,16121,MAGNESIUM STICK,
8010,002694619,77777,"THINNER,ALUMINUM PAINT",
6150,002698447,16129,"LEAD,STORAGE BATTERY",
3439,002699611,04986,"SOLDER,LEAD-TIN ALLOY",
6810,002703226,11890,"ALUMINUM NITRATE,NONAHYDRATE",
6810,002703255,12491,"POTASSIUM PHOSPHATE,DIBASIC,ANHY",
6810,002703257,12568,"ZINC ACETATE,DIHYDRATE",
6810,002703263,12644,"MANGANESE SULFATE,MONOHYDRATE",
3439,002703771,15661,"BRAZING ALLOY,SILVER",
5420,002704938,14114,"REPAIR EQUIPMENT,ALUMINUM FLOATI",5420-267-0011
6810,002706205,11720,"MAGNESIUM SULFATE,HEPTAHYDRATE",
6810,002708187,12641,"MAGNESIUM PERCHLORATE,ANHYDROUS",
6810,002711401,12413,COPPER,
9150,002727652,14944,"GREASE,GRAPHITE",
7510,002729820,15847,"LEAD,PENCIL,GRAPHITE",
4470,002731831,77777,"SCREW ASSEMBLY,LEAD",
4470,002731858,77777,LEAD SCREW ASSEMBLY,
1610,002746923,77777,"LEAD,BRANCHED,ELECTRICAL",
9650,002751190,06919,LEAD SHOT,
6810,002758140,11961,"MAGNESIUM CARBONATE,BASIC,TRIHYD",
9620,002767901,16122,"GRAPHITE,DRY",
3439,002776572,15658,"BRAZING ALLOY,ALUMINUM",
3439,002776573,15658,"BRAZING ALLOY,ALUMINUM",
3439,002776574,15658,"BRAZING ALLOY,ALUMINUM",
9650,002778332,32113,"INGOT,TIN ALLOY",
9650,002778333,32113,"INGOT,TIN ALLOY",
9650,002781522,32100,"INGOT,LEAD ALLOY",
1270,002790275,77777,"GYRO,LEAD COMPUTER,SIGHT","AIRCRAGT,MODEL F5E"
6150,002796973,16129,"LEAD,STORAGE BATTERY",
6150,002796974,16129,"LEAD,STORAGE BATTERY",
6150,002796975,16129,"LEAD,STORAGE BATTERY",
6150,002796977,16129,"LEAD,STORAGE BATTERY",
6150,002797877,16129,"LEAD,STORAGE BATTERY",
6150,002797929,16129,"LEAD,STORAGE BATTERY",
6150,002798043,16129,"LEAD,STORAGE BATTERY",
6150,002798071,16129,"LEAD,STORAGE BATTERY",
6150,002798075,16129,"LEAD,STORAGE BATTERY",
6150,002798083,16129,"LEAD,STORAGE BATTERY",
6150,002798099,16129,"LEAD,STORAGE BATTERY",
6150,002798101,16129,"LEAD,STORAGE BATTERY",
6150,002798106,16129,"LEAD,STORAGE BATTERY",
6150,002798114,16129,"LEAD,STORAGE BATTERY",
7510,002812143,15847,"LEAD,PENCIL,GRAPHITE",
6810,002812684,11994,"NICKEL SULFATE,HEXAHYDRATE",
6810,002814161,11717,"MAGNESIUM CHLORIDE,HEXAHYDRATE",
6810,002817455,12376,"ALUMINUM SULFATE,HYDRATED",
6810,002821218,18238,SILVER NITRATE SOLUTION,
6505,002825896,10287,ALUMINUM HYDROXIDE GEL,
1610,002836995,77777,LEAD,
5120,002837012,77777,"CUTOFF TOOL,LEAD",
7510,002855847,15847,"LEAD,PENCIL,GRAPHITE",
7510,002855853,15848,"LEAD,PENCIL,COLORED",
7510,002855856,15848,"LEAD,PENCIL,COLORED",
7510,002855865,15847,"LEAD,PENCIL,GRAPHITE",
7510,002855866,15847,"LEAD,PENCIL,GRAPHITE",
5855,002858172,77777,"PRINTED LEAD ASSEMBLY,FLEXIBLE",
9650,002886104,32099,"INGOT,COPPER-BERYLLIUM ALLOY",
9650,002886366,32099,"INGOT,COPPER-BERYLLIUM ALLOY",
6125,002897067,77777,"COVER,LEAD",
1355,002899909,77777,DELAY AND LEAD ASSY,
6810,002900050,20943,TRICRESYL PHOSPHATE,
8010,002907288,77777,"PAINT,ALUMINUM",
6810,002908695,11961,"MAGNESIUM CARBONATE,BASIC,TRIHYD",
2920,002909039,77777,"LEAD,GROUND,GENERATOR",23506785772
6810,002920897,02579,ALUMINUM STEARATE,
6810,002921121,12491,"POTASSIUM PHOSPHATE,DIBASIC,ANHY",
5110,002930248,17783,"CHISEL,LEAD PICKING",
5120,002932945,06130,"DRESSER,LEAD PIPE AND CABLE",
1680,002935389,77777,"TUBE,LEAD GUIDE",
6505,002939215,77777,"COPPER OLIATE,TETRALIN ACETONE A",
3439,002944289,04985,"SOLDER,LEAD ALLOY",
3439,002946518,04986,"SOLDER,LEAD-TIN ALLOY",
3439,002947752,15661,"BRAZING ALLOY,SILVER",
7520,002956170,16737,"LEAD REPOINTER,PENCIL",
2915,002965303,77777,LEAD ASSY,
6520,002997942,77777,ZINC DENTAL CEMENT POWDER,
6520,002997944,77777,ZINC OXIDE AND EUGENOL CEMENT LI,
6810,002998153,11846,"SODIUM PHOSPHATE,DIBASIC,ANHYDRO",
9545,002998578,10905,SILVER SHEET,
9545,002998579,10905,SILVER SHEET,
3439,003000363,15661,"BRAZING ALLOY,SILVER",
6810,003000405,77777,POTASSIUM PHOSPHATE MONOBASIC-SO,
6810,003000564,30458,SILVER OXIDE,
6130,003000733,77777,"RECTIFIER,SILICON,INERTEEN",
5995,003004663,77777,GRID LEAD ASSY,
6810,003005086,77777,POTASSIUM PHOSPHATE MONOBASIC-SO,
6810,003005168,11890,"ALUMINUM NITRATE,NONAHYDRATE",
6810,003005200,11644,"COBALT CHLORIDE,HEXAHYDRATE",
6810,003005437,24644,CESIUM CHLORIDE,
6810,003005728,11709,LANTHANUM NITRATE,
6810,003005734,12633,"LEAD ACETATE,TRIHYDRATE",
6810,003005750,28860,MAGNESIUM,
6810,003006118,11990,"NICKEL NITRATE,HEXAHYDRATE",
6810,003006140,12568,"ZINC ACETATE,DIHYDRATE",
6810,003006152,77777,ZINC STANDARD CONCENTRATE,
6810,003006156,77777,NICKEL STANDARD CONCENTRATE,
5330,003006173,77777,"SEAL,ARMATURE LEAD","SAWYER ELECTRICAL MFG CO.MODEL NO.822A,PORTABLE SUBMERSIBLE PUMP"
6810,003006178,77777,COPPER STANDARD CONCENTRATE,
6810,003006196,11645,"COBALT NITRATE,HEXAHYDRATE",
6850,003009008,18382,"CLEANING COMPOUND,ALUMINUM SURFA",
5995,003015755,77777,LEAD ASSEMBLY,
2590,003021016,77777,RESISTOR AND LEAD A,
5120,003025839,77777,"CRIMPER-OPENER,LEAD",
3439,003044965,04985,"SOLDER,LEAD ALLOY",
4470,003046535,77777,"COVER GLASS,LEAD WINDOW",
4470,003046559,77777,"COVER GLASS,LEAD WINDOW",
3439,003077333,04987,"SOLDER,TIN ALLOY",
5970,003080516,77777,"INSULATOR,LEAD",
6150,003081323,16129,"LEAD,STORAGE BATTERY",
2910,003082450,77777,"VENTURI,ZINC",
3439,003093006,04985,"SOLDER,LEAD ALLOY",
5935,003119861,77777,"ADAPTER,LEAD TEST",
9650,003126640,06919,LEAD SHOT,
6850,003127118,77777,"CATALYST,VANADIUM PENTROPIDE",
5820,003131441,77777,"SPRING,LEAD",
3439,003132229,04985,"SOLDER,LEAD ALLOY",
3439,003147409,04987,"SOLDER,TIN ALLOY",
2990,003157603,77777,"WIRE,COPPER GAGE E,",
2925,003157820,77777,LEAD,AIRCRAFT MODEL F-18
4320,003173163,77777,LEAD ASSEMBLY,
4320,003173165,77777,LEAD ASSEMBLY,
4320,003173166,77777,LEAD ASSEMBLY,
4935,003178099,77777,LEAD,
2510,003180562,77777,LEAD ASSY,
2510,003180563,77777,LEAD ASSY,
2510,003180564,77777,LEAD ASSY,
2510,003180565,77777,LEAD ASSY,
2510,003180566,77777,LEAD ASSY,
2510,003180567,77777,LEAD ASSY,
6605,003189934,77777,LEAD ASSY,
6605,003194968,77777,LEAD ASSY,
6605,003195691,77777,LEAD ASSY,
1280,003207716,77777,"LEAD,GYRO ASSY",
5365,003211246,77777,"BUSHING,LEAD ADAPTER",MOTOR PART NO. A28A8952
2995,003212302,77777,"LEAD ASSY,STARTER",
6685,003213505,77777,"LEAD ASSY,THERMOCOU",
6685,003226556,77777,LEAD,
6685,003226656,77777,LEAD,
6150,003229432,16129,"LEAD,STORAGE BATTERY",
1350,003242748,77777,"CATALYST,PALLADIUM",
5110,003249375,21931,"CUTTER,SOFT LEAD",
5975,003256619,77777,"BAND,COPPER",
2925,003264535,77777,"LEAD ASSEMBLY,MAGNETO",ENGINE MODEL R1820-82A
5365,003265378,77777,"RING,GRAPHITE",A-2 02 CONVERTER
2925,003266165,77777,"LEAD ASSEMBLY,DRIP VALVE","ENGINE,ACFT TURBOPROP MODEL T56-9C"
2925,003280276,77777,"LEAD,POWER CABLE,ST",
6150,003283992,16129,"LEAD,STORAGE BATTERY",
6620,003290501,77777,"TERMINAL,SILVER PLA",
6685,003290598,77777,"LEAD ASSY,THERMOCOU",
6620,003290600,77777,"LEAD ASSY,ANALYZER",
6115,003294031,77777,"LEAD ASSEMBLY,ELECT",
6620,003347194,77777,"LEAD ASSY,ELECTRICA",
6605,003349184,77777,LEAD SCREW,
1560,003357737,77777,"LEAD ASSY,HEAD TEMP",
2815,003371873,77777,"PLATE,ZINC",
6610,003375483,77777,"CLIP,ALUMINUM",
5342,003375484,77777,"CLIP,ALUMINUM",
5342,003375485,77777,"CLIP,ALUMINUM",
6685,003380211,77777,"LEAD ASSEMBLY,THERMOCOUPLE",
5915,003422869,77777,"FILTER,WIRE LEAD NOISE",
5342,003433234,77777,"BRACKET,IGNITER PLUG LEAD",
1560,003441621,77777,"NOSE,UPPER FIN LEAD",
6150,003442670,16129,"LEAD,STORAGE BATTERY",
6810,003444702,77777,"SILVER OXIDE,TECHNICAL",
6150,003457917,16129,"LEAD,STORAGE BATTERY",
9545,003458378,10905,SILVER SHEET,
1355,003489496,77777,FAIR LEAD,
5995,003494317,77777,"LEAD,SPECIAL PURPOSE",
6810,003497198,20943,TRICRESYL PHOSPHATE,
9150,003497443,11107,"GRAPHITE,COLLOIDAL",
4920,003500230,77777,"BLOCK,CHECKING LEAD",
4820,003512804,77777,"RING,STOP,ALUMINUM",
5840,003523889,77777,GRID LEAD,AM-1347/FPS-20
2910,003546289,77777,"BENT TUBE,COPPER",
5961,003570237,77777,SILICON BRIDGE ASSY,
3439,003577808,04987,"SOLDER,TIN ALLOY",
1680,003580635,77777,TERMINAL AND LEAD A,
8010,003603369,77777,"PAINT,ZINC",
3439,003633911,04986,"SOLDER,LEAD-TIN ALLOY",
2815,003643387,77777,"BENT TUBE,COPPER",
2930,003646625,77777,PACKING WITH ZINC,
1680,003678422,77777,"TUBE,LEAD GUIDE",
9150,003684023,14944,"GREASE,GRAPHITE",
3439,003688536,15659,"BRAZING ALLOY,COPPER",
1005,003689635,77777,"LEAD,LINE NO 1",
1005,003689636,77777,"LEAD,LINE NO 2",
6620,003691916,77777,"FLOAT,ALUMINUM",
2920,003698461,77777,"LEAD,BREAKER ASSEMB",
2925,003709673,77777,"GUIDE,PRIMARY LEAD",
1680,003710557,77777,LEAD SCREW ASSEMBLY,ACFT MODEL S-3A
1680,003710944,77777,"SUPPORT,LEAD SCREW",
1325,003714351,77777,"SPONGE,ZIRCONIUM PARTICLE",
5340,003719733,77777,"SEAL,LEAD",
3439,003723741,15661,"BRAZING ALLOY,SILVER",
4820,003725352,77777,"CHAMBER,LEAD-LAG,VALVE",
6605,003739755,77777,LEAD ASSEMBLY,"P/N4005093&924,FSCM 07187"
6110,003756098,77777,"REGULATOR,SILVER ST",
4730,003757837,77777,"FITTING,ZINC,LINED",
6150,003758786,16129,"LEAD,STORAGE BATTERY",
4420,003780081,77777,"COVER,ZINC SUPPORT",
6150,003792630,16129,"LEAD,STORAGE BATTERY",
1010,003810087,77777,"SCREW,LEAD",
1210,003815324,77777,"WIRE,SILVER PLATED",
5305,003817348,77777,"SCREW,LEAD",
5305,003817383,77777,"SCREW,LEAD",
1240,003820580,77777,"COVER,ALUMINUM",
1265,003824584,77777,"HUB,LEAD ANGLE",
2930,003837791,77777,"BENT TUBE,COPPER",
5330,003838148,77777,"GASKET,ZINC COVER",
5330,003838149,77777,"GASKET,ZINC COVER",
5330,003838151,77777,"GASKET,ZINC COVER",
5330,003838152,77777,"GASKET,ZINC COVER",
5330,003838154,77777,"GASKET,ZINC COVER",
1030,003845367,77777,"SCREW ASSEMBLY,LEAD",
1010,003847315,77777,"WIRE ASSEMBLY,LEAD",
3110,003848749,77777,"BEARING,LEAD ASSEMBLY",
6505,003888772,32186,"ALUMINUM HYDROXIDE GEL,DRIED,MAG",
1285,003889558,77777,LEAD,
5342,003898333,77777,"GRIP,COPPER FERRULE",
3432,003898334,77777,"GRIP,COPPER FERRULE",
3439,003907947,15661,"BRAZING ALLOY,SILVER",
4940,003918910,77777,"PLATE,COPPER REACTI",
5975,003932094,77777,"SLEEVING,LEAD",
6850,003943551,77777,ELECTROLESS NICKEL SOLUTION,
6850,003943552,77777,"REPLENISHER,ELECTROLESS NICKEL S",
1560,003970630,77777,"LEAD ASSEMBLY,TAILP",
6505,003972330,10126,ALUMINUM HYDROXIDE GEL WITH MAGN,
6505,003972336,10126,ALUMINUM HYDROXIDE GEL WITH MAGN,
1270,003977499,77777,"RETAINER,ALUMINUM",
1280,003981245,77777,"WEIGHT,LEAD BALANCE",
6630,003992978,77777,"PIPETTE,COPPER FILL",
6505,004002054,33357,CODEINE PHOSPHATE AND ACETAMINOP,
6150,004002951,16129,"LEAD,STORAGE BATTERY",
6150,004002952,16129,"LEAD,STORAGE BATTERY",
6150,004006366,16129,"LEAD,STORAGE BATTERY",
3439,004020967,04987,"SOLDER,TIN ALLOY",
5342,004025919,77777,"RETAINER,LEAD IN",
6630,004042750,77777,"TETRAETHYL LEAD APPARATUS,PETROL",
6605,004061628,77777,"RETAINER,FLEXIBLE LEAD",
4920,004062468,77777,"LEAD ASSEMBLY,JET I",
2920,004063406,77777,"LEAD ASSEMBLY,CONTA",
1730,004063893,77777,"SUPPORT,LEAD,PLATFO",
2920,004074982,77777,"LEAD,STARTER",
2920,004074983,77777,"LEAD,SOLENOID",
1430,004079607,77777,LEAD ANGLE,CP-682/APA157 ON F-4 AIRCRAFT
3460,004082029,77777,"CHUCK,TEST LEAD",
5895,004085004,77777,"FOLLOWER,LEAD SCREW",
5820,004085006,77777,"FOLLOWER,LEAD SCREW",
4470,004091705,77777,"CAP LEAD,ION EXCHANGER",
4470,004091706,77777,"CAP LEAD,ION EXCHANGER",
6610,004096104,77777,LEAD SCREW ASSEMBLY,
4920,004104984,77777,"ADAPTER,LEAD ATTACH",
3439,004109138,77777,"REPAIR KIT,SILVER BRAZING ALLOY",
3439,004112338,15661,"BRAZING ALLOY,SILVER",
3439,004115096,04987,"SOLDER,TIN ALLOY",
3439,004115097,04987,"SOLDER,TIN ALLOY",
3439,004117429,04984,"SOLDER,BISMUTH-LEAD ALLOY",
3439,004117467,04987,"SOLDER,TIN ALLOY",
6665,004119946,77777,"DISK,LEAD FILTER PA",
6605,004137326,77777,LEAD,
6605,004137327,77777,LEAD,
6150,004137334,77777,LEAD,
6150,004137335,77777,LEAD,
6150,004137336,77777,LEAD,
6150,004137340,77777,LEAD,
6150,004137342,77777,LEAD,
6150,004137352,77777,LEAD,
6605,004137353,77777,LEAD,
6150,004137354,77777,LEAD,
6605,004137934,77777,LEAD,
6605,004137935,77777,LEAD,
6605,004137936,77777,LEAD,
6150,004137941,77777,LEAD ASSEMBLY,
6150,004137942,77777,LEAD ASSEMBLY,
6150,004137943,77777,LEAD ASSEMBLY,
6605,004137945,77777,LEAD,
6605,004137946,77777,LEAD,
6605,004137947,77777,LEAD ASSY,
6605,004137948,77777,LEAD ASSY,
4410,004138131,77777,"BENT TUBE,ALUMINUM",
4410,004138133,77777,"BENT TUBE,ALUMINUM",
6605,004138134,77777,"BENT TUBE,ALUMINUM",
6150,004159902,16129,"LEAD,STORAGE BATTERY",
3439,004168068,77777,"LEAD SET,WELDING",IDEAL MODEL 450W SOLDERING SET
6810,004181503,23590,"SODIUM PHOSPHATE,DIBASIC,DODECAH",
6505,004190428,35417,MAGNESIUM CITRATE ORAL SOLUTION,
2925,004195822,77777,"LEAD ASSY,ELBOW,CAB",
2925,004195868,77777,"LEAD ASSEMBLY,ELBOW,CABLE",
6505,004198487,09570,PRIMAQUINE PHOSPHATE TABLETS,
4921,004201067,77777,"TEST LEAD,CONNECTOR",
6665,004212045,77777,"TEST KIT,PHOSPHATE",
7050,004219251,77777,LEAD ASSEMBLY,
2925,004225159,77777,"LEAD ASSEMBLY,ELBOW,CABLE",
3439,004226316,04987,"SOLDER,TIN ALLOY",
3439,004226327,04987,"SOLDER,TIN ALLOY",
6150,004226862,16129,"LEAD,STORAGE BATTERY",
6150,004238336,16129,"LEAD,STORAGE BATTERY",
6150,004239804,16129,"LEAD,STORAGE BATTERY",
5305,004249574,77777,"SCREW,LEAD",
6150,004292631,16129,"LEAD,STORAGE BATTERY",
6150,004309533,16129,"LEAD,STORAGE BATTERY",
2920,004316590,77777,"LEAD ASSEMBLY,ELECT",
6150,004316606,16129,"LEAD,STORAGE BATTERY",
5305,004316927,77777,"SCREW,GROUND LEAD",
6625,004321444,77777,LEAD TEST SET,
2920,004322105,77777,"LEAD,SPARK PLUG",
2920,004322106,77777,"LEAD,SPARK PLUG",
3439,004345710,04987,"SOLDER,TIN ALLOY",
3439,004352149,04987,"SOLDER,TIN ALLOY",
1660,004375070,77777,"KEEPER,HOSE TO ELECTRICAL LEAD",
6850,004376583,77777,NICKEL SULFAMATE CONCENTRATE,
3439,004381328,04986,"SOLDER,LEAD-TIN ALLOY",
3439,004386290,04987,"SOLDER,TIN ALLOY",
3439,004386292,04987,"SOLDER,TIN ALLOY",
3439,004386293,04987,"SOLDER,TIN ALLOY",
2925,004401821,77777,LEAD ASSEMBLY,
5310,004409934,77777,"WASHER,COPPER",
6840,004425698,30323,"INSECTICIDE,ALUMINUM PHOSPHIDE",
1610,004430728,77777,LEAD ASY,
3439,004437920,04987,"SOLDER,TIN ALLOY",
3960,004447089,77777,LEAD,
3960,004447091,77777,LEAD,
3960,004447092,77777,LEAD,
3960,004447095,77777,LEAD,
6230,004451419,77777,"LEAD,IGNITOR",6230002329979
6685,004451437,77777,"LEAD ASSEMBLY,THERMOCOUPLE","ENGINES,J69-T-29 - YJ69-T-406"
1560,004453486,77777,PLATE ALUMINUM,
4920,004453581,77777,"LEAD,CONNECTING",
2920,004457200,77777,"LEAD ASSEMBLY,PRIMA",
2920,004460470,77777,"LEAD ASSEMBLY,ELECTRIC",
3960,004461073,77777,LEAD,
6150,004488729,16129,"LEAD,STORAGE BATTERY",
6150,004497366,16129,"LEAD,STORAGE BATTERY",
1680,004508574,77777,"COVER,ACTUATOR,LEAD",
2920,004510338,77777,"LEAD,SPARK PLUG",
2920,004510339,77777,"LEAD,SPARK PLUG",
2920,004510340,77777,"LEAD,SPARK PLUG",
4920,004511837,77777,"LEAD ASSY,STARTER C",
3439,004520374,04987,"SOLDER,TIN ALLOY",
4710,004531830,77777,"TUBE,COIL LEAD OU",
3439,004535469,04987,"SOLDER,TIN ALLOY",
3439,004535473,04987,"SOLDER,TIN ALLOY",
1680,004540900,77777,"BLOCK,LEAD ACTUATOR",
2925,004552366,77777,"LEAD ASSEMBLY,SPARK IGNITER",AIRCRAFT ENGINE MODEL TF41-A-2
2925,004552367,77777,"LEAD ASSEMBLY,SPARK IGNITER",AIRCRAFT ENGINE MODEL TF41-A-2
1680,004554270,77777,LEAD,
1680,004554273,77777,LEAD,
3439,004559099,04987,"SOLDER,TIN ALLOY",
3439,004559104,04987,"SOLDER,TIN ALLOY",
3439,004559609,04987,"SOLDER,TIN ALLOY",
2040,004563297,77777,"TAB,ZINC",
6505,004587556,77777,"COPPER SOLUTION,USP",
9545,004587577,77777,PLATINUM WIRE,
6850,004592172,77777,NICKEL SULFAMATE ELECTROPLATING,
6150,004592959,16129,"LEAD,STORAGE BATTERY",
2915,004595380,77777,"WIRE,LEAD,FUEL PUMP",
2915,004595418,77777,"WIRE,LEAD,FUEL PUMP",
2915,004595442,77777,"WIRE,LEAD,FUEL PUMP",
2915,004595531,77777,"WIRE,LEAD,FUEL PUMP",
6625,004603291,77777,"LEAD ASSY,TEST SET",
5330,004644541,77777,"PACKING,GRAPHITE",
4470,004646085,77777,"KIT,TERMINAL LEAD SEAL",
6625,004656886,77777,"LEAD ASSY,TEST SET",
4710,004660629,77777,"TUBE,BENT,NICKEL AL",
4710,004660630,77777,"TUBE,BENT,NICKEL AL",
1336,004669855,77777,LEAD EXPLOSIVE,
9620,004672521,16122,"GRAPHITE,DRY",
5995,004676118,77777,LEAD EHT,
5961,004676385,77777,RECTIFIER SILICON,
2925,004676395,77777,PLUG AND LEAD ASS,
2925,004676397,77777,PLUG AND LEAD ASS,
2925,004676398,77777,SOCKET AND LEAD,
6615,004681996,77777,"COVER,FLEX LEAD",
5945,004683656,77777,TIP SILVER,
5930,004683712,77777,TIP SILVER,
2840,004686201,77777,LEAD BONDING,
4710,004687974,77777,PIPE ALUMINUM ALL,
4920,004697558,77777,ANODE ZINC,
5310,004705757,77777,"WASHER,COPPER",
5310,004707864,77777,"NUT,LEAD",
6810,004709764,30510,ARSENIC,
9535,004712755,77777,"PLATE,ALLOY ZINC",
5305,004714038,77777,"SCREW,LEAD",
3439,004715789,04986,"SOLDER,LEAD-TIN ALLOY",
3439,004715916,04987,"SOLDER,TIN ALLOY",
1560,004717454,77777,LEAD ASSEMBLY,
6150,004719601,16129,"LEAD,STORAGE BATTERY",
6605,004730512,77777,"RING AND LEAD ASSY,",
3439,004732000,04987,"SOLDER,TIN ALLOY",
4310,004734701,77777,"RING,ZINC",
2925,004735822,77777,"LEAD ASSEMBLY,MAGNETO",
1680,004739484,77777,"CYLINDER ASSY-E,TIN",
2925,004739531,77777,LEAD ASY,
2925,004739532,77777,LEAD ASY,
6685,004739553,77777,LEAD-THERMOCOUPLE L,
6685,004739554,77777,LEAD-THERMOCOUPLE L,
6685,004739555,77777,LEAD-THERMOCOUPLE L,
6685,004739556,77777,LEAD-THERMOCOUPLE L,
6685,004739574,77777,LEAD-THERMOCOUPLE L,
6685,004745190,77777,LEAD-THERMOC IRON C,
6150,004746585,16129,"LEAD,STORAGE BATTERY",
1430,004751850,77777,LEAD ASSEMBLY,
9650,004765202,77777,COPPER BILLET,
2925,004772654,77777,"ELBOW,IGNITION,LEAD",
5342,004774596,77777,"BUMPER,ALUMINUM ALY",
6150,004780555,16129,"LEAD,STORAGE BATTERY",
6750,004792086,77777,SILVER BROMIDE PHOT,
5840,004793138,77777,BRACKET ALUMINUM,
4920,004800831,77777,LEAD COMPENSATING,
2990,004821534,77777,"BALL,LEAD",
2920,004823665,77777,LEAD ASSEMBLY ALTER,
3439,004830007,15661,"BRAZING ALLOY,SILVER",
4920,004832674,77777,"LEAD,INPUT EXCITER",TF-30 ACFT ENGINE
4920,004832675,77777,"LEAD,OUTPUT",TF--30 ACFT ENGINE
5310,004839951,77777,NUT-STEEL TIN PL 8,
5835,004841503,77777,HEAD LEAD ASSY,
5835,004841505,77777,HEAD LEAD ASSY,
2840,004844323,77777,TUBE AND LEAD ASSY,
1270,004844823,61057,"SIGHT,LEAD COMPUTING,AUTOMATIC",
5310,004854229,77777,NUT-LEAD VALVE SEAT,
1350,004859985,77777,PISTON LEAD ASSEMBL,
1325,004866249,77777,LEAD ASSEMBLY,
3439,004866634,15661,"BRAZING ALLOY,SILVER",
1095,004879122,77777,"CLIP,LEAD CABLE BOM",
1095,004879123,77777,"CLIP,LEAD CABLE TER",
1095,004879261,77777,"CONDUIT ASSY,LEAD C",
1560,004890088,77777,"ANGLE,ALUMINUM ALLO",
6150,004892447,16129,"LEAD,STORAGE BATTERY",
6150,004892450,16129,"LEAD,STORAGE BATTERY",
6850,004899889,77777,"BRUSH PLATING SOLUTION,NICKEL",
4920,004902506,77777,"CABLE,TEST LEAD",
3439,004902651,04986,"SOLDER,LEAD-TIN ALLOY",
6810,004903993,23759,"ALUMINUM CHLORIDE,HEXAHYDRATE",
6810,004903994,11891,"ALUMINUM NITRATE,NONAHYDRATE,REA",
6810,004903996,25757,BISMUTH TRICHLORIDE,
6810,004903999,12608,"CALCIUM PHOSPHATE,MONOBASIC",
1075,004904217,77777,WING LEAD FLOAT,
2920,004915136,77777,"LEAD,PRIMARY",
6150,004917877,16129,"LEAD,STORAGE BATTERY",
1055,004918407,77777,"BRACKET,FIRING LEAD",
6150,004924641,16129,"LEAD,STORAGE BATTERY",
6150,004924643,16129,"LEAD,STORAGE BATTERY",
6810,004925586,30513,"BISMUTH,TECHNICAL",
6740,004927167,77777,"ADAPTER KIT,SILVER RECOVERY SYST",
6515,004947008,77777,"ELECTRODE,LIMB LEAD",
4920,004947536,77777,"EXTENSION,LEAD UNSHIELDED",U/O TF20-1 TEST SET
4710,004955156,77777,"TUBE,ALUMINUM",
6150,004956008,16129,"LEAD,STORAGE BATTERY",
6810,004969558,12037,SILVER CHLORIDE,
6810,004969563,12714,ZINC,
6505,004974731,09162,INSULIN ZINC SUSPENSION,
3439,004975468,04986,"SOLDER,LEAD-TIN ALLOY",
4820,004977228,77777,"CHAMBER,LEAD,LAG,VA",
6505,004979365,12491,"POTASSIUM PHOSPHATE,DIBASIC,ANHY",
9620,004982286,77777,"GRAPHITE,POWDER",
6150,004983759,16129,"LEAD,STORAGE BATTERY",
2920,004993476,77777,"LEAD ASSEMBLY,LONG",
1005,004994392,77777,CONNECTOR-LEAD WIRE,AIRCRAFT MODEL H-1
6520,005002050,30521,SILVER ALLOY POWDER AND MERCURY,
4710,005005926,77777,"TUBE,BENT,COPPER",
6520,005015250,13895,"BAND SET,COPPER,DENTAL",
6520,005015286,13969,"BAND,COPPER,DENTAL",
6520,005015287,13969,"BAND,COPPER,DENTAL",
8010,005015798,77777,"PAINT,ZINC",
8010,005030179,77777,"PAINT,ALUMINUM",
3960,005056876,77777,"ARM,ROLLER,ALUMINUM",
3960,005057816,77777,"CABLE,COPPER",
3960,005057821,77777,"CABLE,COPPER",
3960,005057824,77777,"CABLE,COPPER",
3960,005057830,77777,"CABLE,COPPER",
3960,005057877,77777,"CABLE,COPPER",
3960,005057880,77777,"CABLE,COPPER",
3960,005057881,77777,"CABLE,COPPER",
6685,005058585,77777,"LEAD ASSEMBLY,THERMOCOUPLE",
5325,005063502,77777,"GROMMET,LEAD WIRE",
1680,005067796,77777,"SUPPORT,CABLE LEAD",
6640,005075552,77777,"FURNACE,GRAPHITE,ELEMENT ATOMIZI",
6640,005075554,77777,"CONTROL ASSEMBLY,GRAPHITE FURNAC",
5340,005079020,77777,"BRACKET,ALUMINUM",
1260,005079166,77777,LEAD ASSY,
2925,005085422,77777,LEAD ASSY,
5915,005099703,77777,LEAD FILTER ASSEMBL,
3960,005109527,77777,"CONNECTOR,COPPER",
3960,005109528,77777,"CONNECTOR,COPPER",
4030,005116699,77777,"SLEEVE,ALUMINUM",
6105,005127100,77777,"LEAD ASSY,CONNECTOR",
6520,005142200,13340,"CEMENT,ZINC OXIDE AND EUGENOL,DE",
6520,005142350,13341,"CEMENT,ZINC PHOSPHATE,DENTAL",
6520,005142450,13341,"CEMENT,ZINC PHOSPHATE,DENTAL",
6505,005151584,32725,UNDECYLENIC ACID AND ZINC UNDECY,
6150,005195619,16129,"LEAD,STORAGE BATTERY",
1560,005200489,77777,"PANE ASSY,WING LEAD",
1560,005204797,77777,"TUBE ASSY,ALUMINUM",
1560,005204887,77777,"TUBE ASSY,ALUMINUM",
1560,005208988,77777,"TUBE ASSY,ALUMINUM",
1560,005209030,77777,"TUBE ASSY,ALUMINUM",
1560,005209089,77777,"TUBE ASSY,ALUMINUM",
1560,005209093,77777,"TUBE,ALUMINUM ALLOY",
1560,005209119,77777,"TUBE ASSY,ALUMINUM",
1560,005215671,77777,"TUBE ASSY,ALUMINUM",
3960,005221117,77777,"DEFLECTOR,COPPER",
3960,005221327,77777,LEAD,
3960,005221328,77777,"LEAD,FLE,IBLE",
3960,005221329,77777,"LEAD,FLE,IBLE",
3960,005221330,77777,"LEAD,MOTOR GOVERNOR",
3960,005221331,77777,"LEAD,FLE,IBLE",
3960,005221332,77777,"LEAD,FLE,IBLE",
3960,005221334,77777,"LEVER,ALUMINUM",
6685,005224379,77777,LEAD ASSEMBLY,
3960,005230523,77777,"COPPER O,IDE",
3960,005230534,77777,"LEVER,ZINC",
3960,005230585,77777,"PACKING,GRAPHITE",
4140,005231644,77777,"LEAD,FAN",
2590,005254339,77777,SWITCH AND WIRE LEAD ASSEMBLY,
9540,005256164,77777,"LEAD E,TRUSION",
6850,005272426,18382,"CLEANING COMPOUND,ALUMINUM SURFA",
3439,005288608,15661,"BRAZING ALLOY,SILVER",
9650,005298568,32100,"INGOT,LEAD ALLOY",
9620,005299629,16122,"GRAPHITE,DRY",
1560,005329346,77777,"COVER,WING TIP LEAD",
1560,005329348,77777,"COVER,WING TIP LEAD",
3960,005337306,77777,"RIVET,ALUMINUM",
6140,005338047,77777,"LEAD ASSY,ELECTRICA",
6140,005338048,77777,"LEAD ASSY,ELECTRICA",
2920,005347270,77777,"COIL,SPARK,AND LEAD",
6685,005347376,77777,"LEAD,TAIL PIPE THERMOCOUPLE",
2925,005350324,77777,"LEAD ASSEMBLY,SPARK PLUG",
9150,005354604,14944,"GREASE,GRAPHITE",
6505,005371361,30852,"CODEINE PHOSPHATE,ASPIRIN,CAFFEI",
5935,005371990,77777,"LEAD ASSY,ELECTRIC",
6150,005389763,16129,"LEAD,STORAGE BATTERY",
3439,005402675,15661,"BRAZING ALLOY,SILVER",
3439,005417421,04987,"SOLDER,TIN ALLOY",
9620,005419370,16122,"GRAPHITE,DRY",
6665,005426615,77777,"TEST KIT,BOILER WATER,PHOSPHATE",
6850,005437050,19715,"PHOSPHATE COATING,METAL",
4210,005443298,77777,"VALVE,GATE ALUMINUM",
4730,005455876,77777,"CLAMP,ALUMINUM",
6810,005464853,77777,"STANNOUS ETHYLHEXOATE,TIN OCTOAT",
1240,005466309,77777,"LEAD,WIRE",
6505,005467199,30843,LITHIUM CARBONATE CAPSULES,
4530,005475487,77777,"SCANNER,LEAD SULFIDE",
3439,005495290,04987,"SOLDER,TIN ALLOY",
6810,005501657,12581,ALUMINUM,
6625,005507621,77777,"CALIBRATION SYSTEM,CESIUM BEAM",
7520,005515236,16737,"LEAD REPOINTER,PENCIL",
6505,005521806,31890,"ALUMINUM CARBONATE,BASIC,GEL",
3439,005541331,04986,"SOLDER,LEAD-TIN ALLOY",
3439,005552870,15661,"BRAZING ALLOY,SILVER",
3439,005554683,04987,"SOLDER,TIN ALLOY",
9650,005559018,06919,LEAD SHOT,
9535,005559577,77777,"RIBBON,COPPER",
1270,005562159,61057,"SIGHT,LEAD COMPUTING,AUTOMATIC","AIRCRAFT,MODEL A37B"
6505,005581289,31910,"ALUMINUM HYDROXIDE GEL,DRIED,AND",
6810,005593261,12447,LITHIUM HYDROXIDE,
6505,005599819,10126,ALUMINUM HYDROXIDE GEL WITH MAGN,
6505,005599820,10287,ALUMINUM HYDROXIDE GEL,
7510,005599900,15847,"LEAD,PENCIL,GRAPHITE",
6505,005607331,37659,SULFADIAZINE SILVER CREAM,
6685,005625394,77777,LEAD ASSY,
1080,005636342,77777,"POLE,ALUMINUM,SUPPORT",
2915,005640421,77777,"LEAD ASSY,IGNITION",
2010,005646982,77777,"NUT ASSY,LEAD SCREW",
5945,005655829,77777,"CONTACT,COPPER",
5841,005674435,77777,"LEAD SCREW ASSEMBLY,PATTERN CONT",ANAPQ148
5340,005675653,77777,"SEAL,LEAD",
5961,005685552,77777,"TRANSISTOR,SILICON",
6505,005689317,32517,"ALUMINUM CARBONATE GEL,BASIC,TAB",
2925,005706309,77777,"LEAD ASSEMBLY,TERMINAL",
3439,005712235,77777,"CLEANER,LEAD",
6150,005712934,16129,"LEAD,STORAGE BATTERY",
6320,005725753,77777,"LEAD SCREW,TRANSMIT",
5985,005726146,77777,"ANTENNA,LEAD IN",
3960,005743211,77777,"LINER,ALUMINUM",
2835,005756066,77777,"LEAD ASSY,THERMOCOU",
4925,005758940,77777,"BOX,ALUMINUM",
6620,005759046,77777,"COPPER STRIP,INDICATOR",6620004884641
6850,005774753,18383,"CLEANING COMPOUND,MAGNESIUM SURF",
3439,005777594,04987,"SOLDER,TIN ALLOY",
6150,005787223,16129,"LEAD,STORAGE BATTERY",
6150,005787224,16129,"LEAD,STORAGE BATTERY",
6505,005796015,10291,ALUMINUM SULFATE,
6505,005799720,30852,"CODEINE PHOSPHATE,ASPIRIN,CAFFEI",
3439,005808025,04986,"SOLDER,LEAD-TIN ALLOY",
6505,005821639,09473,CHLOROQUINE PHOSPHATE TABLETS,
6150,005833451,16129,"LEAD,STORAGE BATTERY",
6150,005833452,16129,"LEAD,STORAGE BATTERY",
6810,005844298,11846,"SODIUM PHOSPHATE,DIBASIC,ANHYDRO",
6520,005846017,13341,"CEMENT,ZINC PHOSPHATE,DENTAL",
3439,005853161,04987,"SOLDER,TIN ALLOY",
6615,005865992,77777,"LEAD,SPRING",
6615,005866251,77777,"GUIDE,MOTOR LEAD",
2920,005866288,77777,"LEAD ASSY,SHIELDED",
6150,005876975,16129,"LEAD,STORAGE BATTERY",
6150,005876976,16129,"LEAD,STORAGE BATTERY",
6150,005876977,16129,"LEAD,STORAGE BATTERY",
3432,005885987,77777,"ADAPTER,LEAD TO POW",
6150,005911991,16129,"LEAD,STORAGE BATTERY",
1055,005916721,77777,"TERMINAL,LEAD ASSEM",
6810,005947777,12584,"ALUMINUM OXIDE,ANHYDROUS",
2835,005966475,77777,LEAD ASSEMBLY,
9620,005972647,77777,GRAPHITE,
9150,005976654,14944,"GREASE,GRAPHITE",
6750,005978714,77777,"PAPER,DRY SILVER",THREE M CO.-500SERIES READER PRINTERS
7520,006020509,77777,"SHARPENER,LEAD",
5620,006021587,77777,"BRICK,LEAD GLASS",
3439,006025878,04987,"SOLDER,TIN ALLOY",
6615,006026891,77777,LEAD,
2925,006027214,77777,LEAD ASSY,
9525,006034114,77777,"WIRE,COPPER",
2920,006034244,77777,LEAD ASSEMBLY,
2920,006034246,77777,LEAD ASSEMBLY,
2920,006034323,77777,LEAD ASSEMBLY,
2920,006034345,77777,LEAD ASSEMBLY,
9540,006040524,77777,"ANGLE,ALUMINUM ALLOY",
9540,006040529,77777,"ANGLE,ALUMINUM ALLOY",
6685,006041979,77777,"LEAD COMPLETE,THERM",
6150,006046065,16129,"LEAD,STORAGE BATTERY",
4935,006054734,77777,"REFLECTOR,ALUMINUM",
4935,006054735,77777,"REFLECTOR,ALUMINUM",
2920,006062732,77777,"LEAD SET,MAGNETO",
1660,006078468,77777,"TUBE ASSY,ALUMINUM",
2920,006090113,77777,"LEAD ASSY,ELECTRICA",
2915,006093643,77777,"LEAD ASSY,ELECTRICA",
3439,006096373,77777,"SOLDER,ALUMINUM",
2840,006132461,77777,"LEAD ASSY,SPARK",
2840,006144859,77777,"GASKET,ALUMINUM",
2840,006144860,77777,"GASKET,ALUMINUM",
3439,006149670,04986,"SOLDER,LEAD-TIN ALLOY",
6505,006168979,10409,CODEINE PHOSPHATE,
3439,006181341,04985,"SOLDER,LEAD ALLOY",
4470,006188148,77777,"WINDOW,LEAD GLASS",
6505,006198631,10568,MAGNESIUM SULFATE,
6505,006198882,10833,ZINC STEARATE,
6505,006198906,09048,ZINC SULFATE,
2925,006204430,77777,"LEAD ASSEMBLY,SPARK IGNITER",
2925,006207757,77777,IGNITER PLUG AND LEAD,
6150,006212570,16129,"LEAD,STORAGE BATTERY",
2590,006212796,77777,LEAD AND CONNECTOR,
2590,006212797,77777,LEAD AND CONNECTOR,
2590,006212798,77777,LEAD AND CONNECTOR,
6685,006215011,77777,LEAD THERMOCOUPLE,
1095,006227851,77777,"CONDUIT ASSY,LEAD C",
2925,006233103,77777,LEAD SET,
9540,006236344,77777,"ANGLE,ALUMINUM ALLO",
6115,006244837,77777,"PROTECTOR,LEAD,GENE",
1355,006248428,77777,"STRIP,ALUMINUM",
6150,006251349,16129,"LEAD,STORAGE BATTERY",
2925,006265026,77777,RESISTOR AND LEAD A,
9650,006274302,77777,BISMUTH ALLOY INGOT,
6810,006283382,12581,ALUMINUM,
6810,006283383,12581,ALUMINUM,
6810,006283385,77777,"CHEMICAL,ALUMINUM P",
6810,006283434,28860,MAGNESIUM,
6810,006283436,28860,MAGNESIUM,
6810,006283437,28860,MAGNESIUM,
2590,006293663,77777,LEAD AND CONDUIT AS,
6150,006299371,16129,"LEAD,STORAGE BATTERY",
9650,006304837,16065,LEAD PIG,
5820,006311879,77777,"RIBBON,SILVER,CONDU",
4030,006315404,77777,"SEAL,ALUMINUM ALLOY",
2840,006328154,77777,"LEAD ASSY,SPRAK IGN",
1730,006333351,77777,"BLOCK,STOP ALUMINUM",
7510,006340375,15847,"LEAD,PENCIL,GRAPHITE",
5821,006366475,77777,ELECTRICAL LEAD-RESISTOR ASSEMBL,
6150,006367320,16129,"LEAD,STORAGE BATTERY",
6150,006367337,16129,"LEAD,STORAGE BATTERY",
6150,006367346,16129,"LEAD,STORAGE BATTERY",
6150,006367347,16129,"LEAD,STORAGE BATTERY",
6150,006367821,16129,"LEAD,STORAGE BATTERY",
6150,006367822,16129,"LEAD,STORAGE BATTERY",
6150,006367826,16129,"LEAD,STORAGE BATTERY",
6150,006367830,16129,"LEAD,STORAGE BATTERY",
6150,006367832,16129,"LEAD,STORAGE BATTERY",
6150,006367843,16129,"LEAD,STORAGE BATTERY",
6150,006368254,16129,"LEAD,STORAGE BATTERY",
6150,006368255,16129,"LEAD,STORAGE BATTERY",
6150,006368256,16129,"LEAD,STORAGE BATTERY",
6150,006368257,16129,"LEAD,STORAGE BATTERY",
6150,006368258,16129,"LEAD,STORAGE BATTERY",
6150,006368259,16129,"LEAD,STORAGE BATTERY",
6150,006368263,16129,"LEAD,STORAGE BATTERY",
3439,006403517,04985,"SOLDER,LEAD ALLOY",
6150,006421882,16129,"LEAD,STORAGE BATTERY",
6150,006422115,16129,"LEAD,STORAGE BATTERY",
6150,006422120,16129,"LEAD,STORAGE BATTERY",
1270,006509079,77777,"LEAD,FORMEX INSULAT",
1680,006522209,77777,"STOCKING,LOWER LEAD",
1420,006533625,77777,LEAD FLEXIBLE,
1320,006539780,77777,"INCREMENT,LEAD FOIL",
1320,006539834,77777,"INCREMENT,LEAD FOIL",
1320,006539835,77777,"INCREMENT,LEAD FOIL",
2920,006540139,77777,"LEAD,JEMPER ASSEMBLY",
6505,006554628,30790,"ALUMINUM HYDROXIDE GEL,DRIED,TAB",
6505,006558537,28034,MAGNESIUM SULFATE INJECTION,
1390,006572418,77777,BOOSTER AND LEAD BLOCK ASSEMBLY,
9535,006572481,77777,"LEAD,POWDERED",
6810,006585002,77777,MAGNESIUM POWDER,
2925,006593519,77777,"PARTS KIT,LEAD,OVERHAUL",
2925,006599256,77777,CONTACT AND LEAD AS,
6505,006600101,10822,CODEINE PHOSPHATE AND WILD CHERR,
4520,006608478,77777,THERMOCOUPLE LEAD,
2835,006612118,77777,"BENT TUBE,ALUMINUM",
6810,006632569,12779,LEAD FLUOBORATE SOLUTION,
5340,006633528,77777,"SEAL,LEAD",
8010,006640025,15746,RED LEAD,
8010,006645678,77777,"PAINT,ALUMINUM",
6810,006646621,11870,"TITANIUM DIOXIDE,ANHYDROUS",
6150,006658602,16129,"LEAD,STORAGE BATTERY",
6150,006659924,16129,"LEAD,STORAGE BATTERY",
6150,006659925,16129,"LEAD,STORAGE BATTERY",
6150,006659926,16129,"LEAD,STORAGE BATTERY",
6150,006701976,16129,"LEAD,STORAGE BATTERY",
6150,006701977,16129,"LEAD,STORAGE BATTERY",
6150,006701978,16129,"LEAD,STORAGE BATTERY",
1560,006704075,77777,LEAD ASSEMBLY,H19 HELICOPTER
6105,006717445,77777,LEAD RETAINER WITH,
2920,006729496,77777,"LEAD ASSY,IGNITION",
2925,006731016,77777,"POTTING KIT,SILICON",
6625,006734516,77777,"LEAD ASSY,TESTER",
6605,006736371,77777,LEAD ASSY,
1660,006744349,77777,LEAD ASSYHEATER,
2925,006761913,77777,"PARTS KIT,LEAD,FIELD",
2925,006761914,77777,"PARTS KIT,LEAD,FIEL",
2925,006761918,77777,"PARTS KIT,LEAD,ELECTRIC",
2920,006769972,77777,LEAD ASSY,
6150,006780075,16129,"LEAD,STORAGE BATTERY",
6150,006798278,16129,"LEAD,STORAGE BATTERY",
1660,006825385,77777,LEAD AND RECEPTACLE,
3439,006847242,04986,"SOLDER,LEAD-TIN ALLOY",
6505,006848738,31674,"INSULIN,GLOBIN ZINC,INJECTION",
6505,006848770,09160,INSULIN PROTAMINE ZINC SUSPENSIO,
6505,006855430,31890,"ALUMINUM CARBONATE,BASIC,GEL",
3610,006860933,77777,"WEIGHT,LEAD",
6810,006872670,12717,"ZINC SULFATE,HEPTAHYDRATE",
6505,006874495,10822,CODEINE PHOSPHATE AND WILD CHERR,
6505,006874555,32725,UNDECYLENIC ACID AND ZINC UNDECY,
4920,006893569,77777,"TOOL,LEAD IN",
4930,006895587,77777,"TUBING,COPPER",
4933,006903305,77777,"TEST,LEAD ASSEMBLY","TOOLS AND SHOP SETS, OTHER WEAPONS CATEGORIES"
6685,006922107,77777,"LEAD ASSEMBLY,EXHAUST TEMPERATUR",
6685,006922108,77777,"LEAD ASSEMBLY,EXHAUST","FUSELAGE ASSEMBLY FRONT SECTION,P/N 170-31601,F86"
2540,006929217,77777,"COUPLING,FIRE E,TIN",
6625,006934680,77777,"LEAD ASSY,TEST",
1220,006935970,61057,"SIGHT,LEAD COMPUTING,AUTOMATIC","MK31MODS0X2,SIGHT,GUN"
2925,006954062,77777,"LEAD,QUICK DICONNEC",
2925,006954063,77777,"LEAD,QUICK DISCONNE",
2925,006954143,77777,"LEAD ASSY,IGNITER P",
6150,006959737,16129,"LEAD,STORAGE BATTERY",
6150,006959754,16129,"LEAD,STORAGE BATTERY",
1560,006961830,77777,"LEAD ASSY,INDICATOR",
6685,006963546,77777,"LEAD ASSY,E,HAUST T",
2925,006966278,77777,LEAD ASSY,
1660,006973763,77777,"LEAD ASSY,IGNITION",
3960,006978205,77777,"BEARING,ALUMINUM",
6150,006998602,16129,"LEAD,STORAGE BATTERY",
6150,007000910,16129,"LEAD,STORAGE BATTERY",
6150,007011844,16129,"LEAD,STORAGE BATTERY",
1355,007019307,77777,BUSHING LEAD DUMP S,
3439,007024067,04987,"SOLDER,TIN ALLOY",
1660,007033352,77777,"LEAD ASSY,SHIELDED",
2925,007072741,77777,"LEAD ASSY,ELECTRICA",
2590,007077532,77777,"LEAD ASSY,ELECTRICA",MULTIPLE LAUNCH ROCKET SYSTEM (MLRS); ARMORED MULTI-PURPOSE VEHICLE (AMPV)
1025,007090319,77777,LEAD,
6150,007107191,16129,"LEAD,STORAGE BATTERY",
6620,007112522,77777,"LEAD,FLE,IBLE",
1560,007133825,77777,"BALLAST,LEAD",
2925,007142190,77777,"PARTS KIT,LEAD,FIEL",
2920,007162719,77777,LEAD ASSEMBLY,
5945,007178870,77777,CONTACT AND LEAD,
5945,007178871,77777,CONTACT AND LEAD,
6520,007209499,13969,"BAND,COPPER,DENTAL",
6520,007216057,13969,"BAND,COPPER,DENTAL",
4610,007221732,77777,"LEAD,HOUSING",
8135,007240551,77777,"WRAP,ALUMINUM",
8135,007240552,77777,"WRAP,ALUMINUM",
1680,007240960,77777,"FOLLOWER,LEAD SCREW",
6150,007266884,16129,"LEAD,STORAGE BATTERY",
6150,007266885,16129,"LEAD,STORAGE BATTERY",
3439,007270489,04986,"SOLDER,LEAD-TIN ALLOY",
5680,007274441,77777,ALUMINUM PATTERN SHEET,
6505,007276089,33993,DEXAMETHASONE SODIUM PHOSPHATE I,
4510,007281258,77777,"TRAP,LEAD",
4510,007281259,77777,"TRAP,LEAD",
2925,007302095,77777,LEAD ASSY,
2920,007306304,77777,CHAMBER GROUND LEAD,
6635,007315678,77777,"SCREEN,LEAD FILTER",
6635,007315679,77777,"SCREEN,LEAD FILTER",
6635,007315680,77777,"SCREEN,LEAD FILTER",
6635,007315682,77777,"SCREEN,LEAD FILTER",
9535,007319200,77777,"ALUMINUM SHEET,REFLECTIVE",
2920,007324011,77777,LEAD,
4710,007326915,77777,"TUBE,TIN",
6505,007335434,08714,ALUMINUM ACETATE SOLUTION POWDER,
1660,007337355,77777,"LEAD ASSY,O,YGEN,SU",
5826,007348949,77777,"LEAD,RADIO TRANSMSS",
2925,007349352,77777,"LEAD ASSY,IGNITION",
2925,007349380,77777,"LEAD ASSY,IGNITION",
9620,007351489,16122,"GRAPHITE,DRY",
6505,007351742,32186,"ALUMINUM HYDROXIDE GEL,DRIED,MAG",
6605,007354905,77777,CROSS LEAD SCREW,
6605,007354921,77777,"DOG,LEAD SCREW",
6150,007359543,16129,"LEAD,STORAGE BATTERY",
6150,007359545,16129,"LEAD,STORAGE BATTERY",
6150,007364769,16129,"LEAD,STORAGE BATTERY",
2915,007364896,77777,"FITTING,ELECTRIC LEAD PORT",
6150,007366090,16129,"LEAD,STORAGE BATTERY",
1660,007368230,77777,LEAD ASSEMBLY,
2520,007369452,77777,FIELD ASY LEAD,
2520,007369459,77777,HOUSING ASY LEAD,
6605,007370849,77777,GEAR AND LEAD SCREW,
2920,007375766,77777,LEAD,
1660,007376662,77777,LEAD ASSEMBLY,
2590,007381028,77777,RECTIFIER AND LEAD,
9545,007382291,10905,SILVER SHEET,
2590,007388438,77777,SWITCH-LEAD ASSYX,
2925,007389065,77777,"PARTS KIT,LEAD",
4310,007389950,77777,LEAD,
4310,007389951,77777,LEAD,
2920,007402876,77777,"LEAD,CONDENSER",
2590,007419519,77777,SWITCH LEAD ASSY,
1355,007479783,77777,"CASE,LEAD DROPPER",
9150,007534823,11107,"GRAPHITE,COLLOIDAL",
6740,007535198,77777,"LEAD,PHOTOGRAPHIC PRINTER",
6505,007539548,09162,INSULIN ZINC SUSPENSION,
6810,007540360,12635,"LITHIUM CHLORIDE,REAGENT",
4920,007551704,77777,CLAMP LEAD,
5935,007551743,77777,PLUG AND LEAD WIRE,
6615,007571543,77777,"LEAD END,GIMBAL SEA",
2835,007576810,77777,LEAD,
5120,007577665,77777,"LEAD CUTTING TOOL,C",
1430,007580541,77777,"SUPPORT,ROLL LEAD ASSEMBLY",
3439,007581488,77777,"SOLDER,CADMIUM-ZINC",
6150,007582733,16129,"LEAD,STORAGE BATTERY",
4920,007584204,77777,LEAD ASSEMBLY,
2920,007589813,77777,"LEAD,HIGH TENSION",
1680,007604050,77777,"FOLLOWER,LEAD SCREW",
6505,007611515,28034,MAGNESIUM SULFATE INJECTION,
6680,007619749,77777,"SUPPORT,LEAD WIRE",
6810,007625321,12595,ANTIMONY,
6810,007625337,23770,"CALCIUM PHOSPHATE,TRIBASIC",
6505,007625412,08714,ALUMINUM ACETATE SOLUTION POWDER,
3439,007627263,04987,"SOLDER,TIN ALLOY",
3439,007627486,04987,"SOLDER,TIN ALLOY",
4935,007628227,77777,"LEAD SCREW,",
6508,007638633,77777,"FOOT POWDER,ALUM,MAGNESIUM CARBO",
9650,007638689,32099,"INGOT,COPPER-BERYLLIUM ALLOY",
6810,007642248,24036,"SODIUM PHOSPHATE,TRIBASIC",
6505,007644271,32725,UNDECYLENIC ACID AND ZINC UNDECY,
6505,007644325,31673,HYDROCORTISONE SODIUM PHOSPHATE,
6505,007644354,26482,HISTAMINE PHOSPHATE,
6505,007644366,32725,UNDECYLENIC ACID AND ZINC UNDECY,
5820,007645760,77777,LEAD-IN,
6685,007646311,77777,"LEAD ASSEMBLY,THERMOCOUPLE",
1240,007649128,77777,"LEAD ASSY,ELECTRICA",
1265,007652209,77777,"LEAD ASSY,ELECTRICA",
6150,007673198,16129,"LEAD,STORAGE BATTERY",
6150,007677942,16129,"LEAD,STORAGE BATTERY",
1240,007692872,77777,"HOUSING,ALUMINUM",
1560,007697103,77777,"FILLER,ALUMINUM RIGHT HAND",AIRCRAFT MODEL F80
2920,007701642,77777,LEAD AND CAPACITOR,
3439,007703820,04987,"SOLDER,TIN ALLOY",
3439,007704187,04987,"SOLDER,TIN ALLOY",
3439,007704233,04987,"SOLDER,TIN ALLOY",
3439,007704253,04987,"SOLDER,TIN ALLOY",
3439,007704262,04987,"SOLDER,TIN ALLOY",
1560,007705404,77777,"ANGLE,ALUMINUM LH",
6150,007706940,16129,"LEAD,STORAGE BATTERY",
5840,007712010,77777,"BENT TUBE,COPPER",
8010,007718329,77777,"DOPE,ALUMINUM",
1660,007718881,77777,"BLOCK,FILLER,ALUMINUM",
2590,007723282,77777,SWITCH LEAD ASSY,
6150,007731229,16129,"LEAD,STORAGE BATTERY",
2920,007748719,77777,"LEAD,IGNITER",
6630,007749680,77777,"LEAD AND RESISTOR,E",
6145,007750786,77777,"HEADER,MULTI LEAD",
6150,007751375,16129,"LEAD,STORAGE BATTERY",
6150,007754566,16129,"LEAD,STORAGE BATTERY",
6150,007754567,16129,"LEAD,STORAGE BATTERY",
1650,007772289,77777,"PLATE,LEAD,RETAININ",
9650,007776673,06919,LEAD SHOT,
6105,007777277,77777,"CLAMP,LEAD",
6105,007777278,77777,"CLAMP,LEAD",
2920,007786250,77777,"LEAD,CUTOUT SWITCH",
3610,007791893,77777,"HEAD,ALUMINUM PICKE",
6150,007792461,16129,"LEAD,STORAGE BATTERY",
3439,007813666,15661,"BRAZING ALLOY,SILVER",
6505,007823959,32725,UNDECYLENIC ACID AND ZINC UNDECY,
3655,007841606,77777,LEAD ASSEMBLY ELECT,
4530,007853262,77777,"LEAD,STEAM",
2915,007870967,77777,"PLUG,LEAD WIRE",
3439,007873530,15661,"BRAZING ALLOY,SILVER",
1720,007877785,77777,"GUARD,LEAD SHEAVE,L",
4920,007881827,77777,"LEAD,SWITCH BOX",
4920,007881829,77777,"LEAD,SWITCH BOX",
6625,007889928,77777,"LEAD ASSEMBLY,TEST",
5815,007903260,77777,LEAD,
6150,007909420,16129,"LEAD,STORAGE BATTERY",
6150,007909423,16129,"LEAD,STORAGE BATTERY",
6150,007928294,16129,"LEAD,STORAGE BATTERY",
6150,007928905,16129,"LEAD,STORAGE BATTERY",
6150,007928938,16129,"LEAD,STORAGE BATTERY",
2925,007948761,77777,"PLUG,REAR GRAPHITE",
5970,007950416,77777,LEAD-IN INSULATOR,
2590,007951690,77777,"LEAD ASSY,ELECTRICA",
1440,007971509,77777,"SEGMENT,RING,COPPER",
6810,007978619,77777,LITHIUM BROMIDE CHARGE,
5342,007980302,77777,"CORRECTOR,ALUMINUM",
2590,007981121,77777,LEAD AND CONNECTOR,
6605,007991929,77777,LEAD ASSEMBLY,
1560,007993056,77777,LEAD ASSEMBLY-SENSE ANT,T-33 AIRCRAFT
7510,007999837,77777,"POST,LEAD WRAPPED S",
6105,008009547,77777,"SEGMENT,COPPER",
6105,008009550,77777,"SEGMENT,COPPER",
6105,008009563,77777,"SEGMENT,COPPER",
1560,008025011,77777,LEAD ASSEMBLY,
6150,008041069,16129,"LEAD,STORAGE BATTERY",
3439,008041719,04985,"SOLDER,LEAD ALLOY",
5895,008071521,77777,"LEAD MARKER ASSY,RE",
6520,008074927,77777,"COBALT,CHROMIUM ALLOY",
5120,008101773,05677,"PRESS,LEAD SEAL,HAND",
6505,008112331,32725,UNDECYLENIC ACID AND ZINC UNDECY,
3439,008121294,04985,"SOLDER,LEAD ALLOY",
6810,008123788,12581,ALUMINUM,
3439,008145322,04987,"SOLDER,TIN ALLOY",
6505,008167202,10830,ZINC OXIDE OINTMENT,
6505,008167203,10830,ZINC OXIDE OINTMENT,
6150,008184787,16129,"LEAD,STORAGE BATTERY",
3960,008189031,77777,LEAD,
3439,008195451,04985,"SOLDER,LEAD ALLOY",
3439,008195452,04985,"SOLDER,LEAD ALLOY",
3439,008195453,04987,"SOLDER,TIN ALLOY",
3439,008195455,04987,"SOLDER,TIN ALLOY",
3439,008195534,04986,"SOLDER,LEAD-TIN ALLOY",
3439,008195537,04987,"SOLDER,TIN ALLOY",
3439,008195540,04987,"SOLDER,TIN ALLOY",
5840,008200357,77777,"LEVERARM,ALUMINUM",
2915,008214834,77777,"PORT,LEAD,VALVE",
1610,008215574,77777,LEAD ASSEMBLY,1610-00-887-0120
1610,008215576,77777,LEAD ASSEMBLY,
6150,008221528,16129,"LEAD,STORAGE BATTERY",
8135,008229433,77777,"WRAP,ALUMINUM",
5865,008234583,77777,"ADAPTER,LEAD",
2590,008235610,77777,"LEAD AND CONNECTOR,",
3439,008239488,04987,"SOLDER,TIN ALLOY",
6505,008249061,38932,MAGNESIUM CARBONATE,
6810,008249069,11794,"POTASSIUM PHOSPHATE,MONOBASIC",
6810,008249071,11641,"CHROMIUM TRIOXIDE,ACS",
6505,008249085,10568,MAGNESIUM SULFATE,
3439,008249855,15661,"BRAZING ALLOY,SILVER",
3439,008249858,04987,"SOLDER,TIN ALLOY",
3439,008254855,15661,"BRAZING ALLOY,SILVER",
3439,008259976,15661,"BRAZING ALLOY,SILVER",
6810,008266488,11847,"SODIUM PHOSPHATE,DIBASIC,HEPTAHY",
6810,008266496,11640,"CHROMIUM POTASSIUM SULFATE,DODEC",
7520,008272067,16737,"LEAD REPOINTER,PENCIL",
6150,008291173,16129,"LEAD,STORAGE BATTERY",
6505,008307777,31646,DEXAMETHASONE SODIUM PHOSPHATE A,
6680,008314076,77777,LEAD AND CLIP ASSEM,
6150,008320440,16129,"LEAD,STORAGE BATTERY",
6150,008320441,16129,"LEAD,STORAGE BATTERY",
6150,008325820,16129,"LEAD,STORAGE BATTERY",
6850,008326551,77777,PHOSPHATE INDICATOR POWDER,
5342,008332845,77777,"BRACKET,LEAD SHEAVE",
3439,008333473,15661,"BRAZING ALLOY,SILVER",
6810,008337428,32609,ANTIMONY TRICHLORIDE,
4910,008346032,77777,"LEAD SET,STORAGE BA",
4910,008346034,77777,"LEAD SET,STORAGE BA",
6150,008346049,16129,"LEAD,STORAGE BATTERY",
6810,008348996,12491,"POTASSIUM PHOSPHATE,DIBASIC,ANHY",
6810,008348997,12492,"POTASSIUM PHOSPHATE,DIBASIC,ANHY",
6505,008360768,28956,"BACITRACIN ZINC,NEOMYCIN SULFATE",
6150,008377060,16129,"LEAD,STORAGE BATTERY",
6150,008377061,16129,"LEAD,STORAGE BATTERY",
6150,008377062,16129,"LEAD,STORAGE BATTERY",
1560,008396765,77777,"COVER ASSEMBLY,LEAD",
1560,008396766,77777,"COVER ASSEMBLY,LEAD",
6150,008422558,16129,"LEAD,STORAGE BATTERY",
6150,008435245,16129,"LEAD,STORAGE BATTERY",
6150,008446181,16129,"LEAD,STORAGE BATTERY",
3439,008447348,04985,"SOLDER,LEAD ALLOY",
6150,008450050,16129,"LEAD,STORAGE BATTERY",
6150,008450874,16129,"LEAD,STORAGE BATTERY",
6150,008455565,16129,"LEAD,STORAGE BATTERY",
6150,008455883,16129,"LEAD,STORAGE BATTERY",
6150,008465286,16129,"LEAD,STORAGE BATTERY",
9650,008465751,06919,LEAD SHOT,
6505,008471309,24707,ZINC SULFATE AND PHENYLEPHRINE H,
6150,008479721,16129,"LEAD,STORAGE BATTERY",
4430,008485614,77777,"LEAD,WATER",
6150,008533347,16129,"LEAD,STORAGE BATTERY",
6150,008533348,16129,"LEAD,STORAGE BATTERY",
7810,008534491,03278,"SINKER,FISHING LINE,LEAD",
4935,008536839,77777,MODULE GERMANIUM,MISSILE LGM-30
6520,008538346,13819,"SILVER ALLOY PELLET,DENTAL",
3439,008544116,15661,"BRAZING ALLOY,SILVER",
3439,008544142,15661,"BRAZING ALLOY,SILVER",
3439,008554708,04987,"SOLDER,TIN ALLOY",
6150,008560922,16129,"LEAD,STORAGE BATTERY",
6150,008560923,16129,"LEAD,STORAGE BATTERY",
6505,008576423,09314,CODEINE PHOSPHATE INJECTION,
6810,008577621,11955,LEAD MONOXIDE,
6810,008577628,20445,MAGNESIUM OXIDE,
6810,008577641,23366,LEAD CARBONATE,
4130,008583554,77777,"SEAL RING,ALUMINUM",
3040,008584632,77777,SCREW-LEAD LINEAR,
3695,008592073,77777,"TAPE,ALUMINUM",
6615,008598615,77777,PIVOT AND LEAD ASSE,PROJECT CODE CXC
6615,008598622,77777,PIVOT AND LEAD ASSE,
2920,008600312,77777,LEAD STARTER TO BAT,
6640,008616215,77777,"TEST PAPER,LEAD ACE",
2590,008617063,77777,"LEAD ASSEMBLY,DRIVE",
6760,008624026,77777,CLIP AND LEAD ASSEM,
1560,008627251,77777,"CHANNEL,TITANIUM,KE",
1560,008627267,77777,"CHANNEL,TITANIUM,KE",
1560,008627278,77777,"CHANNEL,TITANIUM,FR",
2590,008629070,77777,LEAD ASSEMBLY BRANC,
6505,008637469,10126,ALUMINUM HYDROXIDE GEL WITH MAGN,
5120,008642814,77777,LEAD HAMMER,
6505,008651884,11816,SILVER NITRATE,
9650,008659099,32098,"INGOT,COPPER",
5330,008684977,77777,"SEAL,ALUMINUM",
6505,008693019,10409,CODEINE PHOSPHATE,
6505,008693032,20445,MAGNESIUM OXIDE,
1560,008694120,77777,"CHANNEL,TITANIUM,KE",
1560,008694121,77777,"CHANNEL,TITANIUM,KE",
1560,008694122,77777,"CHANNEL,TITANIUM,KE",
1560,008694123,77777,"CHANNEL,TITANIUM,KE",
1560,008694124,77777,"CHANNEL,TITANIUM,KE",
1340,008696640,77777,"LEAD,AUXILIARY,LIVE",
2925,008702355,77777,"STRIP,NEGATIVE LEAD",
6680,008702373,77777,"CLAMP,LEAD",
2920,008709807,77777,LEAD SPARK PLUG,
6625,008712488,77777,"LEAD SET ASSEMBLY,T",
5841,008714015,77777,LEAD ASSEMBLY,
6505,008732771,10829,ZINC OXIDE,
8010,008733813,77777,"PAINT,ALUMINUM",
6680,008735537,77777,"LEAD,YELLOW FUEL IN",
3439,008739287,04985,"SOLDER,LEAD ALLOY",
6115,008748543,77777,LEAD CIRCUIT BREAKE,
6115,008748544,77777,LEAD STARTER SWITCH,
2925,008752095,77777,"SLEEVE,LEAD,IGNITER",
2920,008753249,77777,SHIELDING LEAD ASSY,
2925,008755116,77777,"LEAD,IGNITER PLUG",
1560,008756501,77777,"LEAD ASSEMBLY,SHIELDED",
1355,008756841,77777,LEAD WEIGHT,
2920,008757764,77777,LEAD SPARK PLUG,
1610,008761816,77777,"LEAD,GROUND,DEICER",
1610,008761817,77777,"LEAD,DEICER","AIRCRAFT; C-130 HERCULES; (AC-130A,AC-130H,MC-130H,EC-130E,HC-130)"
2915,008773730,77777,LEAD ASSEMBLY,
5330,008773787,77777,"SEAL,LEAD",
3040,008795675,77777,"SHAFT,LEAD,SCREW",
6505,008801684,77777,"PHOSPHATE-FLUORIDE,DENTAA",
6505,008803904,23304,TETRACYCLINE PHOSPHATE COMPLEX F,
9150,008807153,11107,"GRAPHITE,COLLOIDAL",
3439,008810047,15661,"BRAZING ALLOY,SILVER",
3439,008810048,15661,"BRAZING ALLOY,SILVER",
3439,008810049,15661,"BRAZING ALLOY,SILVER",
3439,008810050,15661,"BRAZING ALLOY,SILVER",
3439,008810054,15661,"BRAZING ALLOY,SILVER",
3439,008810055,15661,"BRAZING ALLOY,SILVER",
3439,008810056,15661,"BRAZING ALLOY,SILVER",
3439,008810057,15661,"BRAZING ALLOY,SILVER",
3439,008810058,15661,"BRAZING ALLOY,SILVER",
3439,008810059,15661,"BRAZING ALLOY,SILVER",
3439,008810060,15661,"BRAZING ALLOY,SILVER",
3439,008810061,15661,"BRAZING ALLOY,SILVER",
3439,008810062,15661,"BRAZING ALLOY,SILVER",
3439,008810063,15661,"BRAZING ALLOY,SILVER",
3439,008810065,15661,"BRAZING ALLOY,SILVER",
3439,008810067,15661,"BRAZING ALLOY,SILVER",
3439,008810068,15661,"BRAZING ALLOY,SILVER",
3439,008810505,15658,"BRAZING ALLOY,ALUMINUM",
9650,008824099,77777,"COPPER,WIRE BAR",
4940,008838829,77777,"GUN,ALUMINUM ABRASI",
9525,008841172,77777,TUNGSTEN WIRE,
9525,008841173,77777,TUNGSTEN WIRE,
2925,008853979,77777,LEAD ASSEMBLY,
6115,008855130,77777,LEAD ASSEMBLY REGUL,
4920,008857616,77777,"LEAD ASSEMBLY,TEST",
5977,008859678,77777,FLEX LEAD,
6150,008861146,16129,"LEAD,STORAGE BATTERY",
6150,008861147,16129,"LEAD,STORAGE BATTERY",
1560,008861348,77777,"ALUMINUM BAR,LATCH",
1660,008861410,77777,"LEAD ASSEMBLY,SHIEL",
2920,008865801,77777,LEAD SPARK PLUG,
2920,008865802,77777,LEAD SPARK PLUG,
2920,008865803,77777,LEAD SPARK PLUG,
5845,008868510,77777,"CHANNEL,CABLE LEAD",
2590,008875765,77777,LEAD AND CIRCUIT BR,
6625,008881532,77777,"RACK,ALUMINUM",
6150,008884272,16129,"LEAD,STORAGE BATTERY",
9650,008897450,32113,"INGOT,TIN ALLOY",
6810,008897714,23138,"ALUMINUM SULFATE,OCTADECAHYDRATE",
6810,008897725,23759,"ALUMINUM CHLORIDE,HEXAHYDRATE",
6505,008901496,28857,PREDNISOLONE SODIUM PHOSPHATE IN,
6810,008901580,25712,"MAGNESIUM NITRATE,HEXAHYDRATE",
6520,008901680,26206,"DISPENSER,SILVER ALLOY PELLET,DE",
1560,008904079,77777,"SEAL,LEAD,SLAT NO.2",
1560,008904080,77777,"SEAL,LEAD,SLAT NO.2",
1560,008904081,77777,"SEAL,LEAD,SLAT NO.4",
6150,008907631,16129,"LEAD,STORAGE BATTERY",
1560,008909187,77777,"SEAL,LEAD,SLAT NO.4",
3439,008915163,04987,"SOLDER,TIN ALLOY",
9650,008924001,32102,"INGOT,MAGNESIUM",
9650,008924002,32102,"INGOT,MAGNESIUM",
9650,008924003,77777,"COPPER,WIRE BAR",
9650,008924004,77777,COPPER CAKE,
9650,008924005,77777,COPPER CAKE,
9650,008924006,77777,COBALT,
9650,008924007,77777,NICKEL OXIDE SINTER,
9650,008924008,77777,NICKEL OXIDE POWDER,
9660,008924013,77777,PALLADIUM SPONGE,
9650,008924015,77777,COPPER BILLET,
9650,008924017,77777,COPPER BILLET,
9650,008924018,77777,COPPER BILLET,
9650,008924019,77777,COPPER BILLET,
9650,008924020,77777,COPPER BILLET,
9650,008924021,77777,COPPER BILLET,
9650,008924037,32098,"INGOT,COPPER",
6115,008946835,77777,LEAD CONNECTOR,
3439,008968747,04987,"SOLDER,TIN ALLOY",
6730,008971978,77777,POWER LEAD WIRE ASS,
4470,008977911,77777,"WINDOW,LEAD GLASS",
1270,008985059,77777,LEAD,
1650,008989560,77777,"LEAD,CLIP ASSEMBLY",
6150,008994266,16129,"LEAD,STORAGE BATTERY",
1650,009003302,77777,"CLAMP,LEAD,DEICING",
8010,009004428,15698,"PIGMENT,ZINC CHROMATE,INSOLUBLE",
6810,009004894,12542,"SODIUM PHOSPHATE,MONOBASIC,MONOH",
6510,009006187,30530,"PAD,PETROLATUM AND BISMUTH TRIBR",
3439,009012437,15661,"BRAZING ALLOY,SILVER",
3439,009012438,15661,"BRAZING ALLOY,SILVER",
3439,009019089,15661,"BRAZING ALLOY,SILVER",
3439,009024201,04987,"SOLDER,TIN ALLOY",
3439,009024202,04987,"SOLDER,TIN ALLOY",
6505,009036211,77777,ZINC SULFIDE LOTION,
3439,009036480,04986,"SOLDER,LEAD-TIN ALLOY",
9545,009042106,77777,SILVER FOIL,
9545,009042107,77777,SILVER FOIL,
9545,009042108,77777,SILVER FOIL,
9545,009042109,77777,SILVER FOIL,
9545,009042110,77777,SILVER FOIL,
6505,009042190,66519,BETAMETHASONE SODIUM PHOSPHATE A,
6520,009048501,10903,PLATINUM FOIL,
6520,009048502,10903,PLATINUM FOIL,
6520,009048508,10903,PLATINUM FOIL,
6520,009048514,10903,PLATINUM FOIL,
9545,009048516,77777,PLATINUM GAUZE,
9545,009048522,77777,SILVER WIRE,
9545,009048524,77777,SILVER WIRE,
9545,009048534,77777,SILVER WIRE,
9545,009048535,77777,SILVER WIRE,
9545,009048543,77777,SILVER WIRE,
9545,009048550,77777,SILVER WIRE,
9545,009048551,77777,SILVER WIRE,
1280,009060475,77777,LEAD SCREW ASSEMBLY,
5120,009070337,77777,TOOL LEAD BENDING,
6105,009078170,77777,"BLOCK,LEAD SPLICER",
3040,009085018,77777,LEAD SCREW ASSEMBLY,
5975,009089478,77777,"WEDGE,LEAD",
2925,009091106,77777,"LEAD,IGNITER",
1270,009091639,77777,"GYROSCOPE,LEAD COMP",
5305,009093603,77777,"SCREW,LEAD",
5840,009101755,77777,T-L LEAD BOARD ASSY,
6625,009102565,77777,LEAD SCREW ASSEMBLY,
6685,009118249,77777,"LEAD ASSY,THERMOCOU",
3439,009121981,04987,"SOLDER,TIN ALLOY",
3439,009128698,04985,"SOLDER,LEAD ALLOY",
3439,009144784,04986,"SOLDER,LEAD-TIN ALLOY",
4931,009145183,77777,"COMPARATOR,LEAD",
1660,009159516,77777,LEAD ASSYXOXYGEN SU,
2835,009172184,77777,"LEAD,GAS TURBINE",
1270,009173188,77777,"GYROSCOPE,LEAD COMP",
6150,009175625,16129,"LEAD,STORAGE BATTERY",
4920,009179976,77777,"ADAPTER,SOCKET LEAD",
2925,009180859,77777,LEAD ASSY,
2920,009180862,77777,LEAD ASSY,
2920,009184151,77777,RECEPTACLE AND LEAD ASSEMBLY,
6150,009186416,16129,"LEAD,STORAGE BATTERY",
7490,009204873,77777,LEAD-IN ANGLE,
7490,009204874,77777,LEAD-IN ANGLE,
7490,009204876,77777,LEAD-IN ANGLE,
7490,009209031,77777,"DEFLECTOR,LEAD",
7490,009209331,77777,LEAD STARWHEEL ASM,
7490,009209474,77777,LEAD-IN,
7490,009209903,77777,"SWITCH,BOX AND LEAD",
9150,009217083,14944,"GREASE,GRAPHITE",
3439,009221051,04987,"SOLDER,TIN ALLOY",
2920,009222398,77777,LEAD,
6150,009226893,16129,"LEAD,STORAGE BATTERY",
1615,009228293,77777,"LINK ASSEMBLY,LEAD",
6150,009234472,16129,"LEAD,STORAGE BATTERY",
6150,009234476,16129,"LEAD,STORAGE BATTERY",
6150,009237742,77777,LEAD IN CORD AND,
2590,009245325,77777,LEAD,
6150,009248253,16129,"LEAD,STORAGE BATTERY",
6680,009249841,77777,FLOAT COPPER,"INDICATOR,WATER STAGE,AUDIO SIGNALLING"
6750,009261698,12610,"CHROMIUM POTASSIUM SULFATE,DODEC",
6520,009262113,13819,"SILVER ALLOY PELLET,DENTAL",
6505,009262175,31910,"ALUMINUM HYDROXIDE GEL,DRIED,AND",
9150,009268963,11107,"GRAPHITE,COLLOIDAL",
6850,009269161,77777,ELECTROPLATING COMPOUND /NICKEL/,
4920,009275088,77777,"LEAD ASSEMBLY,TEST",
4920,009278105,77777,"FIXTURE,BORESIGHT,LEAD COMPUTING",
3439,009279126,04987,"SOLDER,TIN ALLOY",
9545,009288445,77777,PALLADIUM FOIL,
5310,009288887,77777,"WASHER,COPPER",
1680,009290071,77777,"CLAMP,ACTUATOR LEAD",
1560,009290860,77777,"SEAL,LEAD,SLAT",
1560,009290870,77777,"SEAL,LEAD,SLAT",
6150,009302054,77777,RECEPTACLE AND LEAD,
5305,009307730,77777,"SCREW,LEAD LEFT HAN",
1075,009321642,77777,"FLOAT ASSY,LEAD",
6615,009324317,77777,"BAFFLE,POWER LEAD","MINUTEMAN MISSLE,G1-T1-B"
6760,009334342,77777,"PAPER,SILVER ESTIMATING",
6150,009337635,16129,"LEAD,STORAGE BATTERY",
6505,009354117,31533,DEXAMETHASONE SODIUM PHOSPHATE I,
6810,009355878,28860,MAGNESIUM,
2590,009371958,77777,"LEAD,ELECTRICIAL",
6150,009373171,16129,"LEAD,STORAGE BATTERY",
6150,009373172,16129,"LEAD,STORAGE BATTERY",
3439,009377062,04987,"SOLDER,TIN ALLOY",
2995,009411195,77777,RECEPTACLE AND LEAD,
6680,009439818,77777,FLOAT COPPER 8IN,"INDICATOR,WATER STAGE,AUDIO SIGNALLING"
6505,009444126,31533,DEXAMETHASONE SODIUM PHOSPHATE I,
6150,009459032,16129,"LEAD,STORAGE BATTERY",
4510,009465518,77777,LEAD ASSY BRNER,
5975,009471394,77777,CLAMP NICKEL ELEMEN,
7490,009478395,77777,INGUT OR PIG LEAD,
2995,009490535,77777,RECEPTACLE AND LEAD,
5841,009491660,77777,LEAD SCREW ASSY,
1615,009496094,77777,"CAP,LEAD TAIL ROTOR",
6115,009505835,77777,"LEAD UNIT,ELECTRICA",
9650,009509038,77777,COPPER BILLET,
9650,009509039,77777,COPPER BILLET,
9650,009509040,77777,COPPER BILLET,
9650,009509041,77777,COPPER BILLET,
9650,009509042,77777,COPPER BILLET,
9650,009509043,77777,COPPER BILLET,
5410,009523385,77777,"PATCH,ALUMINUM",
5410,009523386,77777,"PATCH,ALUMINUM",
5410,009523526,77777,"PATCH,ALUMINUM",
8135,009527188,77777,"WRAP,ALUMINUM",
6625,009527613,77777,POWER LEAD,
1420,009533485,77777,"LEAD,PRINTED CIRCUI",
3439,009551823,04987,"SOLDER,TIN ALLOY",
6680,009557979,77777,GASKET COPPER SEALI,
2925,009560293,77777,"LEAD ASSEMBLY,IGNITION",
6850,009561680,77777,"SULFATE,COPPER",
3439,009564183,15661,"BRAZING ALLOY,SILVER",
6810,009565665,24437,"ZINC SULFIDE,ANHYDROUS",
6810,009565671,24436,"ZINC,REAGENT",
9650,009566019,32113,"INGOT,TIN ALLOY",
6810,009566276,11955,LEAD MONOXIDE,
6505,009577997,10126,ALUMINUM HYDROXIDE GEL WITH MAGN,
6810,009578770,12375,"ALUMINUM CHLORIDE,ANHYDROUS,REAG",
6505,009578785,09348,HISTAMINE PHOSPHATE INJECTION,
5180,009584401,77777,"TOOL SET,LEAD FORMI",
3439,009586215,04987,"SOLDER,TIN ALLOY",
6505,009588028,36850,ALUMINUM ACETATE TOPICAL SOLUTIO,
1660,009600686,77777,"LEAD ASSY,HARNESS",
1040,009604413,77777,"SPHERES,ALUMINUM,SP",
7050,009606305,77777,BUSHING GRAPHITE,
7050,009606771,77777,"CONTACT,SILVER",
7050,009606773,77777,"CONTACT,SILVER",
7050,009606774,77777,"CONTACT,SILVER",
3439,009610733,04986,"SOLDER,LEAD-TIN ALLOY",
2925,009612117,77777,"PARTS KIT,LEAD,OVER",
9650,009613387,06919,LEAD SHOT,
7050,009617690,77777,GERMANIUM RECTIFIER,
7050,009617698,77777,"CONTACT,SILVER",
2995,009626532,77777,RECEPTACLE AND LEAD,
3439,009627476,04987,"SOLDER,TIN ALLOY",
3960,009629579,77777,"HOLDER,COPPER CONTA",
3960,009629582,77777,"CONTACT,COPPER",
3960,009629583,77777,"CONTACT,COPPER",
3960,009629585,77777,"CONTACT,COPPER",
6810,009632299,77777,"CHLORIDE,TIN STANNO",
6810,009632300,77777,"CHLORIDE,ZINC GRANU",
6150,009633951,16129,"LEAD,STORAGE BATTERY",
5330,009634640,77777,"GASKET,SOLID,COPPER",
3960,009634893,77777,"LEAD,FLE,IBLE",
3960,009634925,77777,"CONTACT,SILVER TIP",
6505,009635355,31533,DEXAMETHASONE SODIUM PHOSPHATE I,
9650,009638303,77777,LEAD INGOT,
6810,009641548,23366,LEAD CARBONATE,
9650,009650482,16065,LEAD PIG,
9650,009650483,16065,LEAD PIG,
9650,009650484,16065,LEAD PIG,
9650,009650485,16084,ZINC SLAB,
9650,009650486,16084,ZINC SLAB,
9650,009650487,16084,ZINC SLAB,
9650,009650488,16084,ZINC SLAB,
9650,009650489,16084,ZINC SLAB,
9650,009650490,16084,ZINC SLAB,
4710,009652382,77777,"TUBE,BENT,NICKEL AL","ENGINE, AIRCRAFT TF39-GE-1 (C-5A)"
6520,009652418,77777,"CHROMIUM ALLOY,CASTING,DENTAL",
3439,009660354,04986,"SOLDER,LEAD-TIN ALLOY",
6145,009661321,77777,"WIRE,COPPER",
6145,009661325,77777,"WIRE,COPPER",
6145,009661330,77777,"WIRE,COPPER",
5330,009661524,77777,"GASKET,COPPER,NORWA",
4930,009661635,77777,"TUBING,COPPER",
4930,009661636,77777,"TUBING,COPPER",
2915,009669710,77777,"PLUG,LEAD",
1720,009670274,77777,LEAD SLIDER,
6505,009676992,25533,SODIUM PHOSPHATE SOLUTION,
3439,009683370,04987,"SOLDER,TIN ALLOY",
3439,009683375,15661,"BRAZING ALLOY,SILVER",
3439,009683557,15661,"BRAZING ALLOY,SILVER",
6115,009692380,77777,LEAD,
5330,009693339,77777,"SEAL,LEAD",
5650,009695305,77777,"WASHER,ROOFING LEAD",
5670,009695306,77777,"ROOFING CAPS,TIN",
4520,009704262,77777,"CHANNEL,ALUMINUM ALLOY",
6810,009716172,23690,ANTIMONY PENTACHLORIDE,
3439,009718681,04986,"SOLDER,LEAD-TIN ALLOY",
5120,009724711,77777,TOOL LEAD FORMING,
4935,009725236,77777,"TEST LEAD,SAFETY-AR",
7490,009725341,77777,"LEAD,ANGLE",
7490,009725342,77777,"LEAD,ANGLE,TRACK",
7490,009725352,77777,"LEAD,ANGLE,TRACK",
4470,009729997,77777,LEAD GLASS WINDOW,
2920,009730920,77777,LEAD ASSEMBLY,
6810,009738893,23488,BISMUTH,
6810,009738896,12595,ANTIMONY,
6505,009739495,10732,SODIUM PHOSPHATE,
3439,009741873,04987,"SOLDER,TIN ALLOY",
6810,009743619,77777,"AMMONIUM PHOSPHATE,",
6810,009743625,77777,COPPER TURNING,
6810,009743626,77777,COPPER TURNING,
6810,009743633,23443,LEAD CHROMATE,
6810,009743634,77777,"MAGNESIUM O,IDE,CP",
9650,009750360,06919,LEAD SHOT,
6810,009750566,23922,"BORON TRIFLUORIDE ETHERATE,TECHN",
6810,009750699,11994,"NICKEL SULFATE,HEXAHYDRATE",
6810,009751515,11955,LEAD MONOXIDE,
6810,009751521,12447,LITHIUM HYDROXIDE,
3010,009755804,77777,LEAD AND BELLOWS AS,
4410,009762325,77777,"CELL,LEAD SULPHITE",
5307,009781280,77777,"STUD,LEAD,AZIMUTH",
3610,009800203,02638,"LEAD,TYPESETTING,SPACING MATERIA",
2925,009805748,77777,LEAD ASSEMBLY,
2925,009805749,77777,LEAD ASSEMBLY,
1377,009807357,77777,"FIRING DEVICE,EXPLOSIVE LEAD",T-28 ACFT EMERGENCY ESCAPE SYS
1377,009807358,77777,EXPLOSIVE LEAD ASSE,
1377,009807359,77777,EXPLOSIVE LEAD ASSE,
3439,009815713,04986,"SOLDER,LEAD-TIN ALLOY",
3439,009820138,04985,"SOLDER,LEAD ALLOY",
9510,009820271,77777,TUNGSTEN ROD,
9510,009820272,77777,TUNGSTEN ROD,
6810,009820282,12413,COPPER,
6810,009820283,12411,"COPPER,ACS",
9650,009821986,06919,LEAD SHOT,
9650,009821987,06919,LEAD SHOT,
9515,009822500,77777,TUNGSTEN SHEET,
6810,009822910,24208,COBALT,
6810,009824204,24259,LITHIUM NITRATE,
9650,009824482,32095,"INGOT,ALUMINUM ALLOY",
6810,009825125,24280,CHROMIUM OXIDE,
6810,009826000,24260,MANGANESE CARBONATE,
7520,009826120,16737,"LEAD REPOINTER,PENCIL",
6505,009827176,29471,LITHIUM BROMIDE,
6810,009827284,24344,SILVER ACETATE,
6810,009827299,24330,NICKEL MONOXIDE,
6810,009827300,24329,"NICKEL AMMONIUM SULFATE,HEXAHYDR",
3815,009838029,06101,"LEAD SECTION,TOP,PILE DRIVER",
6505,009849437,10568,MAGNESIUM SULFATE,
6810,009849777,11987,"NICKEL CHLORIDE,HEXAHYDRATE",
6810,009849778,11987,"NICKEL CHLORIDE,HEXAHYDRATE",
6810,009849786,12647,NICKEL,
6810,009849788,12455,MANGANESE DIOXIDE,
9525,009853399,77777,LEAD,
9525,009853597,77777,LEAD,
3439,009856257,04986,"SOLDER,LEAD-TIN ALLOY",
6520,009857251,13969,"BAND,COPPER,DENTAL",
3439,009861102,04987,"SOLDER,TIN ALLOY",
2925,009867122,77777,"LEAD,RETARD",
1730,009867850,77777,"LEAD ASSY,SHIELDED",
1560,009871863,77777,"SCREEN,ANTENNA LEAD SHIELD",
3439,009883882,15661,"BRAZING ALLOY,SILVER",
6740,009884431,77777,"WHEEL,GRAPHITE MARK",
6505,009889341,38927,SULFURATED POTASH,
6810,009889363,12714,ZINC,
6810,009889371,12568,"ZINC ACETATE,DIHYDRATE",
6810,009889385,12542,"SODIUM PHOSPHATE,MONOBASIC,MONOH",
3439,009893115,04987,"SOLDER,TIN ALLOY",
2925,009922508,77777,LEAD ASSEMBLY,
2920,009923727,77777,"SHIELDED LEAD ASSY,",
1680,009923882,77777,"TUBE,ALUMINUM ALLOY",
1680,009923883,77777,"TUBE,ALUMINUM ALLOY",
1280,009925122,77777,"LEAD ASSEMBLY,SCREW",
6630,009926375,77777,"COLUMN,ALUMINUM",
6810,009933571,77777,SILVER,
6810,009933572,77777,SILVER,
3439,009961819,15661,"BRAZING ALLOY,SILVER",
6150,009963751,16129,"LEAD,STORAGE BATTERY",
1220,009974560,61057,"SIGHT,LEAD COMPUTING,AUTOMATIC",
5365,009981859,77777,"BUSHING,FAIR-LEAD",
6810,009984650,12710,"TIN,ANALYZED REAGENT",
5950,009993557,77777,"CASE,ALUMINUM,MINIA",
2590,009999955,77777,"LEAD,STORAGE BATTER",
3439,010034550,04987,"SOLDER,TIN ALLOY",
2835,010035719,77777,"LEAD ASSEMBLY,TURBI",
6625,010037410,77777,LEAD SCREW,"GENERATOR,PULSE JETDS TYPE AN/USM-397"
1375,010039074,77777,"LEAD,EXPLOSIVE ASSEMBLY",
3439,010039804,77777,"WIRE,SPRAY GUN,ALUMINUM",METCO MODEL2E TO 10E WIRE METALIZING GUNS
2835,010040561,77777,"LEAD ASSEMBLY,DECOUPLER","GEARBOX,ACCESSORY DRIVE,TURBINE ENGINE,PART NUMBER 386720-1"
2835,010040562,77777,"LEAD,DECOUPLER","GEARBOX,ACCESSORY DRIVE,TURBINE ENGINE,PART NUMBER 386706-1"
6505,010043542,30790,"ALUMINUM HYDROXIDE GEL,DRIED,TAB",
6505,010043543,30790,"ALUMINUM HYDROXIDE GEL,DRIED,TAB",
2995,010051618,77777,LEAD HIGH TENSION,
5342,010051666,77777,"SEAL,ALUMINUM",
6150,010052010,16129,"LEAD,STORAGE BATTERY",
5342,010052820,77777,"BRACKET,ALUMINUM",
6115,010055601,77777,ZINC GENERATOR TYPE,
6520,010057556,13819,"SILVER ALLOY PELLET,DENTAL",
4430,010061536,77777,"WIRE,ELEMENT LEAD",
6150,010064733,16129,"LEAD,STORAGE BATTERY",
4920,010064754,77777,"TOOL,ROLLING,LEAD SEAL",ACFT A-10A
6510,010065838,30530,"PAD,PETROLATUM AND BISMUTH TRIBR",
6505,010065977,35899,"ALUMINUM HYDROXIDE,CALCIUM CARBO",
1680,010072967,77777,"WEIGHT,LEAD",
3439,010075490,04987,"SOLDER,TIN ALLOY",
3439,010075491,04987,"SOLDER,TIN ALLOY",
5670,010080828,77777,"ELBOW,ALUMINUM",
3439,010082590,04987,"SOLDER,TIN ALLOY",
6505,010083054,32725,UNDECYLENIC ACID AND ZINC UNDECY,
5975,010083109,77777,"LEAD,SLEEVE,SPREADE",
3439,010087577,04987,"SOLDER,TIN ALLOY",
3439,010087578,04987,"SOLDER,TIN ALLOY",
3439,010087579,04987,"SOLDER,TIN ALLOY",
3439,010087580,04987,"SOLDER,TIN ALLOY",
7520,010087640,16737,"LEAD REPOINTER,PENCIL",
5340,010088944,77777,"SEAL,LEAD",
3439,010096255,04987,"SOLDER,TIN ALLOY",
3439,010101684,04987,"SOLDER,TIN ALLOY",
9660,010102625,32789,"RHODIUM,RECLAIMED",
6150,010104079,16129,"LEAD,STORAGE BATTERY",
5930,010106281,77777,"SWITCH,LEAD ASSEMBLY",
6850,010112351,77777,"BRUSH PLATING SOLUTION,COPPER",
5815,010114904,77777,"LABEL,ALUMINUM,ADHESIVE ON BACK,",
6130,010117313,77777,SILICON CONTROLLED,
6150,010117592,16129,"LEAD,STORAGE BATTERY",
7510,010119458,15847,"LEAD,PENCIL,GRAPHITE",
3439,010123281,04987,"SOLDER,TIN ALLOY",
3439,010126659,04987,"SOLDER,TIN ALLOY",
3439,010127137,04987,"SOLDER,TIN ALLOY",
6150,010127350,16129,"LEAD,STORAGE BATTERY",
9150,010127533,77777,"LUBRICANT,ALUMINUM BEARING CONDI",
1015,010147390,77777,LEAD ASSEMBLY ELECT,
6505,010149253,09160,INSULIN PROTAMINE ZINC SUSPENSIO,
2925,010160876,77777,"LEAD ASSEMBLY,IGNITION",
6810,010161806,77777,"NICKEL CARBONATE,TECHNICAL",
6850,010161807,77777,SULFAMATE NICKEL PLATING SOLUTIO,
3439,010171395,15661,"BRAZING ALLOY,SILVER",
3439,010171396,15661,"BRAZING ALLOY,SILVER",
3439,010171397,15661,"BRAZING ALLOY,SILVER",
3439,010171398,15661,"BRAZING ALLOY,SILVER",
3439,010171399,15661,"BRAZING ALLOY,SILVER",
3439,010171406,15661,"BRAZING ALLOY,SILVER",
3439,010171409,15661,"BRAZING ALLOY,SILVER",
3439,010179118,04987,"SOLDER,TIN ALLOY",
2995,010181304,77777,LEAD ASSEMBLY,
2995,010181305,77777,LEAD ASSEMBLY,
4470,010198087,77777,"ANODE,ZINC",
4470,010198088,77777,"SUPPORT PLUG,ZINC",
3439,010200040,04986,"SOLDER,LEAD-TIN ALLOY",
5680,010202794,77777,EXTRUDED ALUMINUM,
4530,010203081,77777,"CELL,LEAD SULPHIDE",
1386,010203441,77777,"ADAPTER ASSEMBLY,FIRING LEAD",
3439,010205014,04986,"SOLDER,LEAD-TIN ALLOY",
6150,010206596,16129,"LEAD,STORAGE BATTERY",
3426,010206630,77777,ROD ZINC,
9150,010206710,11107,"GRAPHITE,COLLOIDAL",
6810,010210059,77777,"SILICON,SPECIAL",
6640,010215762,77777,"FURNACE,GRAPHITE",
6615,010231311,77777,"LEAD ASSEMBLY,BODY",
2915,010234439,77777,LEAD WIRE ASSY,
3439,010235692,04986,"SOLDER,LEAD-TIN ALLOY",
6810,010236500,20445,MAGNESIUM OXIDE,
2915,010238769,77777,LEAD WIRE ASSY,
1270,010251433,77777,"AMPLIFIER,LEAD COMPUTING",AN/ASG-30 LEAD COMPUTING OPTICAL SIGHT SYSTEM
9620,010251508,16122,"GRAPHITE,DRY",
9620,010251509,16122,"GRAPHITE,DRY",
3439,010251524,04987,"SOLDER,TIN ALLOY",
1220,010260155,61057,"SIGHT,LEAD COMPUTING,AUTOMATIC",
2590,010264527,77777,LEAD ASSEMBLY AND BUS BAR,2350005825595
1620,010270374,77777,LEAD SEAL,ACFT MODEL A-10
6505,010272056,29471,LITHIUM BROMIDE,
6150,010276010,16129,"LEAD,STORAGE BATTERY",
6810,010276112,77777,ALUMINUM ETCHANT,
6150,010279035,16129,"LEAD,STORAGE BATTERY",
5305,010279685,77777,"SCREW,LEAD",
1650,010279761,77777,"CYLINDER,ALUMINUM",
6505,010284891,42761,"ALUMINUM HYDROXIDE GEL,DRIED,CAP",
1560,010287987,77777,"RUB STRIP,WING LEAD",E3A AWACS
5342,010288003,77777,"COVER,LEAD EXIT",
5961,010289300,77777,"RECTIFIER ASSY,SILICON",
1560,010289679,77777,"RUB STRIP,WING LEAD",E3A AWACS
1670,010298554,77777,"LINE,LEAD",
2835,010299357,77777,"CONNECTOR,LEAD ASSE",
2835,010299358,77777,"CONNECTOR,LEAD ASSE",
3439,010302412,77777,"BRAZING KIT,SILVER",
3439,010302413,77777,"BRAZING KIT,ALUMINUM",
7510,010314780,15848,"LEAD,PENCIL,COLORED",
7510,010314781,15848,"LEAD,PENCIL,COLORED",
7510,010314782,15848,"LEAD,PENCIL,COLORED",
1370,010319045,77777,"LEAD,RESISTOR ASSEMBLY","DISPENSER,SUU-25E/A"
3439,010319667,15661,"BRAZING ALLOY,SILVER",
1680,010322826,77777,"CONTROL BOX,STRAIGHT LEAD",
7520,010324765,16737,"LEAD REPOINTER,PENCIL",
7510,010324778,15848,"LEAD,PENCIL,COLORED",
2925,010330141,77777,"LEAD,IGNITOR PLUG",ACFT MODEL J85-GE-21
4935,010330849,77777,LEAD,
1630,010334602,77777,"WEIGHT,LEAD BALANCE",E3A AIRCRAFT
6810,010338492,12581,ALUMINUM,
5935,010344032,77777,"PACKAGE,10 LEAD TO","6625002023475,CURVE TRACER"
1095,010344334,77777,"CABLE ASSEMBLY,FIRING LEAD",F-4 AND A-7D AIRCRAFT
7025,010344810,77777,LAMPHOLDER-LEAD ASSEMBLY,BOEING E-3A FLIGHT SIMULATOR
6620,010347632,77777,LEAD AND TERMINAL A,
7025,010348724,77777,LAMPHOLDER-LEAD ASSEMBLY,BOEING E-3A FLIGHT SIMULATOR
6740,010349038,77777,SILVER RECOVERY UNIT,
6625,010355821,77777,"PACKAGE,8 LEAD TO","6625002023475,CURVE TRACER"
1680,010356322,77777,"COVER,ALUMINUM",1680005161749
5930,010357041,77777,"SWITCH,SILICON CONTROL",7450010060888
6150,010358921,16129,"LEAD,STORAGE BATTERY",
1560,010359033,77777,"SEAL,ALUMINUM",
3439,010361263,15661,"BRAZING ALLOY,SILVER",
3439,010361265,15661,"BRAZING ALLOY,SILVER",
3439,010361266,15661,"BRAZING ALLOY,SILVER",
3439,010365762,04987,"SOLDER,TIN ALLOY",
6550,010374729,39470,"TEST PACK,MAGNESIUM DETERMINATIO",
2840,010378440,77777,"BRACKET,IGNITER LEAD-FRONT","AIRCRFT ENGINE,J85-GE-21A"
5961,010379110,77777,SILICON RECTIFIER ASSEMBLY,PP-34/MM
5342,010379516,77777,"BRACKET,SENSOR LEAD",
3439,010380526,04987,"SOLDER,TIN ALLOY",
2920,010380976,77777,"LEAD,PLUG,IGNITOR",GRUMMAN AEROSPACE CORP A10 AIRCRAFT
6810,010381175,12692,"SODIUM PHOSPHATE,TRIBASIC,DODECA",
6150,010382328,16129,"LEAD,STORAGE BATTERY",
2840,010385562,77777,"BRACKET,IGNITER LEAD-REAR",AIRCRFT ENGINE J85-GE-21A
3439,010390064,04987,"SOLDER,TIN ALLOY",
9660,010390320,32787,"PALLADIUM,RECLAIMED",
2925,010396856,77777,"LEAD,AB IGNITION",RELOCATED AB IGNITER
6605,010399293,77777,LEAD AND RESISTOR ASSEMBLY,F-15 ACFT
3439,010400913,04987,"SOLDER,TIN ALLOY",
3439,010401123,04987,"SOLDER,TIN ALLOY",
4620,010403785,77777,"ANODE,LEAD,DISSOLVED OXYGEN ANAL",
5940,010409141,77777,LEAD THRU,
6150,010414884,16129,"LEAD,STORAGE BATTERY",
6625,010419350,77777,TEST LEAD AND ADAPTER SET,
6750,010420336,77777,"PAPER,DRY SILVER","MINNESOTA MINING AND MANUFACTURING CO.,500 SERIES MICROFILM READER-PRINTERS"
6150,010423489,16129,"LEAD,STORAGE BATTERY",
6150,010430154,16129,"LEAD,STORAGE BATTERY",
6150,010430155,16129,"LEAD,STORAGE BATTERY",
1430,010432237,77777,LEAD ASSEMBLY-NUTAT,
3439,010435372,04987,"SOLDER,TIN ALLOY",
7360,010435419,77777,"HANDRAIL,ALUMINUM",7360-00-138-7782
6505,010436796,33303,ALUMINUM OXIDE AND POLYOXYETHYLE,
6150,010442419,16129,"LEAD,STORAGE BATTERY",
1560,010447694,77777,"SEAL,ALUMINUM",ACFT MODEL F-4
6150,010448803,16129,"LEAD,STORAGE BATTERY",
6150,010450265,16129,"LEAD,STORAGE BATTERY",
3439,010450479,04987,"SOLDER,TIN ALLOY",
4920,010451124,77777,"HANDLE,ALUMINUM ALL",
6105,010457236,77777,SLIP RING-LEAD ASSY,
3439,010457939,04987,"SOLDER,TIN ALLOY",
3439,010459144,15661,"BRAZING ALLOY,SILVER",
3439,010461471,04987,"SOLDER,TIN ALLOY",
7360,010463526,77777,"POLE,ALUMINUM",7360001387762
3439,010464850,04987,"SOLDER,TIN ALLOY",
6505,010465772,31533,DEXAMETHASONE SODIUM PHOSPHATE I,
9150,010470022,77777,GRAPHITE SOLUTION,"GENERAL ELECTRIC CO. DATA COMMUNICATION PRODUCTS DEPT,PRINTERS,TERMINET 300 AND 1200"
5865,010472467,77777,"MATERIAL,GOLD AND TIN",APR-38
3950,010475768,77777,"RETAINER,LEAD SCREW",MODEL MK 11 CARGO DROP REEL
6810,010482023,11794,"POTASSIUM PHOSPHATE,MONOBASIC",
7510,010482177,77777,LEAD PLASTIC DRAWING,
6150,010483202,16129,"LEAD,STORAGE BATTERY",
6685,010491783,77777,"PROGRAMMER,TEMPERATURE,GRAPHITE",
6685,010493725,77777,"CONNECTOR,LEAD ASSE",ENGINE MODEL TF34-GE-2
6685,010493726,77777,"CONNECTOR,LEAD ASSEMBLY",ENGINE MODEL TF34-GE-2
3439,010500125,04987,"SOLDER,TIN ALLOY",
3439,010504788,04987,"SOLDER,TIN ALLOY",
6150,010505754,16129,"LEAD,STORAGE BATTERY",
1320,010508860,77777,LEAD CUP ASSEMBLY,
1320,010508879,77777,LEAD CUP ASSEMBLY,
1390,010508892,77777,LEAD CUP ASSEMBLY,
1390,010508902,77777,CHARGE LEAD,
5342,010509783,77777,LEAD CLAMP,
1390,010510840,77777,LEAD CUP ASSEMBLY,
6505,010510925,32517,"ALUMINUM CARBONATE GEL,BASIC,TAB",
6505,010510932,31890,"ALUMINUM CARBONATE,BASIC,GEL",
4940,010513833,77777,"TEST KIT,ELECTROLESS NICKEL PLAT",
4935,010514986,77777,"PACK,PALLADIUM",
1345,010515659,77777,LEAD ASSEMBLY,
1330,010515660,77777,LEAD CUP ASSEMBLY,
7520,010518716,77777,"CUTTER,REPOINTER LEAD",
6505,010519281,27807,"POTASSIUM PHOSPHATE,MONOBASIC,TA",
6505,010520509,28576,"SILVER PROTEIN,MILD,SOLUTION",
6505,010520510,28576,"SILVER PROTEIN,MILD,SOLUTION",
6505,010522866,31363,ZINC SULFATE CAPSULES,
1270,010523821,61057,"SIGHT,LEAD COMPUTING,AUTOMATIC",
1376,010524143,77777,"COMPOSITION,TUNGSTEN,DELAY",
9620,010534312,16122,"GRAPHITE,DRY",
6150,010535543,16129,"LEAD,STORAGE BATTERY",
6740,010536244,77777,SILVER RECOVERY SYSTEM,
2815,010537348,77777,LEAD,
2815,010537352,77777,LEAD,
6685,010539658,77777,LEAD THROUGH ASSY,
6150,010540918,16129,"LEAD,STORAGE BATTERY",
6505,010541302,34177,DISOPYRAMIDE PHOSPHATE CAPSULES,
6505,010541303,34177,DISOPYRAMIDE PHOSPHATE CAPSULES,
5845,010542197,77777,"HEADER,MULTI-LEAD,G",
6150,010544732,16129,"LEAD,STORAGE BATTERY",
1390,010545131,77777,LEAD CUP ASSEMBLY,
1325,010545150,77777,LEAD ASSEMBLY,
1325,010545153,77777,"LEAD ASSEMBLY,DISPENSER FUZE",
1390,010550966,77777,LEAD CUP ASSEMBLY,
1325,010550967,77777,LEAD CUP ASSEMBLY,
3439,010551639,04987,"SOLDER,TIN ALLOY",
3439,010555038,04987,"SOLDER,TIN ALLOY",
4470,010555916,77777,"CAP,LEAD,UPPER",
7510,010565317,77777,"LEAD,DRAFTING INSTRUMENT",
1345,010565331,77777,LEAD CUP ASSEMBLY,
3439,010571167,04987,"SOLDER,TIN ALLOY",
6105,010572196,77777,"SUPPORT,LEAD",
3439,010573480,04987,"SOLDER,TIN ALLOY",
6640,010576334,77777,"FURNACE,GRAPHITE","6650-01-022-8322; INSTRUMENT DIV PERKIN-ELMER CORP,ATOMIC ABSORPTION SPECTROPHOTOMETERS,MODELS 503 AND 603"
3540,010579836,77777,LEAD MOTOR,
3439,010586797,04987,"SOLDER,TIN ALLOY",
3439,010586799,04987,"SOLDER,TIN ALLOY",
5975,010587321,77777,"BUSHING,SCREW LEAD",AN/GSQ-120(V)-1
7510,010590695,15847,"LEAD,PENCIL,GRAPHITE",
5110,010592794,77777,"CUTTER,SPECIAL,BORON REPAIR","F-14A; AIRCRAFT, TOMCAT F-14"
5110,010592795,77777,"CUTTER,SPECIAL,BORON REPAIR",
5110,010592796,77777,"CUTTER,SPECIAL,BORON REPAIR","F-14A AIRCRAFT; AIRCRAFT, TOMCAT F-14"
3040,010593736,77777,"SHAFT,LEAD SCREW",AH-1T AIRCRAFT
6150,010594304,16129,"LEAD,STORAGE BATTERY",
5340,010599543,77777,"CLAMP,MOTOR LEAD",
6150,010600972,16129,"LEAD,STORAGE BATTERY",
7025,010603124,77777,FLEXIBLE LEAD ASSEM,
6685,010603179,77777,LEAD ASSEMBLY,
3439,010614590,04987,"SOLDER,TIN ALLOY",
6505,010616582,49436,ALUMINUM CHLORIDE ORAL TOPICAL S,
6150,010617523,16129,"LEAD,STORAGE BATTERY",
6150,010621458,16129,"LEAD,STORAGE BATTERY",
6150,010621459,16129,"LEAD,STORAGE BATTERY",
6505,010626638,34177,DISOPYRAMIDE PHOSPHATE CAPSULES,
6505,010626639,34177,DISOPYRAMIDE PHOSPHATE CAPSULES,
6505,010626689,30843,LITHIUM CARBONATE CAPSULES,
6150,010627540,77777,LEAD ASSEMBLY,
3439,010627589,04987,"SOLDER,TIN ALLOY",
6520,010627694,77777,"CEMENT POWDER,ZINC OXIDE,DENTAL",
6150,010630126,16129,"LEAD,STORAGE BATTERY",
4470,010633946,77777,LEAD SCREW TIE ROD,
3439,010637412,15661,"BRAZING ALLOY,SILVER",
3439,010637413,15661,"BRAZING ALLOY,SILVER",
3439,010637414,15661,"BRAZING ALLOY,SILVER",
5310,010638276,77777,"WASHER,COPPER",
6850,010641685,77777,"BRUSH PLATING SOLUTION,COPPER",
6850,010641686,77777,"BRUSH PLATING SOLUTION,NICKEL",
6850,010641687,77777,"BRUSH PLATING SOLUTION,NICKEL",
6850,010641689,77777,"BRUSH PLATING SOLUTION,COPPER",
1340,010642840,77777,"CUP,LEAD BOOSTER",
5815,010644285,77777,LEAD ASSEMBLY,
5995,010646069,77777,"LEAD,SPECIAL,ELECTRICAL",
5110,010646076,77777,"CUTTER,SPECIAL,BORON REPAIR",
5342,010648691,77777,"CLIP,STATOR LEAD",
5110,010648934,77777,"CUTTER,SPECIAL,BORON REPAIR","F-14A AIRCRAFT; AIRCRAFT, TOMCAT F-14"
6150,010650481,16129,"LEAD,STORAGE BATTERY",
6505,010651050,33774,CHOLINE MAGNESIUM TRISALICYLATE,
4920,010651086,77777,INDIUM SEAL,"CRYO TEST SET,AN-ASM-483,BOEINGCO"
3439,010655014,15661,"BRAZING ALLOY,SILVER",
5110,010658513,77777,"CUTTER,SPECIAL,BORON REPAIR","F-14A AIRCRAFT; AIRCRAFT, TOMCAT F-14"
6150,010658924,77777,LEAD ASSEMBLY NUTAT,
6150,010659345,16129,"LEAD,STORAGE BATTERY",
2925,010665231,77777,"LEAD,IGNITOR",
6850,010668311,77777,"BRUSH PLATING SOLUTION,TIN",
2925,010670122,77777,"CONNECTOR,LEAD ASSEMBLY",AIRCRAFT ENGINE MODEL T58
2925,010670123,77777,"CONNECTOR,LEAD ASSEMBLY",AIRCRAFT ENGINE MODEL T58
2590,010671742,77777,LEAD ASSEMBLY,
6505,010674849,28034,MAGNESIUM SULFATE INJECTION,
2590,010678028,77777,"LEAD ASSY,RESISTOR",
2590,010678029,77777,LEAD ASSEMBLY,
2590,010678030,77777,"LEAD ASSY,RELAY",
2590,010678031,77777,LEAD ASSEMBLY,
6150,010678225,16129,"LEAD,STORAGE BATTERY",
8010,010681160,77777,"PAINT,ALUMINUM",
5120,010681561,77777,"MALLET,COPPER",
3895,010683074,06104,"LEAD,PILE DRIVER",
5820,010684390,77777,CESIUM BEAM TUBE,
6145,010685897,77777,LEAD A,
6145,010686129,77777,LEAD A,
6150,010686235,16129,"LEAD,STORAGE BATTERY",
8135,010687040,77777,"TAPE,ALUMINUM FOIL",
6810,010687042,12410,CHROMIUM TRIOXIDE,
5910,010687192,77777,CAPACITOR AND LEAD,
6145,010687263,77777,LEAD ASSEMBLY,
3439,010688533,15661,"BRAZING ALLOY,SILVER",
3439,010689239,04987,"SOLDER,TIN ALLOY",
6150,010689992,16129,"LEAD,STORAGE BATTERY",
4920,010693667,77777,"PATCH,ALUMINUM",
1270,010699082,77777,"LEAD ASSY,HIGH VOLTAGE",
5320,010701209,77777,"RIVET,COPPER",
3439,010701877,04985,"SOLDER,LEAD ALLOY",
6150,010709797,16129,"LEAD,STORAGE BATTERY",
3439,010714279,04987,"SOLDER,TIN ALLOY",
9535,010714394,77777,"LEAD SHEET,POLYVINY",
9535,010714395,77777,"LEAD SHEET,POLYVINY",
6505,010715609,28034,MAGNESIUM SULFATE INJECTION,
1390,010716027,77777,"CUP,LEAD BOOSTER",
6520,010716647,13819,"SILVER ALLOY PELLET,DENTAL",
2920,010718529,77777,"LEAD,IGNITOR",
2920,010720800,77777,CLIP AND LEAD,"GENERATOR,FSCM 16764,P/N 1117673,FOR TRACTOR,TE"
6150,010722081,16129,"LEAD,STORAGE BATTERY",
1270,010724359,77777,LEAD SCREW AND GEAR ASSEMBLY,"AN/AAQ-9,DETECTING SET,INFRARED"
4920,010726141,77777,TEST LEAD ASSEMBLY,
4920,010726142,77777,TEST LEAD ASSEMBLY,
6685,010728334,77777,"LEAD ASSEMBLY,THERMOCOUPLE",GENERAL ELECTRIC TF-39 ENGINE
6685,010728337,77777,"LEAD ASSEMBLY,THERMOCOUPLE",GENERAL ELECTRIC TF-39 ENGINE
6685,010728338,77777,"LEAD ASSEMBLY,THERMOCOUPLE",GENERAL ELECTRIC TF-39 ENGINE
6685,010728339,77777,"LEAD ASSEMBLY,THERMOCOUPLE",GENERAL ELECTRIC TF-39 ENGINE
5310,010728932,77777,NUT-LEAD SCREW,
7510,010732022,15847,"LEAD,PENCIL,GRAPHITE",
6505,010740934,10287,ALUMINUM HYDROXIDE GEL,
6810,010742589,12692,"SODIUM PHOSPHATE,TRIBASIC,DODECA",
2835,010742796,77777,LEAD IGN PLUG APU,
3439,010745699,04985,"SOLDER,LEAD ALLOY",
2840,010747243,77777,LEAD IGNITION,
2840,010747244,77777,LEAD IGNITION,
3439,010749983,04985,"SOLDER,LEAD ALLOY",
1080,010755113,77777,"POLE,ALUMINUM,SUPPORT",1080005564954
6150,010757879,16129,"LEAD,STORAGE BATTERY",
5950,010758663,77777,COIL LEAD ASSEMBLY,
6605,010761168,77777,LEAD ASSEMBLY,
6605,010761204,77777,LEAD ASSEMBLY,
5920,010764634,77777,"COVER,FUSE LEAD",
3439,010767753,77777,"SOLDER,INDIUM ALLOY",
6150,010768493,16129,"LEAD,STORAGE BATTERY",
6810,010769571,77777,"ZINC,CONDITIONING REAGENT",
6150,010777838,16129,"LEAD,STORAGE BATTERY",
6150,010777839,16129,"LEAD,STORAGE BATTERY",
6105,010784244,77777,LEAD ASSEMBLY,
1351,010786084,77777,"LEAD ASSEMBLY,EXPLOSIVE",
6150,010786301,77777,LEAD ASSEMBLY,
1045,010790085,77777,"RING,BRAZE,SILVER",
5920,010796416,77777,"FUSE,CALTRIDGE,LEAD",
5930,010796725,77777,LEAD SWITCH,
1005,010798463,77777,"SLEEVING,LEAD COVER",M167A1 VULCAN (TOWED)
7510,010806170,77777,CLEANER LEAD PENCIL,
1325,010809334,77777,LEAD CUP ASSEMBLY,
6505,010809414,46729,PYRITHIONE ZINC SHAMPOO,
2920,010815134,77777,BRUSH HOLDER LEAD,2420010696903
6850,010822271,77777,CHROMIUM ACTIVATING SOLUTION,C141 AND C5-A AIRCRAFT
3439,010822317,04987,"SOLDER,TIN ALLOY",
9545,010823430,77777,SILVER RIBBON,
6810,010825415,12692,"SODIUM PHOSPHATE,TRIBASIC,DODECA",
5975,010831512,77777,"HANGER,TEST LEAD",
6505,010835938,35691,ALUMINUM ACETATE CREAM,
3910,010840251,77777,"ROLLER ASSEMBLY,TIP LEAD",
3439,010840982,04987,"SOLDER,TIN ALLOY",
3439,010842106,77777,"BRAZING KIT,ALUMINUM",
3910,010843643,77777,"ROLLER ASSEMBLY,LEAD",
5995,010849290,77777,"LEAD,SET ELECTRICAL",
6605,010855017,77777,"CLAMP,HIGH VOLTAGE LEAD",
6605,010855018,77777,"CLAMP,HIGH VOLTAGE LEAD",B-52 ACFT
3439,010857248,04987,"SOLDER,TIN ALLOY",
6505,010861992,48235,ASPIRIN AND CODEINE PHOSPHATE TA,
5810,010862507,77777,"WAFER,SILICON",
5810,010864675,77777,"WAFER,SILICON",
3439,010871536,04987,"SOLDER,TIN ALLOY",
6505,010874363,77777,"SODIUM CHLORIDE,MAGNESIUM CHLORI",
3439,010880538,04987,"SOLDER,TIN ALLOY",
4610,010883233,77777,"PADDLE,ALUMINUM",
6505,010894398,36820,LITHIUM CITRATE SYRUP,
6150,010900946,16129,"LEAD,STORAGE BATTERY",
3422,010911933,77777,"COLLAR,DUAL,NICKEL",
6760,010912958,77777,"CARTRIDGE,SILVER RECOVERY",WORLD WIDE RECOVERY SYSTEMS INC METALLIC EXCHANGE SYSTEM
6505,010917535,48235,ASPIRIN AND CODEINE PHOSPHATE TA,
1660,010918771,77777,"LEAD SCREW,ADJUSTING,COOLING",EC/135 C
7510,010922435,15847,"LEAD,PENCIL,GRAPHITE",
6615,010941249,77777,BALANCE WEIGHT ALUMINUM,
2925,010944771,77777,LEAD ASSY,
2835,010947662,77777,"LEAD,CONNECTOR",
1280,010952658,77777,"BALL,LEAD",
6850,010962274,18382,"CLEANING COMPOUND,ALUMINUM SURFA",
5985,010966826,77777,PRECISION LEAD SCR,
6685,010968258,77777,"LEAD ASSEMBLY,THERMOCOUPLE","6685001382890/HARNESS ASSY,THERMOCOUPLE"
6685,010968259,77777,"LEAD ASSEMBLY,THERMOCOUPLE","6685001382890/HARNESS ASSY,THERMOCOUPLE"
6150,010969672,16129,"LEAD,STORAGE BATTERY",
6150,010972001,16129,"LEAD,STORAGE BATTERY",
6105,010976754,77777,LEAD CLAMP ASSEMBLY,MOTOR AC
3439,010978535,04987,"SOLDER,TIN ALLOY",
6150,010980129,16129,"LEAD,STORAGE BATTERY",
3439,010983634,04987,"SOLDER,TIN ALLOY",
6105,010984513,77777,LEAD CLAMP ASSEMBLY,MOTOR AC
6505,010986563,10715,SILVER NITRATE OPHTHALMIC SOLUTI,
4470,010989479,77777,"WINDOW,VIEWING,LEAD GLASS",
4470,010989480,77777,"WINDOW,VIEWING,LEAD GLASS",
4470,010989534,77777,"WINDOW,VIEWING,LEAD GLASS",
4470,010989557,77777,"WINDOW,VIEWING,LEAD GLASS",
4470,010993751,77777,"WINDOW,VIEWING,LEAD GLASS",
6625,010994282,77777,CONNECTOR-LEAD ASSEMBLY,JETDS NO. AN/FPM-35
9650,010998143,32095,"INGOT,ALUMINUM ALLOY",
3439,010999290,04986,"SOLDER,LEAD-TIN ALLOY",
7010,011000289,77777,FLEX LEAD ASSEMBLY,
4470,011002307,77777,"WINDOW,VIEWING LEAD GLASS",
4470,011002308,77777,"WINDOW,VIEWING LEAD GLASS",
3439,011014429,04986,"SOLDER,LEAD-TIN ALLOY",
3439,011014430,04986,"SOLDER,LEAD-TIN ALLOY",
6520,011017006,30521,SILVER ALLOY POWDER AND MERCURY,
3590,011023729,77777,MOTOR AND LEAD ASSY,3590010948419
2925,011031239,77777,"LEAD,IGNITER PLUG",
2925,011031240,77777,"LEAD,IGNITER PLUG",
2990,011036627,77777,LEAD,
2925,011036925,77777,"LEAD,HIGH TENSION",
3040,011036933,77777,"LEAD,GROUND",
5961,011037671,77777,"TRANSISTOR,SILICON,",
6150,011039880,16129,"LEAD,STORAGE BATTERY",
6150,011039882,16129,"LEAD,STORAGE BATTERY",
6150,011039883,16129,"LEAD,STORAGE BATTERY",
3439,011046429,04987,"SOLDER,TIN ALLOY",
3439,011046430,04987,"SOLDER,TIN ALLOY",
1325,011047613,77777,"INSULATOR,LEAD SINK,TRANSISTOR",
2925,011053804,77777,"LEAD,IGNITER",
6810,011056826,12584,"ALUMINUM OXIDE,ANHYDROUS",
3439,011058371,04985,"SOLDER,LEAD ALLOY",
1015,011062141,77777,"BLOCK,ALUMINUM",
3439,011062713,04987,"SOLDER,TIN ALLOY",
3439,011065543,04987,"SOLDER,TIN ALLOY",
5310,011065811,77777,"WASHER,COPPER",
5330,011073252,77777,"SEAL,COPPER",
5330,011073253,77777,"SEAL,COPPER",
4920,011075519,77777,"TEST LEAD,SINGLE",
4920,011075520,77777,"TEST LEAD,SINGLE",
6625,011075521,77777,"TEST LEAD,DOUBLE",
5955,011082056,77777,"CRYSTAL,LITHIUM NIOBATE","ACFT MODEL A6E,TARGET RECOGNITION ATTACK MULTISENOR"
6150,011087328,16129,"LEAD,STORAGE BATTERY",
3610,011090006,77777,"PLATE,ALUMINUM",
5985,011090323,77777,SILICON CLOSURE,
6150,011095373,16129,"LEAD,STORAGE BATTERY",
5342,011099449,77777,"RETAINER,LEAD SCREW",
6505,011099472,31533,DEXAMETHASONE SODIUM PHOSPHATE I,
6625,011105845,77777,ALUMINUM OXIDE,
6150,011108274,16129,"LEAD,STORAGE BATTERY",
3439,011109016,04987,"SOLDER,TIN ALLOY",
6150,011113627,16129,"LEAD,STORAGE BATTERY",
6605,011119898,77777,"GUIDE,FLEX LEAD,INN",
6505,011129414,45498,LITHIUM CARBONATE EXTENDED-RELEA,
6520,011139213,30521,SILVER ALLOY POWDER AND MERCURY,
6640,011145911,77777,"FURNACE,GRAPHITE",
6150,011146622,16129,"LEAD,STORAGE BATTERY",
6625,011148023,77777,TEST LEAD KIT,
6150,011150858,16129,"LEAD,STORAGE BATTERY",
5305,011151765,77777,"SCREW,LEAD",
6150,011154548,16129,"LEAD,STORAGE BATTERY",
7510,011156877,77777,"LEAD,DRAFTING INSTRUMENT",
4920,011157000,77777,"FIXTURE,NICKEL EROS",
6630,011161903,77777,"ANALYZER,LEAD,CATALYTIC CONVERTE",
6505,011165655,48142,CLINDAMYCIN PHOSPHATE TOPICAL SO,
2835,011166359,77777,"PAPER,SILICON RELEA",
6150,011169211,16129,"LEAD,STORAGE BATTERY",
6150,011169212,16129,"LEAD,STORAGE BATTERY",
7520,011173906,16737,"LEAD REPOINTER,PENCIL",
2835,011175497,77777,IGNITION LEAD,
6150,011176364,16129,"LEAD,STORAGE BATTERY",
6150,011176365,16129,"LEAD,STORAGE BATTERY",
6150,011179510,16129,"LEAD,STORAGE BATTERY",
9630,011182787,16104,TUNGSTEN ALLOYING ADDITIVE,
3439,011184013,04986,"SOLDER,LEAD-TIN ALLOY",
3439,011184015,04986,"SOLDER,LEAD-TIN ALLOY",
5961,011184191,77777,"RECTIFIER,SILICON",
7510,011185949,15847,"LEAD,PENCIL,GRAPHITE",
5985,011186938,77777,LEAD TWIN SHIELDED,END ITEM ANTENNA
4470,011200461,77777,LEAD SCREW HANDLING,
4470,011200473,77777,LEAD SCREW SAFETY NUT ASSEMBLY,
5841,011202267,77777,CARD AND LEAD ASSEMBLY,LARA MULTIPLEXER F-111A/E
6510,011202642,30530,"PAD,PETROLATUM AND BISMUTH TRIBR",
6810,011204084,28860,MAGNESIUM,
5310,011204152,77777,"WASHER,COPPER",1940-01-105-5728
1005,011207325,77777,LEAD SPREADER,
7510,011214970,15847,"LEAD,PENCIL,GRAPHITE",
3439,011215822,04987,"SOLDER,TIN ALLOY",
2995,011216899,77777,RECEPTACLE AND LEAD ASSEMBLY,"ACTUATOR,ELECTRIC MOTOR 2995008095147;U/O RF-33 ACFT ENG"
3439,011223047,04987,"SOLDER,TIN ALLOY",
5120,011224878,77777,"TOOL,LEAD SEAL REMOVAL",
7510,011225017,15847,"LEAD,PENCIL,GRAPHITE",
6150,011227388,16129,"LEAD,STORAGE BATTERY",
6140,011228041,77777,"SADDLE,LEAD",
1325,011228436,77777,LEAD ASSEMBLY,
6150,011230146,16129,"LEAD,STORAGE BATTERY",
6150,011230147,16129,"LEAD,STORAGE BATTERY",
6150,011230149,16129,"LEAD,STORAGE BATTERY",
6150,011230150,16129,"LEAD,STORAGE BATTERY",
6150,011230152,16129,"LEAD,STORAGE BATTERY",
6150,011230154,16129,"LEAD,STORAGE BATTERY",
6150,011230155,16129,"LEAD,STORAGE BATTERY",
4710,011231932,77777,"TUBE,BENT,COPPER AL",
6810,011235018,28860,MAGNESIUM,
1390,011235040,77777,"PLUNGER,LEAD ASSEMBLY",
5935,011241762,77777,LEAD FRAME,
6810,011247326,28860,MAGNESIUM,
6625,011249183,77777,LEAD ASSEMBLY,
5810,011254109,77777,"CRADLE,ALUMINUM",
3439,011255277,04987,"SOLDER,TIN ALLOY",
5920,011256469,77777,"COVER,FUSE LEAD",
1345,011256808,77777,"RETAINER,LEAD",
1560,011257822,77777,"PARTS KIT,GRAPHITE",AIRCRAFT MODEL F-18
1560,011257823,77777,"PARTS KIT,GRAPHITE",AIRCRAFT MODEL F-18
1560,011257824,77777,"PARTS KIT,GRAPHITE",AIRCRAFT MODEL F-18
1560,011257825,77777,"PARTS KIT,GRAPHITE EPOXY",AIRCRAFT MODEL F-18
1560,011257826,77777,"PARTS KIT,GRAPHITE EPOXY",AIRCRAFT MODEL F-18
1560,011257827,77777,"PARTS KIT,GRAPHITE EPOXY",AIRCRAFT MODEL F-18
1560,011257828,77777,"PARTS KIT,GRAPHITE EPOXY",AIRCRAFT MODEL F-18
1560,011257829,77777,"PARTS KIT,GRAPHITE EPOXY",AIRCRAFT MODEL F-18
1560,011257830,77777,"PARTS KIT,GRAPHITE EPOXY",AIRCRAFT MODEL F-18
1560,011257831,77777,"PARTS KIT,GRAPHITE",AIRCRAFT MODEL F-18
1560,011257832,77777,"PARTS KIT,GRAPHITE EPOXY",AIRCRAFT MODEL F-18
3439,011263235,04986,"SOLDER,LEAD-TIN ALLOY",
6150,011264602,16129,"LEAD,STORAGE BATTERY",
6505,011267625,77777,ALUMINUM HYDROXIDE-MAGNESIUM CAR,
3439,011280419,04987,"SOLDER,TIN ALLOY",
5940,011281906,77777,TEST LEAD,
6150,011282646,77777,LEAD ASSY,
6150,011284045,16129,"LEAD,STORAGE BATTERY",
6505,011285852,38434,CHOLINE MAGNESIUM TRISALICYLATE,
6130,011291342,77777,"RECTIFIER,SILICON C",
3439,011292944,04987,"SOLDER,TIN ALLOY",
6645,011294965,77777,"CLOCK,CESIUM BEAM",
3439,011296471,04987,"SOLDER,TIN ALLOY",
5841,011300255,77777,"TEST LEAD,GENERAL",
6150,011306644,16129,"LEAD,STORAGE BATTERY",
6150,011306645,16129,"LEAD,STORAGE BATTERY",
6520,011310642,30521,SILVER ALLOY POWDER AND MERCURY,
3439,011313988,77777,"SOLDER,ALUMINUM WIR",
6520,011317925,30521,SILVER ALLOY POWDER AND MERCURY,
1376,011318220,77777,"LEAD,EXPLOSIVE",
2925,011318728,77777,"LEAD,AB IGNITION","NHA PN 6000T20 AND 6000T30 U/O J85-5,13 ENGINE"
7510,011319230,15847,"LEAD,PENCIL,GRAPHITE",
7510,011319231,15848,"LEAD,PENCIL,COLORED",
7510,011319232,15848,"LEAD,PENCIL,COLORED",
7510,011319233,15848,"LEAD,PENCIL,COLORED",
7510,011319234,15848,"LEAD,PENCIL,COLORED",
6850,011319802,33517,"WATER PURIFICATION POWDER,SILVER",
6850,011321924,77777,"CATALYST,IRIDIUM",F16A/B ACFT
3439,011326137,04987,"SOLDER,TIN ALLOY",
2840,011327228,77777,"BRACKET,IGNITION LEAD",ACFT ENG J85-5
2840,011327229,77777,"BRACKET,IGNITION LEAD",ACFT ENG J85-5
2840,011327230,77777,"BRACKET,IGNITION LEAD",ACFT J85-13
5340,011327231,77777,"BRACKET,IGNITION LEAD",ACFT ENG J85-13
5961,011335111,77777,SILICON RECTIFIER,
5810,011341879,77777,"LEAD,PROBE",KG-30
6150,011346982,16129,"LEAD,STORAGE BATTERY",
6505,011348129,45498,LITHIUM CARBONATE EXTENDED-RELEA,
5915,011349597,77777,"NETWORK,LEAD BIAS DUMMY",
6505,011354992,31363,ZINC SULFATE CAPSULES,
5961,011355847,77777,"SILICON,CONTROL REC",
6505,011362469,36669,ZINC SULFATE INJECTION,
6505,011363334,36859,MANGANESE SULFATE INJECTION,
1361,011363603,77777,LEAD-IN PELLET,
6670,011364457,77777,"WEIGHT,BALANCE,LEAD",
3439,011367089,04987,"SOLDER,TIN ALLOY",
6505,011374685,09162,INSULIN ZINC SUSPENSION,
6150,011377672,16129,"LEAD,STORAGE BATTERY",
6150,011377673,16129,"LEAD,STORAGE BATTERY",
6505,011379981,28175,"INSULIN ZINC SUSPENSION,EXTENDED",
4470,011387355,77777,"SHIELDING,LEAD WOOL BLANKET",
4470,011387356,77777,"SHIELDING,LEAD WOOL BLANKET",
6505,011394928,30733,"BISMUTH SUBGALLATE,PECTIN,AND PO",
5120,011400481,05677,"PRESS,LEAD SEAL,HAND",
3439,011402211,04985,"SOLDER,LEAD ALLOY",
3439,011403007,04987,"SOLDER,TIN ALLOY",
6505,011406450,48142,CLINDAMYCIN PHOSPHATE TOPICAL SO,
3439,011410621,04987,"SOLDER,TIN ALLOY",
6210,011419783,77777,"LENS,INNER,NEODYMIUM",
3439,011422422,04987,"SOLDER,TIN ALLOY",
6625,011425719,77777,TEST LEAD,
9535,011427511,77777,ALUMINUM ALLOY STRI,1430-01-078-9643
2835,011428922,77777,"GUARD,LEAD",
3439,011429279,04987,"SOLDER,TIN ALLOY",
4935,011434500,77777,"LEAD,GROUND",
3439,011434886,04987,"SOLDER,TIN ALLOY",
5935,011442051,77777,"PLUG,LEAD OUTPUT",
5342,011444195,77777,"CLIP,SUPPORT IGNITION LEAD",F104 JET ENGINE
5995,011445091,77777,LEAD INDEX,
5995,011445092,77777,LEAD DIAL,
6520,011445282,30521,SILVER ALLOY POWDER AND MERCURY,
6520,011445283,30521,SILVER ALLOY POWDER AND MERCURY,
5995,011446777,77777,LEAD WINDOW,
6115,011449923,77777,"ROTOR BAND,COPPER",
6150,011450357,16129,"LEAD,STORAGE BATTERY",
6505,011464268,49554,ALUMINUM CHLORIDE TOPICAL SOLUTI,
3439,011466953,04987,"SOLDER,TIN ALLOY",
6505,011470708,09160,INSULIN PROTAMINE ZINC SUSPENSIO,
6510,011470709,30530,"PAD,PETROLATUM AND BISMUTH TRIBR",
1325,011470865,77777,"LEAD,EXPLOSIVE",
6505,011471419,33357,CODEINE PHOSPHATE AND ACETAMINOP,
8040,011473280,77777,"PASTE,EPOXY,SILVER",
8040,011473281,77777,"EPOXY,PASTE,SILVER",
3439,011475609,04987,"SOLDER,TIN ALLOY",
7510,011475945,15847,"LEAD,PENCIL,GRAPHITE",
7510,011476022,15847,"LEAD,PENCIL,GRAPHITE",
6150,011482741,16129,"LEAD,STORAGE BATTERY",
6150,011482742,16129,"LEAD,STORAGE BATTERY",
6150,011484624,16129,"LEAD,STORAGE BATTERY",
6150,011484625,16129,"LEAD,STORAGE BATTERY",
6150,011484626,16129,"LEAD,STORAGE BATTERY",
2010,011490997,77777,WIRE LEAD BRASS,
5340,011500137,77777,"CLAMP,HEAD LEAD SPRING",
7510,011500977,15847,"LEAD,PENCIL,GRAPHITE",
7510,011500979,15847,"LEAD,PENCIL,GRAPHITE",
3439,011505383,04985,"SOLDER,LEAD ALLOY",
5995,011507873,77777,"LEAD,DOUBLE ENDED",
6625,011509908,77777,LEAD SET,6625-01-046-3712
6150,011512302,16129,"LEAD,STORAGE BATTERY",
6150,011512303,16129,"LEAD,STORAGE BATTERY",
6150,011512304,16129,"LEAD,STORAGE BATTERY",
6135,011512705,77777,"BATTERY,LITHIUM",
6150,011514684,16129,"LEAD,STORAGE BATTERY",
2920,011515031,77777,LEAD,
2925,011516969,77777,"LEAD ASSEMBLY,IGNITION",TF-41-A-2 ENGINE
6850,011518091,05329,"ELECTROPLATING COMPOUND,CHROMIUM",
6150,011518410,16129,"LEAD,STORAGE BATTERY",
6150,011518411,16129,"LEAD,STORAGE BATTERY",
6810,011521143,77777,"OXIDE,ALUMINUM",
5840,011523667,77777,LEAD SCREW,
2530,011523806,77777,LEAD,
6515,011524625,77777,"LEAD SET,CABLE,ELECTROCARDIOGRAP",
3439,011526698,04987,"SOLDER,TIN ALLOY",
6520,011529125,13341,"CEMENT,ZINC PHOSPHATE,DENTAL",
6110,011530356,77777,BUS CONNECTOR-COPPER SET,
4470,011530359,77777,COPPER BUS CONNECTOR,
6110,011530361,77777,"BUS CONNECTOR COPPER,SET",
6110,011530362,77777,"BUS CONNECTOR-COPPER,SET",
5970,011530577,77777,INSULATOR LEAD,
5995,011531487,77777,"FLEX CABLE,11 LEAD","NHA 214371,U/O 214500-100 DCT"
5995,011531489,77777,"FLEX CABLE,17 LEAD","ANHA 214371,U/O 214500-100 DCT"
3439,011532077,04987,"SOLDER,TIN ALLOY",
3439,011532239,04985,"SOLDER,LEAD ALLOY",
6505,011533232,27807,"POTASSIUM PHOSPHATE,MONOBASIC,TA",
6505,011533389,31047,LITHIUM CARBONATE TABLETS,
6505,011533470,48316,POTASSIUM ACID PHOSPHATE TABLETS,
6505,011533765,31533,DEXAMETHASONE SODIUM PHOSPHATE I,
6505,011533909,37420,BISMUTH SUBSALICYLATE SUSPENSION,
6505,011533939,77777,POTASSIUM PHOSPHATE AND SODIUM P,
6505,011536089,49436,ALUMINUM CHLORIDE ORAL TOPICAL S,
6150,011537354,16129,"LEAD,STORAGE BATTERY",
6150,011537355,16129,"LEAD,STORAGE BATTERY",
7510,011537695,77777,"ABRASIVE CUP,LEAD POINTER",
1560,011542795,77777,"PARTS KIT,SKIN,GRAPHITE/EPOXY",ACFT MODEL F-18
5975,011543599,77777,"GROUNDING KIT,ZINC",
5970,011545322,77777,"INSULATOR,LEAD",
6150,011545680,16129,"LEAD,STORAGE BATTERY",
2925,011552994,77777,"LEAD ASSEMBLY,IGNITION",TF-14-A-2 ENGINE
7930,011555726,77777,"SURFACE PROTECTOR,SILICON",
1430,011556306,77777,"CONTROLLER ASSY,LITHIUM BATTERY",
6150,011556530,16129,"LEAD,STORAGE BATTERY",
6505,011559434,30843,LITHIUM CARBONATE CAPSULES,
6505,011559435,30843,LITHIUM CARBONATE CAPSULES,
6110,011559940,77777,COPPER BUS CONNECTOR SET,
6550,011561570,40809,"TEST KIT,GLUCOSE-6-PHOSPHATE DEH",
6505,011561769,29120,PREDNISOLONE SODIUM PHOSPHATE OP,
5999,011564528,77777,LEAD SOCKET CARRIER,
5930,011571309,77777,"SWITCH,LEAD ASSEMBL",
4470,011577669,77777,LEAD SCREW SAFETY NUT,
3439,011577678,04985,"SOLDER,LEAD ALLOY",
2840,011578519,77777,LEAD GROUND,ENGINE MODEL F-402
3439,011580731,04987,"SOLDER,TIN ALLOY",
6505,011582170,77777,DISOPYRAMIDE PHOSPHATE EXTENDED,
6505,011586361,77777,DISOPYRAMIDE PHOSPHATE EXTENDED,
6505,011587615,37420,BISMUTH SUBSALICYLATE SUSPENSION,
1615,011589594,77777,"LEAD STOP,HUB ASSEMBLY",HELICOPTER MODEL SH-60B
6150,011592183,16129,"LEAD,STORAGE BATTERY",
6150,011592184,16129,"LEAD,STORAGE BATTERY",
1560,011599012,77777,"PARTS KIT,SKIN,GRAPHITE/EPOXY",AIRCRAFT MODEL F-18
6150,011599558,16129,"LEAD,STORAGE BATTERY",
6150,011605196,16129,"LEAD,STORAGE BATTERY",
4240,011605618,77777,"FIRE STARTING TOOL,MAGNESIUM",
6150,011608091,16129,"LEAD,STORAGE BATTERY",
6150,011611428,16129,"LEAD,STORAGE BATTERY",
3417,011616505,77777,"ENGRAVING SHEET,ALUMINUM",NEW HERMES MODEL ENGRAVING MACHINE
3439,011616650,15661,"BRAZING ALLOY,SILVER",
6505,011617135,37659,SULFADIAZINE SILVER CREAM,
6520,011622077,15661,"BRAZING ALLOY,SILVER",
5820,011623204,77777,"FREQUENCY STANDARD,CESIUM BEAM",
6625,011626925,77777,HOLDER TEST LEAD,
6150,011631081,16129,"LEAD,STORAGE BATTERY",
6150,011635998,16129,"LEAD,STORAGE BATTERY",
5340,011636376,77777,"CLAMP,IGNITION LEAD",
6505,011637979,31533,DEXAMETHASONE SODIUM PHOSPHATE I,
7510,011639208,15847,"LEAD,PENCIL,GRAPHITE",
6505,011643155,09160,INSULIN PROTAMINE ZINC SUSPENSIO,
1330,011643490,77777,LEAD CUP ASSEMBLY,
7025,011646665,77777,GROUND LEAD KIT,
6150,011650573,16129,"LEAD,STORAGE BATTERY",
6505,011654954,35691,ALUMINUM ACETATE CREAM,
1005,011661935,77777,"LEAD ASSEMBLY,SLIP",
1005,011661941,77777,POWER LEAD ASSEMBLY,
1615,011663390,77777,"LEAD STOP,HUB ASSEMBLY",AIRCRAFT MODEL SH-60B
6810,011663491,23473,LITHIUM CARBONATE,
5330,011666349,77777,"SEAL,LEAD WIRE ASSEMBLY","GMC OF CANADA,DIESEL DIV,LIGHT ARMORED VEHICLE,MDL 25 MC"
6505,011666610,36820,LITHIUM CITRATE SYRUP,
5342,011673961,77777,ZINC ANODE,
6150,011676507,16129,"LEAD,STORAGE BATTERY",
6150,011676508,16129,"LEAD,STORAGE BATTERY",
6520,011679149,38121,"PALLADIUM ALLOY,CASTING,DENTAL",
6505,011680537,77777,"LITHIUM ORAL SOLUTION,USP",
6505,011682607,36002,CODEINE PHOSPHATE AND ACETAMINOP,
3439,011694842,04987,"SOLDER,TIN ALLOY",
6150,011695305,16129,"LEAD,STORAGE BATTERY",6115011131093
6115,011698004,77777,"PLATE,LEAD ENTRANCE","GENERATOR,AC,FSCM 95402"
5342,011698128,77777,"ANODE,ZINC",
3439,011698472,04987,"SOLDER,TIN ALLOY",
9150,011701567,11107,"GRAPHITE,COLLOIDAL",
6505,011702364,31047,LITHIUM CARBONATE TABLETS,
3655,011704268,77777,"TOOL,LEAD JET",
6150,011705351,16129,"LEAD,STORAGE BATTERY",
7510,011714626,77777,"LEAD,DRAWING",
6505,011717559,10713,"APPLICATOR,SILVER NITRATE",
5120,011717796,77777,"MOLD,ALUMINUM",
7510,011717865,15847,"LEAD,PENCIL,GRAPHITE",
6150,011719495,16129,"LEAD,STORAGE BATTERY",
7510,011723800,15847,"LEAD,PENCIL,GRAPHITE",
7510,011723801,15847,"LEAD,PENCIL,GRAPHITE",
7510,011723802,15847,"LEAD,PENCIL,GRAPHITE",
6150,011725391,16129,"LEAD,STORAGE BATTERY",
6150,011725395,16129,"LEAD,STORAGE BATTERY",
6505,011728308,33357,CODEINE PHOSPHATE AND ACETAMINOP,
6505,011728889,38902,ALUMINUM CHLORIDE,
6150,011729896,16129,"LEAD,STORAGE BATTERY",
6625,011732407,77777,TEST LEAD,
6150,011732976,16129,"LEAD,STORAGE BATTERY",
6150,011732977,16129,"LEAD,STORAGE BATTERY",
6150,011732978,16129,"LEAD,STORAGE BATTERY",
6150,011732979,16129,"LEAD,STORAGE BATTERY",
1390,011734851,77777,"BARRIER,LEAD CUP ASSEMBLY",
6135,011736306,77777,BATTERY LITHIUM,
6505,011737444,10409,CODEINE PHOSPHATE,
1376,011740710,77777,URANIUM TETRAFLUORIDE (UF4)DEPLE,
6505,011742431,46729,PYRITHIONE ZINC SHAMPOO,
6150,011742469,16129,"LEAD,STORAGE BATTERY",5855-01-030-8598
6150,011749403,16129,"LEAD,STORAGE BATTERY",
1385,011752997,77777,FIRING LEAD AND BATTERY BOX,
6150,011758865,16129,"LEAD,STORAGE BATTERY",
1385,011763455,77777,"BASE,TILT,ALUMINUM",
1385,011763500,77777,"BASE,FIXED,ALUMINUM",
4470,011766070,77777,"HOLD DOWN,LEAD SCR",
6150,011772740,16129,"LEAD,STORAGE BATTERY",
7310,011779378,77777,"LEAD ASSEMBLY,STEAM COOKER",
1385,011785106,77777,"CLAMP,MAST,ALUMINUM",
3439,011786885,04987,"SOLDER,TIN ALLOY",
5330,011790795,77777,"SEAL,LEAD",
6505,011794966,42186,ESTRAMUSTINE PHOSPHATE SODIUM CA,
6520,011794990,30521,SILVER ALLOY POWDER AND MERCURY,
6520,011794991,30521,SILVER ALLOY POWDER AND MERCURY,
5365,011798745,77777,"BUSHING,ALUMINUM",
3439,011804998,04985,"SOLDER,LEAD ALLOY",
3439,011806132,15661,"BRAZING ALLOY,SILVER","AIR COMPRESSOR,INGERSOLL-RAND COMPANY,MODELS N20 AND N30"
6520,011806990,13340,"CEMENT,ZINC OXIDE AND EUGENOL,DE",
5305,011813681,77777,"SCREW,LEAD,BALL BEARING",
6150,011821265,16129,"LEAD,STORAGE BATTERY",
6505,011823911,31363,ZINC SULFATE CAPSULES,
2990,011830488,77777,"PLUNGER,LEAD CONTRO",
5895,011832984,77777,SILICON OIL MAINT A,
4935,011839443,77777,LEAD BENDER,
5305,011840127,77777,"SCREW,LEAD","REPUBLIC MACHINERY CO MODEL 4201 LATHE,METAL SPINNING"
6150,011840679,16129,"LEAD,STORAGE BATTERY",
5345,011843245,77777,"WHEEL,SILICON",
6810,011846703,24436,"ZINC,REAGENT",
6505,011856705,77777,"COCOA BUTTER,ZINC OXIDE,BISMUTH",
3439,011868174,04987,"SOLDER,TIN ALLOY",
1005,011868483,77777,"CONNECTOR,LEAD ASSE",
6850,011869774,77777,"BRUSH PLATING SOLUTION,COBALT",
6550,011885321,31323,"TEST KIT,GLUCOSE-6-PHOSPHATE DEH",
6505,011888061,49554,ALUMINUM CHLORIDE TOPICAL SOLUTI,
6520,011888102,30521,SILVER ALLOY POWDER AND MERCURY,
6910,011889749,77777,BARITE,
6910,011889828,77777,GRAPHITE,
6505,011891806,33357,CODEINE PHOSPHATE AND ACETAMINOP,
6150,011894974,16129,"LEAD,STORAGE BATTERY",
3439,011895029,15661,"BRAZING ALLOY,SILVER",
6850,011902568,18382,"CLEANING COMPOUND,ALUMINUM SURFA",
6505,011903582,66564,INSULIN HUMAN ZINC SUSPENSION,
6150,011914881,16129,"LEAD,STORAGE BATTERY",
3432,011914960,77777,"CONTACTOR,FLEXIBLE LEAD",ERICO JONES MODEL EC100 WELDER
6505,011918437,30790,"ALUMINUM HYDROXIDE GEL,DRIED,TAB",
3439,011920254,04987,"SOLDER,TIN ALLOY",
6150,011920407,16129,"LEAD,STORAGE BATTERY",
6150,011922867,16129,"LEAD,STORAGE BATTERY",
6150,011922921,16129,"LEAD,STORAGE BATTERY",
6630,011931159,77777,"LAMP,TUNGSTEN",
6150,011934357,16129,"LEAD,STORAGE BATTERY",
6150,011937681,16129,"LEAD,STORAGE BATTERY",
6150,011937682,16129,"LEAD,STORAGE BATTERY",
3439,011941766,04986,"SOLDER,LEAD-TIN ALLOY",
3439,011941767,04987,"SOLDER,TIN ALLOY",
3439,011941768,04987,"SOLDER,TIN ALLOY",
6150,011947860,16129,"LEAD,STORAGE BATTERY",3431-01-079-8439
6150,011947861,16129,"LEAD,STORAGE BATTERY",3431-01-079-8439
6150,011956648,16129,"LEAD,STORAGE BATTERY",
6150,011958712,16129,"LEAD,STORAGE BATTERY",
3439,011965485,04985,"SOLDER,LEAD ALLOY",
3439,011966380,04987,"SOLDER,TIN ALLOY",
5305,011970350,77777,"SUPPORT,LEAD SCREW",
6850,011971649,77777,"BRUSH PLATING SOLUTION,COPPER",
6850,011971650,77777,"BRUSH PLATING SOLUTION,COPPER",
5935,011971714,77777,CONNECTOR WITH LEAD,4120-00-411-3729
2840,011975433,77777,"LEAD ASSY,SPARK IGN",OH-58D TURBINE ENGINE
6150,011976238,16129,"LEAD,STORAGE BATTERY",
5330,011977785,77777,GRAPHITE FLAT,
2040,011977796,77777,"GRAPHITE,FLAT",MARINE HARDWARE AND HULL ITEMS
6550,011981304,41314,"CONTROL,GLUCOSE-6-PHOSPHATE DEHY",
6150,011982778,16129,"LEAD,STORAGE BATTERY",
6150,011983232,16129,"LEAD,STORAGE BATTERY",
5865,011985389,77777,SOURCE SILICON,
6150,011993169,16129,"LEAD,STORAGE BATTERY",
6150,011995351,16129,"LEAD,STORAGE BATTERY",
6150,011996287,16129,"LEAD,STORAGE BATTERY",
6150,011996289,16129,"LEAD,STORAGE BATTERY",
6150,011999087,16129,"LEAD,STORAGE BATTERY",
5340,012001135,77777,ZINC ANODE ASSY,
5865,012003485,77777,"PLATED STRIP,COPPER",B-1B;AN/ALQ-161A
6150,012007934,16129,"LEAD,STORAGE BATTERY",
6150,012007935,16129,"LEAD,STORAGE BATTERY",
6150,012010244,16129,"LEAD,STORAGE BATTERY",
6150,012010245,16129,"LEAD,STORAGE BATTERY",
6150,012010246,16129,"LEAD,STORAGE BATTERY",
6505,012013411,32516,"ALUMINUM CARBONATE GEL,BASIC,CAP",
6150,012015423,16129,"LEAD,STORAGE BATTERY",
6150,012015426,16129,"LEAD,STORAGE BATTERY",
6150,012015432,16129,"LEAD,STORAGE BATTERY",
4920,012016105,77777,"LEAD ASSEMBLY,TEST","GROUND SUPPORT EQUIPMENT,F-18 ACFT"
6150,012017503,16129,"LEAD,STORAGE BATTERY",
6150,012017504,16129,"LEAD,STORAGE BATTERY",
6150,012017505,16129,"LEAD,STORAGE BATTERY",
2915,012017588,77777,"FITTING,LEAD WIRE",U/O FUEL PUMP
6150,012018125,16129,"LEAD,STORAGE BATTERY",
2010,012018832,77777,"RING,ZINC",
1260,012019895,77777,LEAD ASSEMBLY,"OH-58D AHIP (ARMY HELICOPTER IMPROVEMENT PROGRAM), ROTARY WING AIRCRAFT"
6150,012020242,16129,"LEAD,STORAGE BATTERY",
6150,012024464,16129,"LEAD,STORAGE BATTERY",
3439,012025760,15661,"BRAZING ALLOY,SILVER",
3439,012025761,04985,"SOLDER,LEAD ALLOY",
6625,012026625,77777,FLEX LEAD,
6505,012028881,28034,MAGNESIUM SULFATE INJECTION,
5342,012029986,77777,"CLAMP,LEAD",
5342,012029987,77777,"CLAMP,LEAD",
3456,012034532,77777,"CUTTER,LEAD FORMING",
3439,012037316,04987,"SOLDER,TIN ALLOY",
6150,012042775,16129,"LEAD,STORAGE BATTERY",
3439,012042818,04987,"SOLDER,TIN ALLOY",
8115,012043087,77777,"TRACK,ALUMINUM",8115-01-016-5909
4930,012046298,08624,"DISPENSER,GRAPHITE",
6150,012050191,16129,"LEAD,STORAGE BATTERY",
6150,012050192,16129,"LEAD,STORAGE BATTERY",
3439,012050261,77777,"SOLDER,INDIUM,PREFORM",
2835,012050729,77777,LEAD ASSEMBLY,
6150,012060997,16129,"LEAD,STORAGE BATTERY",
6150,012064808,16129,"LEAD,STORAGE BATTERY",
9540,012064927,77777,STANDARD ALUMINUM BEAM,8115-01-016-5909
7510,012069523,15848,"LEAD,PENCIL,COLORED",
6150,012070443,16129,"LEAD,STORAGE BATTERY",
6150,012071766,16129,"LEAD,STORAGE BATTERY",
6150,012071767,16129,"LEAD,STORAGE BATTERY",
6150,012071768,16129,"LEAD,STORAGE BATTERY",
6150,012071769,16129,"LEAD,STORAGE BATTERY",
5342,012072087,77777,ZINC ANODE KIT,
2915,012075273,77777,"FITTING,LEAD WIRE","PUMP HSG ASSY,P/N 395400-1"
5840,012081137,77777,"CHARGER,SILICON CON",
5840,012081138,77777,"MODULATOR,SILICON C",
2835,012090569,77777,CONNECTOR LEAD,
6150,012094411,16129,"LEAD,STORAGE BATTERY",
6660,012095803,77777,"PROBE,TEMPERATURE,PLATINUM",AN/FSQ-114
5330,012096112,77777,"SEAL,COPPER",
6150,012102211,16129,"LEAD,STORAGE BATTERY",
5310,012106105,77777,"WASHER,LEAD",
6505,012114660,33357,CODEINE PHOSPHATE AND ACETAMINOP,
6550,012121280,37395,"BUFFER SOLUTION,TRIS PHOSPHATE",
6030,012121476,77777,"LEAD,OPTICAL FIBER",
5975,012121871,77777,"BOX,LEAD CONTROL",
6150,012122035,16129,"LEAD,STORAGE BATTERY",
3439,012130203,04987,"SOLDER,TIN ALLOY",
3439,012133177,04987,"SOLDER,TIN ALLOY",
6150,012140306,16129,"LEAD,STORAGE BATTERY",
6505,012144437,31533,DEXAMETHASONE SODIUM PHOSPHATE I,
3417,012148059,77777,"ENGRAVING SHEET,ALUMINUM",
6150,012148574,16129,"LEAD,STORAGE BATTERY",
6510,012149068,30530,"PAD,PETROLATUM AND BISMUTH TRIBR",
5995,012156157,77777,"CABLE ASSY,ANT LEAD",
6505,012157633,35417,MAGNESIUM CITRATE ORAL SOLUTION,
2590,012164551,77777,"LEAD,CABLE",3805-01-150-4814
2590,012164552,77777,"LEAD,CABLE",3805-01-150-4814
6810,012167108,12447,LITHIUM HYDROXIDE,
3040,012169249,77777,"COLLAR,ZINC",
2590,012172662,77777,"LEAD,WIRE,ELECTRICAL",2310-01-146-7194
2920,012176489,77777,"LEAD,GLOW PLUG",U/O ENGINE L634T POWER UNIT FOR MA-3 AIR COND
2920,012181889,77777,"LEAD,WIRE,ELECTRICAL",USED ON GENERAL MOTOR PASSENGER CAR 1974-1986
6615,012182125,77777,"LEAD,GYROSCOPE",
6150,012183347,16129,"LEAD,STORAGE BATTERY",
6150,012183348,16129,"LEAD,STORAGE BATTERY",
5310,012186529,77777,"ALUMINUM SH,LAM",
6645,012189452,77777,"RESONATOR,CESIUM BE",
6150,012190903,16129,"LEAD,STORAGE BATTERY",
5310,012192869,77777,"ALUMINUM SH,LAM",
6665,012193945,77777,GERMANIUM DETECTOR,
6150,012196120,16129,"LEAD,STORAGE BATTERY",
3439,012197805,77777,"COPPER,ELECTROLESS",
3439,012197806,77777,"BRIGHTNER,COPPER",
6505,012198593,28034,MAGNESIUM SULFATE INJECTION,
5995,012200542,77777,"CABLE ASSY ANT,LEAD",
5920,012201380,77777,"FUSE,LEAD WIRE",
4920,012204521,77777,"OSCILLATOR,RUBIDIUM",ACFT MODEL E-2C
6150,012208115,16129,"LEAD,STORAGE BATTERY",
6520,012211517,77777,"SOLDER,SILVER,DENTAL",
4330,012216102,77777,"TIN,PURIFIER",
6550,012219018,41314,"CONTROL,GLUCOSE-6-PHOSPHATE DEHY",
2590,012220290,77777,"LEAD WIRE,ELECTRICAL","J.I.CASE CO CRAWLER TRACTOR,WHEEL LOADER,MULTI-APPLICATION"
9150,012220779,11107,"GRAPHITE,COLLOIDAL",
5961,012228904,77777,DIODE SILICON JUNCT,
5961,012231900,77777,RECTIFIER SILICON,
5961,012231919,77777,TRANSISTOR SILICON,
5961,012231920,77777,TRANSISTOR SILICON,
5961,012231921,77777,TRANSISTOR SILICON,
5961,012231922,77777,TRANSISTOR SILICON,
5961,012231923,77777,TRANSISTOR SILICON,
5961,012231924,77777,TRANSISTOR SILICON,
5961,012231925,77777,TRANSISTOR SILICON,
5961,012231926,77777,TRANSISTOR SILICON,
5961,012231927,77777,TRANSISTOR SILICON,
5961,012231928,77777,TRANSISTOR SILICON,
5961,012231929,77777,TRANSISTOR SILICON,
5961,012231930,77777,TRANSISTOR SILICON,
5961,012231940,77777,TRANSISTOR SILICON,
5961,012231941,77777,TRANSISTOR SILICON,
6150,012233536,16129,"LEAD,STORAGE BATTERY",4130-01-131-2685
6150,012233921,16129,"LEAD,STORAGE BATTERY",
6150,012233922,16129,"LEAD,STORAGE BATTERY",
6150,012233923,16129,"LEAD,STORAGE BATTERY",
6150,012237291,16129,"LEAD,STORAGE BATTERY",
6150,012237292,16129,"LEAD,STORAGE BATTERY",
6150,012239144,16129,"LEAD,STORAGE BATTERY",
5961,012239217,77777,TRANSISTOR SILICON,
1630,012240804,77777,LEAD WIRE ASSEMBLY,B-1B AIRCRAFT
1630,012240806,77777,LEAD WIRE ASSEMBLY,B-1B AIRCRAFT
1630,012240808,77777,LEAD WIRE ASSEMBLY,B-1B AIRCRAFT
3439,012245787,04987,"SOLDER,TIN ALLOY",
6625,012247978,77777,LEAD,
3439,012250365,04987,"SOLDER,TIN ALLOY",
1430,012253275,77777,"SOCKET,LEAD",
6150,012254422,16129,"LEAD,STORAGE BATTERY",
6150,012258075,16129,"LEAD,STORAGE BATTERY",
1005,012259896,77777,TAPE SILICON RUBBER,
6150,012259992,16129,"LEAD,STORAGE BATTERY",
6505,012262958,66564,INSULIN HUMAN ZINC SUSPENSION,
1560,012265134,77777,"MOTOR ASSEMBLY,LEAD",AIRCRAFT MODEL F-18
3895,012266158,77777,"GUIDE,SIDE,U-LEAD",3895-01-200-8448
6150,012267803,16129,"LEAD,STORAGE BATTERY",
6150,012267804,16129,"LEAD,STORAGE BATTERY",
6150,012268095,16129,"LEAD,STORAGE BATTERY",
6150,012268096,16129,"LEAD,STORAGE BATTERY",
6150,012269658,16129,"LEAD,STORAGE BATTERY",
6150,012269660,16129,"LEAD,STORAGE BATTERY",
3439,012270430,04987,"SOLDER,TIN ALLOY",
3439,012271227,04987,"SOLDER,TIN ALLOY",
3439,012271228,04987,"SOLDER,TIN ALLOY",
1010,012272310,77777,"PAD,ALUMINUM",
6150,012276917,16129,"LEAD,STORAGE BATTERY",
6150,012281258,16129,"LEAD,STORAGE BATTERY",
6810,012281269,12581,ALUMINUM,
4710,012283383,77777,"TUBE,GRAPHITE,FLUXING",
6150,012291748,16129,"LEAD,STORAGE BATTERY",
5310,012296029,77777,"WASHER,COPPER",
1340,012298773,77777,FIN RETAINER AND LIVE LEAD ASSEM,
4710,012300645,77777,"PIPE,COPPER",
4920,012304267,77777,"CHAMBER,IGNITION LEAD",
3439,012306700,15661,"BRAZING ALLOY,SILVER",
6150,012308058,77777,"LEAD,JUMPER",
6150,012308059,77777,"LEAD,JUMPER",
6505,012309948,36449,BACITRACIN ZINC AND POLYMYXIN B,
6150,012311972,16129,"LEAD,STORAGE BATTERY",
6505,012316595,29120,PREDNISOLONE SODIUM PHOSPHATE OP,
6150,012329594,16129,"LEAD,STORAGE BATTERY",
3439,012331124,04987,"SOLDER,TIN ALLOY",
3439,012331125,04987,"SOLDER,TIN ALLOY",
3439,012337463,04987,"SOLDER,TIN ALLOY",
6505,012337612,30843,LITHIUM CARBONATE CAPSULES,
3439,012339114,04985,"SOLDER,LEAD ALLOY",
3439,012339115,04987,"SOLDER,TIN ALLOY",
6520,012339486,30521,SILVER ALLOY POWDER AND MERCURY,
6150,012340461,16129,"LEAD,STORAGE BATTERY",4920011198795
6150,012341010,16129,"LEAD,STORAGE BATTERY",
4920,012342179,77777,SET GAGE LEAD EDGE,"UH-60 TURBINE ENGINE, ROTARY WING AIRCRAFT"
6520,012348958,77777,"OXIDE,TIN,DENTAL",
6850,012349686,77777,SILICON,
6150,012350186,16129,"LEAD,STORAGE BATTERY",
5970,012350368,77777,"INSULATOR,LEAD,THREADED",
5975,012353947,77777,"WEDGE,LEAD",
6665,012357993,77777,"CASE,ALUMINUM",6665-01-190-9570 RADIAC SET
3439,012358442,04987,"SOLDER,TIN ALLOY",
8305,012361392,77777,"CLOTH,GRAPHITE WOVEN",
6810,012368878,77777,"POWDER PILLOWS,PHOSPHATE REAGENT",
3120,012369766,77777,"BEARING,LEAD LAG","OH-58D AHIP (ARMY HELICOPTER IMPROVEMENT PROGRAM), ROTARY WING AIRCRAFT"
7490,012384996,77777,"POINTER,LEAD",
1336,012386080,77777,"LEAD,TRANSFER ASSEMBLY",
6505,012386629,42116,BISMUTH SUBGALLATE TABLETS,
6150,012389163,16129,"LEAD,STORAGE BATTERY",
6150,012390551,16129,"LEAD,STORAGE BATTERY",
6150,012394952,16129,"LEAD,STORAGE BATTERY",ESA/OBS
5330,012398430,77777,"GASKET,SOFT COPPER",4610-01-121-0161
5110,012400466,77777,"EXTRACTOR,LEAD WIRE",
5110,012400467,77777,"EXTRACTOR,LEAD WIRE",
5110,012400468,77777,"EXTRACTOR,LEAD WIRE",
5110,012400469,77777,"EXTRACTOR,LEAD WIRE",
5110,012400470,77777,"EXTRACTOR,LEAD WIRE",
6150,012404613,16129,"LEAD,STORAGE BATTERY",
5305,012416692,77777,LEAD SCREW NUT ASSY,
6150,012423298,16129,"LEAD,STORAGE BATTERY",
6150,012424491,16129,"LEAD,STORAGE BATTERY",
9150,012435072,11107,"GRAPHITE,COLLOIDAL",
6505,012435262,36820,LITHIUM CITRATE SYRUP,
5305,012435851,77777,LEAD SCREW ASSEMBLY,
5305,012435852,77777,LEAD SCREW ASSEMBLY,
6150,012436881,16129,"LEAD,STORAGE BATTERY",
6150,012436882,16129,"LEAD,STORAGE BATTERY",
1650,012437808,77777,"CONNECTOR,LEAD",C-5B AIRCRAFT
6150,012439996,16129,"LEAD,STORAGE BATTERY",
7510,012440865,77777,"BELT,TUNGSTEN STYL",
6150,012442981,16129,"LEAD,STORAGE BATTERY",
6150,012442982,16129,"LEAD,STORAGE BATTERY",
7510,012445634,15848,"LEAD,PENCIL,COLORED",
6150,012446636,16129,"LEAD,STORAGE BATTERY",
6150,012446733,16129,"LEAD,STORAGE BATTERY",
6150,012446734,16129,"LEAD,STORAGE BATTERY",
6505,012448010,37919,BISMUTH SUBSALICYLATE TABLETS,
5961,012451209,77777,"TRANSISTOR,SILICON",ELECTRONIC COMPONENTS WIRE & CABLE
5120,012452395,77777,"GAGE,LEAD SPACING",
6150,012457911,16129,"LEAD,STORAGE BATTERY",
6240,012458996,77777,"LAMP,RUBIDIUM",
6150,012461391,16129,"LEAD,STORAGE BATTERY",
6150,012461392,16129,"LEAD,STORAGE BATTERY",
6150,012461393,16129,"LEAD,STORAGE BATTERY",
5985,012461772,77777,SILICON CONTROLLE R,AN/GSC-52
6150,012464419,16129,"LEAD,STORAGE BATTERY",
1560,012466384,77777,"PARTS KIT,GRAPHITE",AIRCRAFT MODEL F-18
6150,012470193,16129,"LEAD,STORAGE BATTERY",
6505,012472858,10287,ALUMINUM HYDROXIDE GEL,
6505,012484679,33357,CODEINE PHOSPHATE AND ACETAMINOP,
6150,012489954,16129,"LEAD,STORAGE BATTERY",
6150,012494085,16129,"LEAD,STORAGE BATTERY",
6150,012494086,16129,"LEAD,STORAGE BATTERY",
5985,012498939,77777,LEAD,"ANTENNA,AS-2980/TYQ-3A"
6150,012500200,16129,"LEAD,STORAGE BATTERY",
6150,012500201,16129,"LEAD,STORAGE BATTERY",
6150,012500203,16129,"LEAD,STORAGE BATTERY",
6150,012501233,16129,"LEAD,STORAGE BATTERY",
6850,012503592,77777,"BRUSH PLATING SOLUTION,SILVER",
6150,012504799,16129,"LEAD,STORAGE BATTERY",
5999,012510571,77777,LEAD SCREW AHEAD,MISC ELEC EQUIP
5995,012512129,77777,CABLE AND LEAD ASSY,1430-01-078-9643
6150,012512459,16129,"LEAD,STORAGE BATTERY",
6150,012512460,16129,"LEAD,STORAGE BATTERY",
6150,012512461,16129,"LEAD,STORAGE BATTERY",
1430,012513340,77777,"GUIDE,LEAD",
6150,012521774,16129,"LEAD,STORAGE BATTERY",
6150,012521775,16129,"LEAD,STORAGE BATTERY",
6150,012521776,16129,"LEAD,STORAGE BATTERY",
5910,012522493,77777,LEAD AND CAPACITOR,
6150,012523279,16129,"LEAD,STORAGE BATTERY",
6150,012527088,77777,LEAD AND CAPACITOR,1430-01-087-6330
6150,012530909,16129,"LEAD,STORAGE BATTERY",
6150,012530910,16129,"LEAD,STORAGE BATTERY",
6105,012531684,77777,THERMOSTAT AND LEAD,
6515,012535502,37888,"LEAD SET,PACEMAKER,CARDIAC",
5910,012536855,77777,LEAD AND CAPACITOR,
5975,012538207,77777,"STRAP,COPPER",
6150,012540434,16129,"LEAD,STORAGE BATTERY",
1430,012541576,77777,LEAD AND CAPACITOR,1430-01-087-6330
6150,012549447,16129,"LEAD,STORAGE BATTERY",
1345,012556205,77777,"LEAD ASSEMBLY,TRANSFER",
6150,012556963,16129,"LEAD,STORAGE BATTERY",
6150,012556964,16129,"LEAD,STORAGE BATTERY",
1440,012557717,77777,ALUMINUM OXIDE POWD,
6150,012558183,16129,"LEAD,STORAGE BATTERY",
5910,012558612,77777,CAPACITOR LEAD ASSE,6130-01-109-6577
6150,012564566,16129,"LEAD,STORAGE BATTERY",
1345,012569677,77777,"LEAD ASSEMBLY,ACCEPTOR",
6150,012569867,16129,"LEAD,STORAGE BATTERY",
6650,012571083,77777,"DETECTOR,INFRARED,LEAD SULFIDE",
6650,012574724,77777,"DETECTOR,INFRARED,INDIUM ANTIMON",
5120,012575292,77777,"FORMING TOOL,LEAD",TGG COPLANARITY UNIT
5120,012575293,77777,"FORMING TOOL,LEAD",TGG COPLANARITY UNIT
5120,012575294,77777,"FORMING TOOL,LEAD",TGG COPLANARITY UNIT
5120,012575295,77777,"BLADE,LEAD CUTOFF",TGG COPLANARITY UNIT
3439,012585345,04985,"SOLDER,LEAD ALLOY",
7510,012587517,15847,"LEAD,PENCIL,GRAPHITE",
6625,012597354,77777,"STANDARD,CESIUM",
3439,012600882,04986,"SOLDER,LEAD-TIN ALLOY",
3439,012600883,04986,"SOLDER,LEAD-TIN ALLOY",
6505,012602515,28034,MAGNESIUM SULFATE INJECTION,
3439,012603637,04987,"SOLDER,TIN ALLOY",
6150,012607306,16129,"LEAD,STORAGE BATTERY",
6150,012607307,16129,"LEAD,STORAGE BATTERY",
6150,012607308,16129,"LEAD,STORAGE BATTERY",
6510,012610478,30530,"PAD,PETROLATUM AND BISMUTH TRIBR",
6150,012614957,16129,"LEAD,STORAGE BATTERY",
6520,012615969,30521,SILVER ALLOY POWDER AND MERCURY,
6640,012630712,77777,"TUBE,SILICON DUST EJECT",
6505,012634534,10830,ZINC OXIDE OINTMENT,
4730,012644839,77777,"PLUG,ZINC",MCDONNEL DOUGLAS F18
6605,012646218,77777,NICKEL RIBBON,6675-01-071-5552
6605,012646219,77777,NICKEL WIRE,6675-01-071-5552
3439,012647681,04987,"SOLDER,TIN ALLOY",
6505,012650056,28034,MAGNESIUM SULFATE INJECTION,
6150,012650598,16129,"LEAD,STORAGE BATTERY",
3439,012661121,77777,"SOLDER SET,SILVER",
6150,012661695,16129,"LEAD,STORAGE BATTERY",
5120,012661945,77777,"DIE,LEAD SEAL,BLANK",E.J.BROOKS CO. MIDGET PRESS
6505,012666526,66565,"INSULIN HUMAN ZINC SUSPENSION,EX",
6850,012666620,77777,"BRUSH PLATING SOLUTION,COBALT",
6850,012666622,77777,"BRUSH PLATING SOLUTION,NICKEL",
6505,012667485,36417,CELLULOSE SODIUM PHOSPHATE FOR O,
5935,012671946,77777,"CONNECTOR,LEAD",
1361,012672172,77777,LEAD-IN PELLET,
6520,012672538,30521,SILVER ALLOY POWDER AND MERCURY,
6505,012679662,09473,CHLOROQUINE PHOSPHATE TABLETS,
6150,012680493,16129,"LEAD,STORAGE BATTERY",
6150,012680494,16129,"LEAD,STORAGE BATTERY",
6150,012680495,16129,"LEAD,STORAGE BATTERY",
6150,012680496,16129,"LEAD,STORAGE BATTERY",
3439,012680532,15661,"BRAZING ALLOY,SILVER",
3439,012680533,04987,"SOLDER,TIN ALLOY",
6150,012682641,16129,"LEAD,STORAGE BATTERY",
6150,012682642,16129,"LEAD,STORAGE BATTERY",
1075,012683026,77777,"COVER,FIN,BOOM LEAD",
6505,012683713,46757,PREDNISOLONE SODIUM PHOSPHATE OR,
6150,012686584,16129,"LEAD,STORAGE BATTERY",
6150,012686585,16129,"LEAD,STORAGE BATTERY",
6150,012686586,16129,"LEAD,STORAGE BATTERY",
6150,012686587,16129,"LEAD,STORAGE BATTERY",
6150,012686588,16129,"LEAD,STORAGE BATTERY",
6150,012686589,16129,"LEAD,STORAGE BATTERY",
6150,012687103,16129,"LEAD,STORAGE BATTERY",
6150,012691864,16129,"LEAD,STORAGE BATTERY",
6505,012695639,10287,ALUMINUM HYDROXIDE GEL,
6505,012699171,77777,BISMUTH SUBNITRATE AND ZINC OXID,
5340,012700957,77777,"SHIELD,LEAD",
5340,012700958,77777,"SHIELD,LEAD",
5340,012700959,77777,"SHIELD,LEAD",
6640,012701450,77777,"TEST KIT,ALUMINUM DETECTION",
4520,012709212,77777,"CELL,LEAD,SULPHIDE",
5895,012712969,77777,"OSCILLATOR,RUBIDIUM",
6810,012714037,77777,MANGANESE SULFATE SOLUTION,
1940,012714627,77777,"FACEPLATE,ALUMINUM",
1940,012714628,77777,"FACEPLATE,ALUMINUM",
3670,012715475,42284,"FORMING MACHINE,LEAD,INTEGRATED",
6150,012721795,16129,"LEAD,STORAGE BATTERY",
6150,012724671,16129,"LEAD,STORAGE BATTERY",
6150,012736029,16129,"LEAD,STORAGE BATTERY",
6550,012738660,77777,ZINC DUST REAGENT,
6150,012740394,16129,"LEAD,STORAGE BATTERY",
9650,012743544,32095,"INGOT,ALUMINUM ALLOY",
3439,012756424,04987,"SOLDER,TIN ALLOY",
6150,012756956,16129,"LEAD,STORAGE BATTERY",
6505,012757369,49895,DISOPYRAMIDE PHOSPHATE EXTENDED-,
3439,012758418,04987,"SOLDER,TIN ALLOY",
6150,012774486,16129,"LEAD,STORAGE BATTERY",
3439,012774758,04987,"SOLDER,TIN ALLOY",
6505,012775715,37659,SULFADIAZINE SILVER CREAM,
6550,012776390,40531,MAGNESIUM TEST REAGENT,
6505,012777870,28034,MAGNESIUM SULFATE INJECTION,
3439,012780517,04987,"SOLDER,TIN ALLOY",
3439,012780518,04987,"SOLDER,TIN ALLOY",
9620,012784112,16122,"GRAPHITE,DRY",
3439,012786560,77777,"SOLDER,INDIUM",
6645,012791781,77777,"RESONATOR,CESIUM BE","O-1824A/U,OSCILLATOR"
6150,012796405,16129,"LEAD,STORAGE BATTERY",
6150,012796496,16129,"LEAD,STORAGE BATTERY",PAYDOZER MODEL TD-15C
6150,012796497,16129,"LEAD,STORAGE BATTERY",LOADER MODEL W14
3439,012800053,15661,"BRAZING ALLOY,SILVER",
3439,012800054,15661,"BRAZING ALLOY,SILVER",
6150,012800455,16129,"LEAD,STORAGE BATTERY",
6505,012801793,40754,"ASPIRIN,ALUMINUM HYDROXIDE GEL,D",
6150,012803380,16129,"LEAD,STORAGE BATTERY",
5330,012803558,77777,"GASKET,LEAD",
6150,012804060,16129,"LEAD,STORAGE BATTERY",
5180,012804914,77777,ALUMINUM UNIVERSAL,ACFT MODEL F-15
5180,012804915,77777,"COLD KIT,TITANIUM",ACFT MODEL F-15
7510,012805519,15847,"LEAD,PENCIL,GRAPHITE",
7510,012805520,15847,"LEAD,PENCIL,GRAPHITE",
5961,012813175,77777,"RECTIFIER,SILICON",GENERATOR
6150,012818827,16129,"LEAD,STORAGE BATTERY",
6150,012818828,16129,"LEAD,STORAGE BATTERY",
6550,012821821,31323,"TEST KIT,GLUCOSE-6-PHOSPHATE DEH",
6150,012822788,16129,"LEAD,STORAGE BATTERY",
6505,012832364,10287,ALUMINUM HYDROXIDE GEL,
6150,012832399,16129,"LEAD,STORAGE BATTERY",
2060,012833114,77777,"SUBBASE,CREW,ALUMINUM DECK",LIGHT WEIGHT BERTHING COMPONENTS
2090,012833117,77777,"SUBBASE,CREW,ALUMINUM DECK",LIGHT WEIGHT BERTHING COMPONENTS
2090,012833118,77777,"SUBBASE,CREW,ALUMINUM DECK",LIGHT WEIGHT BERTHING COMPONENTS
2090,012833119,77777,"SUBBASE,CPO,ALUMINUM,DECK",LIGHT WEIGHT BERTHING COMPONENTS
2090,012833120,77777,"SUBBASE,CPO,ALUMINUM DECK",LIGHT WEIGHT BERTHING COMPONENTS
3439,012838780,04987,"SOLDER,TIN ALLOY",
6505,012841136,27807,"POTASSIUM PHOSPHATE,MONOBASIC,TA",
6810,012843061,77777,YTTRIUM OXIDE,
6810,012846493,77777,"MANGANESE DIOXIDE,TECHNICAL",
6505,012850797,47917,CLINDAMYCIN PHOSPHATE GEL,
6605,012851842,77777,"DRIVE,LEAD SCREW","TRACER DRIVE,MK 6 MOD 4A"
5920,012853615,77777,FUSE LEAD,
6150,012856449,16129,"LEAD,STORAGE BATTERY",
9630,012856993,16099,PHOSPHOR COPPER DEOXIDIZING ADDI,
9650,012861811,77777,"INGOT,COPPER ALLOY",
6505,012862889,28034,MAGNESIUM SULFATE INJECTION,
5305,012866504,77777,LEAD SCREW DETAIL,
6150,012867447,16129,"LEAD,STORAGE BATTERY",
6150,012884859,16129,"LEAD,STORAGE BATTERY",
8010,012898318,77777,"PAINT,CONDUCTIVE,COPPER",MK86 MOD8 GFCS
6150,012900157,16129,"LEAD,STORAGE BATTERY",
3439,012900400,15661,"BRAZING ALLOY,SILVER",
3439,012901014,04987,"SOLDER,TIN ALLOY",
3439,012901015,04987,"SOLDER,TIN ALLOY",
3439,012901016,04987,"SOLDER,TIN ALLOY",
3439,012901017,04987,"SOLDER,TIN ALLOY",
3439,012901018,04987,"SOLDER,TIN ALLOY",
6150,012908289,16129,"LEAD,STORAGE BATTERY",
6150,012916389,16129,"LEAD,STORAGE BATTERY",
6150,012917022,16129,"LEAD,STORAGE BATTERY",
1355,012923483,77777,MAGNESIUM SHEET,
6850,012924877,18382,"CLEANING COMPOUND,ALUMINUM SURFA",
6150,012925124,16129,"LEAD,STORAGE BATTERY",
6150,012925596,16129,"LEAD,STORAGE BATTERY",
6150,012925597,16129,"LEAD,STORAGE BATTERY",
6150,012925598,16129,"LEAD,STORAGE BATTERY",
5310,012927000,77777,"NUT,LEAD SCREW",
6150,012927847,16129,"LEAD,STORAGE BATTERY",
6150,012929718,16129,"LEAD,STORAGE BATTERY",
6505,012939331,77777,MAGNESIUM TABLETS,
9630,012942212,16099,PHOSPHOR COPPER DEOXIDIZING ADDI,
6640,012943976,77777,TUBE GRAPHITE,
6505,012948229,77777,MAGNESIUM CHLORIDE TABLETS,
7320,012954308,77777,"SINK,SOAK,SILVER",
3439,012965940,15661,"BRAZING ALLOY,SILVER",
6150,012967163,16129,"LEAD,STORAGE BATTERY",
4920,012968893,77777,"ADAPTER,LEAD",
6150,012970515,16129,"LEAD,STORAGE BATTERY",
3439,012971835,04986,"SOLDER,LEAD-TIN ALLOY",
3439,012971836,04986,"SOLDER,LEAD-TIN ALLOY",
6150,012973257,16129,"LEAD,STORAGE BATTERY",2320-01-123-1608
6150,012973258,16129,"LEAD,STORAGE BATTERY",2320-01-123-1608
3439,012973284,77777,"KIT,SOLDER,LEAD FREE",
6525,012973815,77777,"MOLD,LEAD,RADIATION SCREEN",
3439,012974013,04986,"SOLDER,LEAD-TIN ALLOY",
6150,012974647,16129,"LEAD,STORAGE BATTERY",2320-01-123-1608
6150,012974648,16129,"LEAD,STORAGE BATTERY",2320-01-123-1608
7025,012976721,77777,"COUPLING,LEAD SCREW",
7025,012976911,77777,"CLAMP,PLATE,LEAD",
3439,012981121,77777,"KIT,SOLDER ALUMINUM",
9650,012987017,32095,"INGOT,ALUMINUM ALLOY",
6550,012991698,39470,"TEST PACK,MAGNESIUM DETERMINATIO",
6150,012997404,16129,"LEAD,STORAGE BATTERY",
6150,012997405,16129,"LEAD,STORAGE BATTERY",
6150,013002984,16129,"LEAD,STORAGE BATTERY",
6150,013004720,16129,"LEAD,STORAGE BATTERY",
6150,013008052,16129,"LEAD,STORAGE BATTERY",
6150,013008053,16129,"LEAD,STORAGE BATTERY",
9650,013015245,32095,"INGOT,ALUMINUM ALLOY",
6505,013018175,28034,MAGNESIUM SULFATE INJECTION,
3417,013020555,77777,"ENGRAVING SHEET,ALUMINUM",NEW HERMES MODEL ENGRAVING MACHINE
6150,013026025,16129,"LEAD,STORAGE BATTERY",
4935,013028191,77777,"POUCH,TEST LEAD","4935-01-012-9486; TEST KIT,UNIVERSAL; 10177632"
5340,013032045,77777,PLATE ZINC WATER CO,
6150,013034515,16129,"LEAD,STORAGE BATTERY",
6150,013035055,16129,"LEAD,STORAGE BATTERY",
6505,013038963,28034,MAGNESIUM SULFATE INJECTION,
6150,013040304,16129,"LEAD,STORAGE BATTERY",
6505,013041007,42119,ANTICOAGULANT CITRATE PHOSPHATE,
6660,013042016,77777,GERMANIUM DETECTOR,RADIATION DETECTION EQUIPMENT (RADIACS)
9150,013046633,11107,"GRAPHITE,COLLOIDAL",
6505,013051170,35417,MAGNESIUM CITRATE ORAL SOLUTION,
4130,013051213,77777,ZINC PROTECTER ASSY,
4130,013051214,77777,ZINC ROD HOLDER,
6625,013051707,77777,LEAD,
6150,013054442,16129,"LEAD,STORAGE BATTERY",
3439,013054548,04986,"SOLDER,LEAD-TIN ALLOY",
1615,013055925,77777,"GUIDE,LEAD",
6505,013058161,45010,BACITRACIN ZINC AND POLYMYXIN B,
7510,013060046,15847,"LEAD,PENCIL,GRAPHITE",
7510,013060047,15847,"LEAD,PENCIL,GRAPHITE",
7510,013060048,15847,"LEAD,PENCIL,GRAPHITE",
7510,013060049,15847,"LEAD,PENCIL,GRAPHITE",
6510,013060898,30530,"PAD,PETROLATUM AND BISMUTH TRIBR",
6150,013071718,16129,"LEAD,STORAGE BATTERY",2320011231609
3439,013076200,04987,"SOLDER,TIN ALLOY",
6150,013076860,16129,"LEAD,STORAGE BATTERY",
6150,013076861,16129,"LEAD,STORAGE BATTERY",
6150,013076862,16129,"LEAD,STORAGE BATTERY",
6850,013077230,77777,"BRUSH PLATING SOLUTION,CHROMIUM",
1630,013078067,77777,LEAD WIRE ASSEMBLY,B1-B AIRCRAFT
6505,013078198,09160,INSULIN PROTAMINE ZINC SUSPENSIO,
6150,013088773,16129,"LEAD,STORAGE BATTERY",
6150,013088774,16129,"LEAD,STORAGE BATTERY",
6150,013088775,16129,"LEAD,STORAGE BATTERY",
6150,013089371,16129,"LEAD,STORAGE BATTERY",
6505,013093244,33357,CODEINE PHOSPHATE AND ACETAMINOP,
5340,013095193,77777,ZINC,
5340,013095194,77777,ZINC WATER COOLER,
5340,013095195,77777,ZINC WATER COOLER,
7510,013095986,15847,"LEAD,PENCIL,GRAPHITE",
6150,013099973,16129,"LEAD,STORAGE BATTERY",
3610,013100421,77777,"COUPLING,FLEX-LEAD",
6150,013109706,16129,"LEAD,STORAGE BATTERY",
3439,013118202,04986,"SOLDER,LEAD-TIN ALLOY",
6150,013119749,16129,"LEAD,STORAGE BATTERY",
3439,013120033,77777,"BRAZING RING,SILVER",
5975,013120039,77777,"COVER,FLEX LEAD",
3439,013122368,04987,"SOLDER,TIN ALLOY",
6850,013126353,77777,"STRIPPING SOLUTION,COPPER",
6550,013136201,36738,COPPER SULFATE SOLUTION,
6150,013139688,16129,"LEAD,STORAGE BATTERY",
6150,013144693,16129,"LEAD,STORAGE BATTERY",
6810,013146617,12410,CHROMIUM TRIOXIDE,
6150,013148243,16129,"LEAD,STORAGE BATTERY",
6810,013149624,29896,SILICON,
4920,013150439,77777,"BUFFER,LEAD GROUP",ATS 960 TERMINAL EQUIPMENT
6810,013154595,77777,NICKEL SULPHAMATE SONCENTRATE,
3439,013164862,04986,"SOLDER,LEAD-TIN ALLOY",
6505,013165043,45882,CLINDAMYCIN PHOSPHATE IN DEXTROS,
6505,013165044,45882,CLINDAMYCIN PHOSPHATE IN DEXTROS,
5120,013166080,77777,"PULLER,BALANCE LEAD",
6520,013166172,77777,"CEMENT,ZINC OXIDE AND IRON,DENTA",
3439,013168633,04987,"SOLDER,TIN ALLOY",
6150,013169370,16129,"LEAD,STORAGE BATTERY",
7510,013176422,77777,"LEAD,PENCIL,POLYMER",
6510,013180473,30530,"PAD,PETROLATUM AND BISMUTH TRIBR",
6150,013182991,16129,"LEAD,STORAGE BATTERY",
6150,013182992,16129,"LEAD,STORAGE BATTERY",
6150,013182993,16129,"LEAD,STORAGE BATTERY",
6150,013182994,16129,"LEAD,STORAGE BATTERY",
6150,013182995,16129,"LEAD,STORAGE BATTERY",
6150,013182996,16129,"LEAD,STORAGE BATTERY",
6150,013184781,16129,"LEAD,STORAGE BATTERY",
6150,013184782,16129,"LEAD,STORAGE BATTERY",
6150,013184783,16129,"LEAD,STORAGE BATTERY",
6810,013188366,12581,ALUMINUM,
3439,013188566,15659,"BRAZING ALLOY,COPPER",
6810,013191203,12041,"SILVER NITRATE,REAGENT",
3439,013196229,04987,"SOLDER,TIN ALLOY",
6150,013196343,16129,"LEAD,STORAGE BATTERY",
6550,013201160,39795,"REFERENCE STANDARD,LITHIUM,POTAS",
6150,013202609,16129,"LEAD,STORAGE BATTERY",
9150,013202636,14944,"GREASE,GRAPHITE",
6150,013215780,16129,"LEAD,STORAGE BATTERY",
6150,013215781,16129,"LEAD,STORAGE BATTERY",
6140,013219186,77777,"BATT,LITHIUM,SPECIA","VHF DIRECTION FINDER SYSTEM,PHASEIII"
6150,013219338,16129,"LEAD,STORAGE BATTERY",
6150,013219339,16129,"LEAD,STORAGE BATTERY",
1270,013221205,62224,"COMPENSATOR,LEAD ANGLE",
3610,013222263,77777,"RON,LEAD IN",
6150,013222781,16129,"LEAD,STORAGE BATTERY",
6150,013233388,16129,"LEAD,STORAGE BATTERY",
3439,013240891,04987,"SOLDER,TIN ALLOY",
6150,013244633,16129,"LEAD,STORAGE BATTERY",
6810,013244645,28860,MAGNESIUM,
3439,013246945,04985,"SOLDER,LEAD ALLOY",
3439,013250062,04987,"SOLDER,TIN ALLOY",
2925,013253974,77777,"LEAD ASSEMBLY,IGNIT",
6150,013256149,16129,"LEAD,STORAGE BATTERY",HTAG 40 TOW TRACTOR
3439,013259321,40811,"SOLDER,LEAD FREE",
5342,013267314,77777,"ANODE,ZINC",
6505,013269634,30843,LITHIUM CARBONATE CAPSULES,
6550,013270679,39795,"REFERENCE STANDARD,LITHIUM,POTAS",
8030,013274010,77777,SILICON MATERIAL,
3670,013274748,42284,"FORMING MACHINE,LEAD,INTEGRATED",F-15 ACFT
3670,013274749,42284,"FORMING MACHINE,LEAD,INTEGRATED",F-15 ACFT
3670,013274750,42284,"FORMING MACHINE,LEAD,INTEGRATED",F-15 ACFT
3670,013274751,42284,"FORMING MACHINE,LEAD,INTEGRATED",F-15 ACFT
3670,013274752,42284,"FORMING MACHINE,LEAD,INTEGRATED",F-15 ACFT
3670,013274753,42284,"FORMING MACHINE,LEAD,INTEGRATED",F-15 ACFT
6150,013275401,16129,"LEAD,STORAGE BATTERY",2410-01-254-1667
3670,013277833,42284,"FORMING MACHINE,LEAD,INTEGRATED",F-15 ACFT
6150,013281874,16129,"LEAD,STORAGE BATTERY",
6150,013281875,16129,"LEAD,STORAGE BATTERY",
6150,013281876,16129,"LEAD,STORAGE BATTERY",
6150,013281877,16129,"LEAD,STORAGE BATTERY",
3040,013283488,77777,LEAD DISC,
1398,013289712,77777,"SCREW,LEAD TILT MEC",
6150,013290916,16129,"LEAD,STORAGE BATTERY",
6150,013294786,77777,"LEAD,BATTERY",
4720,013296417,77777,"WATERHOSE,SILICON",
6625,013297515,77777,"TEST LEAD,FUSED",
6625,013297516,77777,"TEST LEAD,FUSED",
6625,013297517,77777,"TEST LEAD,FUSED",
6625,013297518,77777,"TEST LEAD,FUSED",
6150,013313358,16129,"LEAD,STORAGE BATTERY",
8010,013314240,77777,AIRDRY SILVER,
5895,013315063,77777,"INTERFACE,M-LEAD",
3439,013318401,04986,"SOLDER,LEAD-TIN ALLOY",
1560,013324848,77777,"SKIN,LEAD EDGE",
1560,013324849,77777,"SKIN,LEAD EDGE",
4220,013325521,77777,LEAD PB,
6150,013328867,16129,"LEAD,STORAGE BATTERY",
9150,013328904,11107,"GRAPHITE,COLLOIDAL",
3439,013331722,04987,"SOLDER,TIN ALLOY",
6150,013336582,16129,"LEAD,STORAGE BATTERY",2330-01-303-8832
9150,013355044,11107,"GRAPHITE,COLLOIDAL",
6505,013357401,37699,MAGNESIUM OXIDE TABLETS,
5820,013357534,77777,"POWER LEAD,DC",
5820,013357535,77777,"POWER LEAD,AC",
7510,013357927,15847,"LEAD,PENCIL,GRAPHITE",7520-00-161-5664
7510,013357928,15847,"LEAD,PENCIL,GRAPHITE",
4470,013366153,77777,LEAD SCREW LIFT DEVICE,
6810,013367088,29896,SILICON,
2925,013368019,77777,LEAD ASSEMBLY,
4920,013381682,77777,GRILLE ALUMINUM,
6150,013384899,16129,"LEAD,STORAGE BATTERY",
6150,013384900,16129,"LEAD,STORAGE BATTERY",
6150,013389075,16129,"LEAD,STORAGE BATTERY",
6150,013389076,16129,"LEAD,STORAGE BATTERY",
6680,013391288,77777,ALUMINUM HOUSING ASSEMBLY,HALON 1301
6150,013393049,16129,"LEAD,STORAGE BATTERY",
7510,013395529,15848,"LEAD,PENCIL,COLORED",
7510,013395530,15848,"LEAD,PENCIL,COLORED",
7510,013395531,15848,"LEAD,PENCIL,COLORED",
7510,013395532,15848,"LEAD,PENCIL,COLORED",
7510,013395533,15848,"LEAD,PENCIL,COLORED",
7510,013395534,15848,"LEAD,PENCIL,COLORED",
7510,013395535,15848,"LEAD,PENCIL,COLORED",
7510,013395536,15848,"LEAD,PENCIL,COLORED",
7510,013395537,15848,"LEAD,PENCIL,COLORED",
7510,013395538,15848,"LEAD,PENCIL,COLORED",
7510,013395539,15848,"LEAD,PENCIL,COLORED",
7510,013395540,15848,"LEAD,PENCIL,COLORED",
7510,013395541,15848,"LEAD,PENCIL,COLORED",
7510,013395542,15848,"LEAD,PENCIL,COLORED",
7510,013395543,15848,"LEAD,PENCIL,COLORED",
7510,013395544,15848,"LEAD,PENCIL,COLORED",
7510,013395545,15848,"LEAD,PENCIL,COLORED",
7510,013395546,15848,"LEAD,PENCIL,COLORED",
7510,013395547,15848,"LEAD,PENCIL,COLORED",
7510,013395548,15848,"LEAD,PENCIL,COLORED",
7510,013395549,15848,"LEAD,PENCIL,COLORED",
7510,013395550,15848,"LEAD,PENCIL,COLORED",
7510,013395551,15848,"LEAD,PENCIL,COLORED",
6150,013396123,16129,"LEAD,STORAGE BATTERY",
6505,013396228,36820,LITHIUM CITRATE SYRUP,
5970,013396327,77777,"INSULATOR,LEAD",
6150,013399682,16129,"LEAD,STORAGE BATTERY",
7510,013404322,15848,"LEAD,PENCIL,COLORED",
6550,013407973,77777,"TEST KIT,SILVER STAIN",
3439,013408842,04987,"SOLDER,TIN ALLOY",1260-01-208-6448
6515,013409746,39434,"LEAD SET,ELECTRODE,ELECTROCARDIO",
6505,013412726,33774,CHOLINE MAGNESIUM TRISALICYLATE,
6150,013415730,16129,"LEAD,STORAGE BATTERY",
6520,013418728,30521,SILVER ALLOY POWDER AND MERCURY,
6520,013418729,30521,SILVER ALLOY POWDER AND MERCURY,
6520,013418730,30521,SILVER ALLOY POWDER AND MERCURY,
6520,013418731,30521,SILVER ALLOY POWDER AND MERCURY,
1270,013421396,62224,"COMPENSATOR,LEAD ANGLE",
3815,013426002,06104,"LEAD,PILE DRIVER",
3439,013426560,04987,"SOLDER,TIN ALLOY",
3439,013431611,04987,"SOLDER,TIN ALLOY",
3670,013435831,42284,"FORMING MACHINE,LEAD,INTEGRATED",
6505,013443990,31533,DEXAMETHASONE SODIUM PHOSPHATE I,
6505,013444054,47524,MAGNESIUM CHLORIDE DELAYED-RELEA,
6515,013445387,77777,"LEAD SET,STIMULATOR NERVE",
6515,013445388,77777,"LEAD SET,STIMULATOR NERVE",
2920,013448655,77777,"LEAD,CONNECTING",
5995,013450505,77777,"LEAD ASSY,RF,ELEC",A-3 AIRCRAFT
3439,013452850,04987,"SOLDER,TIN ALLOY",
3439,013458159,04987,"SOLDER,TIN ALLOY",
5925,013459418,77777,TEST LEAD ADAPTOR,
1615,013464308,77777,"LEAD STOP,HUB ASSEMBLY","HELICOPTER,SIKORSKY AIRCRAFT DIVISION,MODEL SH-60B"
6520,013464864,40197,"COBALT-CHROMIUM ALLOY,DENTAL CAS",
3439,013468987,77777,"SOLDERING KIT,ALUMINUM",
3439,013470905,04987,"SOLDER,TIN ALLOY",1270-01-142-2855
6810,013472582,11644,"COBALT CHLORIDE,HEXAHYDRATE",
3439,013472643,15661,"BRAZING ALLOY,SILVER",
4920,013474900,77777,SILICON OIL MAINTEN,
7510,013478120,15847,"LEAD,PENCIL,GRAPHITE",
3439,013486474,04987,"SOLDER,TIN ALLOY",
6550,013510305,77777,CUVER 1 COPPER REAG,
6150,013516723,16129,"LEAD,STORAGE BATTERY",ELECTRONIC METAL FLAW DETECTOR NSN6635-01-290-2927
6810,013521490,77777,"ARSENIC,STANDARD SOLUTION",
6550,013523751,41835,PHOSPHATE DILUENT,
5120,013526985,77777,"TOOL,LEAD FORMING",
3439,013528073,77777,COPPER ELECTROLYTE,
3439,013532267,40811,"SOLDER,LEAD FREE",
6515,013533000,37888,"LEAD SET,PACEMAKER,CARDIAC",
9150,013541389,11107,"GRAPHITE,COLLOIDAL",
6550,013541742,37865,PHOSPHATE BUFFER SOLUTION,
6810,013541753,12714,ZINC,
6505,013543148,48192,CLINDAMYCIN PHOSPHATE TOPICAL SU,
6515,013545669,46816,"LEAD,ELECTRODE,ELECTROCARDIOGRAP",
6515,013545940,48355,"LEAD,PACEMAKER,CARDIAC",
6515,013545941,48355,"LEAD,PACEMAKER,CARDIAC",
6515,013545942,48355,"LEAD,PACEMAKER,CARDIAC",
6515,013545943,48355,"LEAD,PACEMAKER,CARDIAC",
6515,013545944,48355,"LEAD,PACEMAKER,CARDIAC",
6515,013545945,48355,"LEAD,PACEMAKER,CARDIAC",
6515,013545946,48355,"LEAD,PACEMAKER,CARDIAC",
6515,013545947,48355,"LEAD,PACEMAKER,CARDIAC",
6515,013545948,48355,"LEAD,PACEMAKER,CARDIAC",
6505,013546310,28034,MAGNESIUM SULFATE INJECTION,
6150,013547418,16129,"LEAD,STORAGE BATTERY",
6150,013547543,16129,"LEAD,STORAGE BATTERY","LINE-OF-SIGHT-REAR (LOS-R), SURFACE TO AIR MISSILES"
6505,013548343,30843,LITHIUM CARBONATE CAPSULES,
6515,013548486,48355,"LEAD,PACEMAKER,CARDIAC",
6515,013548487,48355,"LEAD,PACEMAKER,CARDIAC",
1670,013551124,77777,"KEY,SILVER","T-38,T37,AO-37,F-5 ACFT,NHA 095-890120-1"
6150,013553236,16129,"LEAD,STORAGE BATTERY",
6760,013554635,77777,"TEST KIT,SILVER INDICATING",
6505,013561191,48336,FLUDARABINE PHOSPHATE FOR INJECT,
4920,013561648,77777,LEAD-IN SUPPORT,
6840,013565424,48697,LITHIUM HYPOCHLORITE,
6150,013565832,16129,"LEAD,STORAGE BATTERY",
6150,013565833,16129,"LEAD,STORAGE BATTERY",
6150,013567965,16129,"LEAD,STORAGE BATTERY",
6505,013568542,46729,PYRITHIONE ZINC SHAMPOO,
5999,013573219,77777,"CONTACT AND LOWER LEAD,SPECIAL",
6150,013579053,16129,"LEAD,STORAGE BATTERY",
6150,013581096,16129,"LEAD,STORAGE BATTERY",
6150,013581097,16129,"LEAD,STORAGE BATTERY",
6810,013583829,77777,CHROMIUM TRIOXIDE,
4470,013587178,77777,"KIT,TEST LEAD",
6150,013587420,16129,"LEAD,STORAGE BATTERY",
6150,013587421,16129,"LEAD,STORAGE BATTERY",
6150,013594161,16129,"LEAD,STORAGE BATTERY",
6150,013597342,16129,"LEAD,STORAGE BATTERY",
6150,013597343,16129,"LEAD,STORAGE BATTERY",
8010,013599241,77777,"TEST KIT,LEAD PAINT",
9530,013599310,77777,"ALUMINUM,BOARD",
9530,013599311,77777,"ALUMINUM,BOARD",
4470,013599314,77777,"LEAD COVER,SPECIAL",
6150,013600509,16129,"LEAD,STORAGE BATTERY",
2925,013603575,77777,LEAD ASSEMBLY,
3439,013604941,40811,"SOLDER,LEAD FREE",
6550,013608960,31323,"TEST KIT,GLUCOSE-6-PHOSPHATE DEH",
6550,013614880,40434,"TEST SLIDE,MAGNESIUM DETERMINATI",
6150,013619161,16129,"LEAD,STORAGE BATTERY",
1005,013623312,77777,SHIELD HEATER LEAD,
6150,013623742,16129,"LEAD,STORAGE BATTERY",
6505,013624958,49554,ALUMINUM CHLORIDE TOPICAL SOLUTI,
6850,013625828,77777,NICKEL SOLUTION,
2915,013628608,77777,LEAD AND CLIP ASSEMBLY,
2915,013628609,77777,LEAD AND CLIP ASSEMBLY,
3439,013630158,04987,"SOLDER,TIN ALLOY",AIRCRAFT B-1B
2835,013631647,77777,"POWDER,POLYESTER ALUMINUM",2350-01-087-1095
6135,013635109,77777,"BATTERY,LITHIUM",
6810,013636010,77777,NICKEL TUNGSTEN,
3439,013640978,04987,"SOLDER,TIN ALLOY",
6810,013646080,12447,LITHIUM HYDROXIDE,
6550,013648514,39794,"REFERENCE STANDARD,LITHIUM",
6550,013648515,39794,"REFERENCE STANDARD,LITHIUM",
6550,013648516,39794,"REFERENCE STANDARD,LITHIUM",
5210,013650062,77777,"RULE,ALUMINUM,CARPENTER'S",
4910,013657195,77777,"LEAD,OPTICAL PICK-",
6515,013657408,39434,"LEAD SET,ELECTRODE,ELECTROCARDIO",
6525,013663165,77777,"LEAD WIRE,VISUALIZATION,RADIOGRA",
6150,013665531,16129,"LEAD,STORAGE BATTERY",2320-01-272-5029
6150,013665532,16129,"LEAD,STORAGE BATTERY",LINE HAUL TRACTOR (M915 SERIES) TRUCK
6150,013665533,16129,"LEAD,STORAGE BATTERY",2320-01-272-5029
3439,013677592,04987,"SOLDER,TIN ALLOY",
6150,013678743,16129,"LEAD,STORAGE BATTERY",
6150,013678744,16129,"LEAD,STORAGE BATTERY",
6810,013687170,28860,MAGNESIUM,
6675,013689379,16736,"HOLDER,LEAD,LETTERING SET SCRIBE",
5935,013691341,77777,CONNECTOR LEAD ASSEMBLY,DIESEL ENGINE CARRIER PERSONNEL FULL TRACKED
5310,013695468,77777,"WASHER,COPPER",
6520,013716472,13341,"CEMENT,ZINC PHOSPHATE,DENTAL",
6150,013716670,16129,"LEAD,STORAGE BATTERY",2330-01-303-8832
3439,013716859,04986,"SOLDER,LEAD-TIN ALLOY",
3439,013716860,04986,"SOLDER,LEAD-TIN ALLOY",
3439,013720108,04986,"SOLDER,LEAD-TIN ALLOY",
3439,013723389,04986,"SOLDER,LEAD-TIN ALLOY",
4220,013725166,77777,HOUSING LEAD AND BA,
5340,013736735,77777,"RING,SILVER SOLDER",
1270,013737082,62224,"COMPENSATOR,LEAD ANGLE","5845-01-363-5039 DOME CONTROL,SONAR; AIRCRAFT MODEL SH-60F"
1680,013738935,77777,LEAD ASSY THERM,
6505,013754625,50460,BACITRACIN ZINC OINTMENT,
6150,013765826,16129,"LEAD,STORAGE BATTERY",
6810,013765841,10829,ZINC OXIDE,
6810,013765843,12634,LEAD DIOXIDE,
6625,013767315,77777,"LEAD,EXTENSION,SPEC",
6520,013778853,13340,"CEMENT,ZINC OXIDE AND EUGENOL,DE",
6505,013784746,46729,PYRITHIONE ZINC SHAMPOO,
6520,013784846,30521,SILVER ALLOY POWDER AND MERCURY,
6505,013788716,46729,PYRITHIONE ZINC SHAMPOO,
3439,013797812,40811,"SOLDER,LEAD FREE",
6505,013802235,10713,"APPLICATOR,SILVER NITRATE",
3439,013811128,40811,"SOLDER,LEAD FREE",
6150,013812021,16129,"LEAD,STORAGE BATTERY",PACER DAWN
6150,013820436,16129,"LEAD,STORAGE BATTERY",
6150,013820524,16129,"LEAD,STORAGE BATTERY",
3439,013820556,04987,"SOLDER,TIN ALLOY",
1375,013821925,77777,"CONNECTOR,PYROTECHNIC LEAD MK52",
6635,013823477,77777,SILVER RECOVERY PLATING CELLS,EAG90-SILVER RECOVERY SYSTEM
6635,013823552,77777,SILVER RECOVERY SYSTEM,
6505,013834360,77777,ALUMINA AND MAGNESIUM CARBONATE,
6515,013834922,46778,"LEAD SET,MUSCLE STIMULATOR",
6635,013836191,77777,"CURTAIN,LEAD LINED",EG AND G ASTROPHYSICS; SYSTEM TENCABINET ASSEMBLY
6635,013836210,77777,"CURTAIN,LEAD LINED",EG AND G ASTROPHYSICS; SYSTEM SEVEN E-SCAN CABINET ASSEMBLY (60HZ)
6635,013836240,77777,"CURTAIN,LEAD LINED",EG AND G ASTROPHYSICS; SYSTEM SEVEN E-SCAN CABINET ASSEMBLY (60HZ)
3439,013840075,15661,"BRAZING ALLOY,SILVER",
3439,013843656,15661,"BRAZING ALLOY,SILVER",
6515,013844802,50624,"LEAD,ELECTRODE,ELECTRONIC NERVE",
6515,013844874,50624,"LEAD,ELECTRODE,ELECTRONIC NERVE",
6515,013844996,50624,"LEAD,ELECTRODE,ELECTRONIC NERVE",
6505,013850518,77777,ALUMINA AND MAGNESIUM CARBONATE,
6810,013858173,45045,ZINC CHLORIDE SOLUTION,
6810,013865562,77777,"ZINC OXIDE,AMMONIUM HYDROXIDE",
6150,013866124,16129,"LEAD,STORAGE BATTERY",2330-01-303-8832 M1000 CHETTL TRAILER
6515,013869112,50624,"LEAD,ELECTRODE,ELECTRONIC NERVE",
6515,013869146,50624,"LEAD,ELECTRODE,ELECTRONIC NERVE",
6810,013869254,45043,SILICON CHLORIDE SOULTION,
3439,013869461,04986,"SOLDER,LEAD-TIN ALLOY",
3439,013874405,04986,"SOLDER,LEAD-TIN ALLOY",
3439,013879731,04986,"SOLDER,LEAD-TIN ALLOY",
6550,013897139,49534,PHOSPHATE BUFFERED SALINE SOLUTI,
3439,013897247,04986,"SOLDER,LEAD-TIN ALLOY",
6520,013898845,13341,"CEMENT,ZINC PHOSPHATE,DENTAL",
3439,013904594,04986,"SOLDER,LEAD-TIN ALLOY",
3439,013904625,04986,"SOLDER,LEAD-TIN ALLOY",
6635,013904856,77777,"SWAB,LEAD TESTING",
5640,013906253,77777,LEAD WOOL BLANKET,
5640,013906254,77777,LEAD WOOL BLANKET,
8030,013909487,22470,"COATING KIT,ALUMINUM,CORROSION R",
3439,013918478,04987,"SOLDER,TIN ALLOY",SOLDER
3439,013918515,04987,"SOLDER,TIN ALLOY","SOLDER, TIN ALLOY"
3439,013921490,04986,"SOLDER,LEAD-TIN ALLOY",
6665,013921841,77777,"WASTE,CONTAINER,LEAD LINED",
6810,013922744,12714,ZINC,
3439,013929068,04987,"SOLDER,TIN ALLOY",SOLDER
3439,013938959,04987,"SOLDER,TIN ALLOY",
6150,013938997,16129,"LEAD,STORAGE BATTERY",
6505,013942527,42119,ANTICOAGULANT CITRATE PHOSPHATE,
6150,013950661,16129,"LEAD,STORAGE BATTERY",
9630,013951834,16085,ALUMINUM ALLOYING ADDITIVE,
3439,013952363,04987,"SOLDER,TIN ALLOY",
6150,013953643,16129,"LEAD,STORAGE BATTERY",
6150,013953646,16129,"LEAD,STORAGE BATTERY",
6515,013960703,39434,"LEAD SET,ELECTRODE,ELECTROCARDIO",
5995,013964516,77777,KIT TEST LEAD,
6520,013969807,30521,SILVER ALLOY POWDER AND MERCURY,
5821,013974356,77777,LEAD,
5821,013974357,77777,LEAD,
3670,013976030,77777,"TOOL,LEAD FORMING",3670-01-343-5831
3670,013976943,77777,"TOOL,LEAD FORMING",3670-01-343-5831
3670,013976944,77777,"TOOL,LEAD FORMING",3670-01-343-5831
3670,013976945,77777,"TOOL,LEAD FORMING",3670-01-343-5831
3670,013976946,77777,"TOOL,LEAD FORMING",3670-01-343-5831
3670,013976947,77777,"TOOL,LEAD FORMING",3670-01-343-5831
3670,013976948,77777,"TOOL,LEAD FORMING",3670-01-343-5831
3670,013976950,77777,"TOOL,LEAD FORMING",3670-01-343-5831
3670,013976951,77777,"TOOL,LEAD FORMING",3670-01-343-5831
3670,013976952,77777,"TOOL,LEAD FORMING",3670-01-343-5831
4620,013977398,77777,"PROBE,ZINC",DESALINATOR MODEL PW 2000
3439,013981482,04986,"SOLDER,LEAD-TIN ALLOY",
5120,013982475,77777,"TOOL,PRIMARY LEAD DISCONNECT",
3439,013983036,04987,"SOLDER,TIN ALLOY",DISPLAY UNIT RADAR
3439,013986041,40811,"SOLDER,LEAD FREE",
3670,013993992,77777,"TOOL,LEAD FORMING",3670-01-343-5831
3670,013993993,77777,"TOOL,LEAD FORMING",3670-01-343-5831
3670,013993994,77777,"TOOL,LEAD FORMING",3670-01-343-5831
6150,013994116,16129,"LEAD,STORAGE BATTERY",
6150,013994118,16129,"LEAD,STORAGE BATTERY",
6150,014002914,16129,"LEAD,STORAGE BATTERY",
3439,014062308,04985,"SOLDER,LEAD ALLOY",
6810,014068453,77777,AMMONIUM CHLORIDE AND PHOSPHATE,
6515,014072089,49917,"LEAD WIRE SET,MONITORING RECORDE",
9650,014080540,32098,"INGOT,COPPER",
9650,014080541,32098,"INGOT,COPPER",
9650,014080542,32098,"INGOT,COPPER",
9650,014080543,32098,"INGOT,COPPER",
9650,014081989,32094,"INGOT,ALUMINUM",
9650,014081997,32098,"INGOT,COPPER",
9630,014082001,16088,COPPER ALLOYING ADDITIVE,
1615,014082378,77777,"LEAD STOP,ROTARY WING",
9150,014083623,77777,"OIL,SILICON",USED ON CANNON MODEL CLC500 LASER PRINTER
5310,014087273,77777,NUT LEAD CLAMP,
6810,014091605,29896,SILICON,
1615,014108239,77777,"LEAD STOP,ROTARY WING",
6150,014108914,16129,"LEAD,STORAGE BATTERY",
1270,014118261,62224,"COMPENSATOR,LEAD ANGLE",AIRCRAFT MODEL SH-60F
6150,014118779,16129,"LEAD,STORAGE BATTERY",
9620,014120522,16122,"GRAPHITE,DRY",
6810,014120654,77777,ZINC STANDARD SOLUT,
6810,014126153,11717,"MAGNESIUM CHLORIDE,HEXAHYDRATE",
6810,014126154,11717,"MAGNESIUM CHLORIDE,HEXAHYDRATE",
6810,014127239,77777,MONO-ALUMINUM PHOSP,
6150,014127681,16129,"LEAD,STORAGE BATTERY",SUPPORT OF PREPROVISIONING ITEMS WHICH ASO ACTS AS POINT OF ENTRY
6150,014127684,16129,"LEAD,STORAGE BATTERY",SUPPORT OF PREPROVISIONING ITEMS WHICH ASO ACTS AS POINT OF ENTRY
3439,014130529,04987,"SOLDER,TIN ALLOY",
3439,014131932,15661,"BRAZING ALLOY,SILVER",
6810,014133152,10829,ZINC OXIDE,
2910,014133393,77777,PROBE-LEAD ASSEMBLY,
3439,014140538,04987,"SOLDER,TIN ALLOY",
6150,014141182,16129,"LEAD,STORAGE BATTERY",HEMTT FAMILY (HEAVY EXPANDED MOBILITY TACTICAL TRUCKS)
6150,014143274,16129,"LEAD,STORAGE BATTERY","CATERPILLAR AUTOMOBILE TANDEM CB 534, CATERPILLAR INC"
6150,014143391,16129,"LEAD,STORAGE BATTERY",NSN 2320-01-304-2277 AND 2320-01-304-2278 PLS (PALLETIZED LOADING SYSTEM)
6150,014146086,16129,"LEAD,STORAGE BATTERY",CB 534 COMPACTOR VIBRATORY AUTOMOBILE TANDEM; CATERPILLAR INC
6150,014146210,16129,"LEAD,STORAGE BATTERY",
6810,014148333,10829,ZINC OXIDE,
6150,014148800,16129,"LEAD,STORAGE BATTERY",
6150,014148802,16129,"LEAD,STORAGE BATTERY",
3439,014154132,04987,"SOLDER,TIN ALLOY",
3439,014158627,04987,"SOLDER,TIN ALLOY",
3439,014168341,04987,"SOLDER,TIN ALLOY",
1650,014171624,77777,"LEAD,BLADE HEATER",14SF PROPELLER; CANADAIR CL-215 AIRCRAFT
6150,014171798,16129,"LEAD,STORAGE BATTERY",
6150,014171799,16129,"LEAD,STORAGE BATTERY",
3040,014174145,77777,"SHAFT,ALUMINUM,3-8",USED ON ASR8 EQUIPMENT
3439,014176122,04987,"SOLDER,TIN ALLOY",
6150,014176311,16129,"LEAD,STORAGE BATTERY",
3439,014177672,15661,"BRAZING ALLOY,SILVER",
6150,014178062,16129,"LEAD,STORAGE BATTERY",
6550,014180278,38377,DULBECCO'S PHOSPHATE BUFFERED SA,
6150,014181638,16129,"LEAD,STORAGE BATTERY",
6150,014181859,16129,"LEAD,STORAGE BATTERY",
6150,014181860,16129,"LEAD,STORAGE BATTERY",
3439,014186103,04987,"SOLDER,TIN ALLOY",
6150,014186342,16129,"LEAD,STORAGE BATTERY",D C ELECTRICAL SYSTEM
6810,014187455,12636,"LITHIUM HYDROXIDE,MONOHYDRATE",
9150,014190884,14944,"GREASE,GRAPHITE",
9150,014195454,14944,"GREASE,GRAPHITE",
6150,014195891,16129,"LEAD,STORAGE BATTERY",
6150,014200337,16129,"LEAD,STORAGE BATTERY",
6150,014200338,16129,"LEAD,STORAGE BATTERY",
6150,014200339,16129,"LEAD,STORAGE BATTERY",
3020,014200560,77777,"PULLEY,ALUMINUM",USED ON ASDE3 EQUIPMENT
3020,014200592,77777,"PULLEY,ALUMINUM",
6505,014201648,28034,MAGNESIUM SULFATE INJECTION,
3439,014202775,04986,"SOLDER,LEAD-TIN ALLOY",PACER DAWN
6150,014210843,16129,"LEAD,STORAGE BATTERY",
6150,014210845,16129,"LEAD,STORAGE BATTERY",
6150,014218203,16129,"LEAD,STORAGE BATTERY",HIGH-MOBILITY ARTILLERY ROCKET SYSTEM (HIMARS)
6150,014218207,16129,"LEAD,STORAGE BATTERY",2320-01-354-3385; HIGH-MOBILITY ARTILLERY ROCKET SYSTEM (HIMARS)
6150,014218216,16129,"LEAD,STORAGE BATTERY",2320-01-354-3385; HIGH-MOBILITY ARTILLERY ROCKET SYSTEM (HIMARS)
6150,014218220,16129,"LEAD,STORAGE BATTERY",2320-01-354-3385; HIGH-MOBILITY ARTILLERY ROCKET SYSTEM (HIMARS)
5325,014219326,77777,"CLIP LEAD,FASTENER",BEECHCRAFT BONANZA
6150,014219930,16129,"LEAD,STORAGE BATTERY",SPECIAL ACFT AND ENGINE TOOL AND SUPPORT EQUIP AND PARTS
6150,014219932,16129,"LEAD,STORAGE BATTERY",SPECIAL ACFT AND ENGINE TOOL AND SUPPORT EQUIP AND PARTS
6515,014223240,39434,"LEAD SET,ELECTRODE,ELECTROCARDIO",
9620,014224368,16122,"GRAPHITE,DRY",
3439,014225331,15659,"BRAZING ALLOY,COPPER",
5120,014226216,77777,LEAD FORMING TOOL,
5895,014228780,77777,"OSCILLATOR,RUBIDIUM","AAH MICOM MANAGED SUBSYSTEMS, OTHER MISSILE RELATED MATERIEL"
3439,014229327,04986,"SOLDER,LEAD-TIN ALLOY",
3439,014229599,04987,"SOLDER,TIN ALLOY",
3439,014230554,04987,"SOLDER,TIN ALLOY",
3439,014230592,04987,"SOLDER,TIN ALLOY",
1040,014231750,77777,"SENSOR,GRAPHITE LEVEL",1040-01-380-1400
1375,014234539,77777,LEAD PROTECTOR ADAP,
3426,014236634,77777,ALUMINUM BOAT,
6150,014240971,16129,"LEAD,STORAGE BATTERY",
5120,014241501,05677,"PRESS,LEAD SEAL,HAND",
6150,014241530,16129,"LEAD,STORAGE BATTERY",
1040,014247672,77777,"HOPPER,GRAPHITE",1040-01-380-1400
6150,014248981,16129,"LEAD,STORAGE BATTERY",
7510,014252825,15848,"LEAD,PENCIL,COLORED",7520-00-285-5822 AND 7520-00-285-5826
6505,014261526,09348,HISTAMINE PHOSPHATE INJECTION,
6525,014281522,77777,"UNIT,SILVER RECOVERY SYSTEM,X-RA",
6525,014281523,77777,"UNIT,SILVER RECOVERY SYSTEM,X-RA",
6525,014281524,77777,"UNIT,SILVER RECOVERY SYSTEM,X-RA",
6525,014281525,77777,"FILTER,SILVER RECOVERY SYSTEM,X-",
6525,014281527,77777,"ION EXCHANGE COLUMN,SILVER RECOV",
6525,014281529,77777,"UNIT,SILVER RECOVERY SYSTEM,X-RA",
6525,014281532,77777,"SILVER RECOVERY SYSTEM,X-RAY FIL",
6525,014281533,77777,"ION EXCHANGE COLUMN,SILVER RECOV",
6525,014281535,77777,"SILVER RECOVERY SYSTEM,X-RAY FIL",
6525,014281537,77777,"SILVER RECOVERY SYSTEM,X-RAY FIL",
6525,014281538,77777,"SILVER RECOVERY SYSTEM,X-RAY FIL",
6525,014281539,77777,"SILVER RECOVERY SYSTEM,X-RAY FIL",
6525,014281540,77777,"FILTER,SILVER RECOVERY SYSTEM,X-",
6525,014281541,77777,"SILVER RECOVERY SYSTEM,X-RAY FIL",
6525,014281542,77777,"SILVER RECOVERY SYSTEM,X-RAY FIL",
6525,014281543,77777,"SILVER RECOVERY SYSTEM,X-RAY FIL",
6525,014281544,77777,"PUMP KIT,SILVER RECOVERY UNIT,X-",
6525,014281545,77777,"SILVER RECOVERY SYSTEM,X-RAY FIL",
6525,014281547,77777,"PUMP,SILVER RECOVERY UNIT,X-RAY",
6525,014281548,77777,"INSTALLATION KIT,FILTER,SILVER R",
6525,014281549,77777,"PUMP,SILVER RECOVERY UNIT,X-RAY",
6525,014281551,77777,"PUMP,SILVER RECOVERY SYSTEM,X-RA",
6525,014281553,77777,"PUMP,SILVER RECOVERY UNIT,X-RAY",
6525,014281555,77777,"METER,SILVER RECOVERY SYSTEM,X-R",
6525,014281556,77777,"PROCESSOR CONVERSION KIT,SILVER",
6520,014289469,30521,SILVER ALLOY POWDER AND MERCURY,
6520,014289470,30521,SILVER ALLOY POWDER AND MERCURY,
6520,014289471,30521,SILVER ALLOY POWDER AND MERCURY,
6520,014292103,13340,"CEMENT,ZINC OXIDE AND EUGENOL,DE",
6515,014292295,77777,"MESH,TITANIUM",
6525,014293876,77777,"APRON,HALF,X-RAY LEAD PATIENT PR",
3439,014298296,04987,"SOLDER,TIN ALLOY",
6150,014303902,16129,"LEAD,STORAGE BATTERY",
5210,014306767,77777,"RULE,ALUMINUM,CARPENTER'S",
3439,014308944,77777,"SOLDER,LEAD-TIN-SILVER ALLOY",PACER DAWN
6515,014309744,49917,"LEAD WIRE SET,MONITORING RECORDE",
6515,014309745,49917,"LEAD WIRE SET,MONITORING RECORDE",
6515,014310465,39434,"LEAD SET,ELECTRODE,ELECTROCARDIO",
5120,014316857,05677,"PRESS,LEAD SEAL,HAND",
6550,014320077,40434,"TEST SLIDE,MAGNESIUM DETERMINATI","FOR USE WITH NSN 6630-01-441-5297, ANALYZER CLINICAL CHEMISTRY"
6150,014326485,16129,"LEAD,STORAGE BATTERY",
3439,014327057,04987,"SOLDER,TIN ALLOY",
6150,014327655,16129,"LEAD,STORAGE BATTERY",
6150,014327659,16129,"LEAD,STORAGE BATTERY",
3439,014330836,04987,"SOLDER,TIN ALLOY",
6150,014331925,16129,"LEAD,STORAGE BATTERY",
3439,014332105,15661,"BRAZING ALLOY,SILVER",
9620,014333074,16122,"GRAPHITE,DRY",
6550,014335350,77777,"TEST SLIDE,LITHIUM DETERMINATION",
3439,014336443,04987,"SOLDER,TIN ALLOY",
6150,014339321,16129,"LEAD,STORAGE BATTERY",
6150,014339345,16129,"LEAD,STORAGE BATTERY",
3439,014339828,04987,"SOLDER,TIN ALLOY",
6520,014342014,33405,ALUMINUM OXIDE SCRUB CLEANSER,
6150,014343443,16129,"LEAD,STORAGE BATTERY",LITTON SYSTEMS M990 WEAPON SIGHT
9150,014347590,14944,"GREASE,GRAPHITE",
3439,014350594,04987,"SOLDER,TIN ALLOY",
6150,014354944,16129,"LEAD,STORAGE BATTERY",
6150,014354947,16129,"LEAD,STORAGE BATTERY",
6625,014356341,77777,"LEAD,ALTIMETER ENCO","AVIATION GROUND SYSTEM SETS, KITS, AND OUTFITS, AIRCRAFT GROUND SUPPORT EQUIPMENT (AGSE), AND AIRCRAFT LIKE SUPPORT EQUIPMENT (ALSE)"
6625,014356343,77777,"LEAD,HANDTERMINAL","AVIATION GROUND SYSTEM SETS, KITS, AND OUTFITS, AIRCRAFT GROUND SUPPORT EQUIPMENT (AGSE), AND AIRCRAFT LIKE SUPPORT EQUIPMENT (ALSE)"
6625,014356346,77777,"LEAD,AC POWER","AVIATION GROUND SYSTEM SETS, KITS, AND OUTFITS, AIRCRAFT GROUND SUPPORT EQUIPMENT (AGSE), AND AIRCRAFT LIKE SUPPORT EQUIPMENT (ALSE)"
6625,014356348,77777,"LEAD,DC POWER","AVIATION GROUND SYSTEM SETS, KITS, AND OUTFITS, AIRCRAFT GROUND SUPPORT EQUIPMENT (AGSE), AND AIRCRAFT LIKE SUPPORT EQUIPMENT (ALSE)"
3439,014357503,04986,"SOLDER,LEAD-TIN ALLOY",
3439,014360618,04986,"SOLDER,LEAD-TIN ALLOY",
6525,014362079,77777,"SILVER RECOVERY SYSTEM,X-RAY FIL",
6525,014362083,77777,"SILVER RECOVERY SYSTEM,X-RAY FIL",
6525,014362084,77777,"SILVER RECOVERY SYSTEM,X-RAY FIL",
6525,014362085,77777,"SILVER RECOVERY SYSTEM,X-RAY FIL",
6525,014362086,77777,"SILVER RECOVERY SYSTEM,X-RAY FIL",
5955,014367864,77777,RUBIDIUM OSCILLATOR,RSRP EARLY WARNING RADAR EQUIPMENT
6150,014370260,16129,"LEAD,STORAGE BATTERY",
1680,014370399,77777,"STRAP,LEAD-IN,WEBBI",
1680,014370401,77777,"STRAP,LEAD-IN,WEBBI",
1680,014370402,77777,"STRAP,LEAD-IN,WEBBI",
1680,014370403,77777,"STRAP,LEAD-IN,WEBBI",
1680,014370404,77777,"STRAP,LEAD-IN,WEBBI",
1680,014370405,77777,"STRAP,LEAD-IN,WEBBI",
1680,014370406,77777,"STRAP,LEAD-IN,WEBBI",
9150,014375294,11107,"GRAPHITE,COLLOIDAL",PREPROVISIONING SUPPORT NAVICP IS POE
6150,014375443,16129,"LEAD,STORAGE BATTERY",
6150,014375548,16129,"LEAD,STORAGE BATTERY",
6150,014375549,16129,"LEAD,STORAGE BATTERY",
6150,014375552,16129,"LEAD,STORAGE BATTERY",
6515,014379702,46816,"LEAD,ELECTRODE,ELECTROCARDIOGRAP",
6515,014379705,46816,"LEAD,ELECTRODE,ELECTROCARDIOGRAP",
7810,014384741,03278,"SINKER,FISHING LINE,LEAD",
6150,014386649,16129,"LEAD,STORAGE BATTERY",
6150,014386654,16129,"LEAD,STORAGE BATTERY",
3439,014395525,04987,"SOLDER,TIN ALLOY",
6630,014399684,77777,"ELECTRODE,MAGNESIUM",
6630,014399685,77777,"MAGNESIUM,FILLING S",
6630,014399686,77777,MAGNESIUM KIT,
6505,014402990,77777,ZINC GLUCONATE TRIHYDRATE LOZENG,
5895,014403201,77777,RUBIDIUM STANDARD,
6520,014407805,30521,SILVER ALLOY POWDER AND MERCURY,
6520,014407806,30521,SILVER ALLOY POWDER AND MERCURY,
6505,014409134,10568,MAGNESIUM SULFATE,
6810,014411547,77777,ZINC ANODE PLATE,
3439,014414871,15661,"BRAZING ALLOY,SILVER",
3439,014414884,15661,"BRAZING ALLOY,SILVER",
3439,014414892,15661,"BRAZING ALLOY,SILVER",
3439,014414907,15661,"BRAZING ALLOY,SILVER",
6625,014418355,77777,"POUCH,TEST LEAD",580/02/78 OHMMETER
2840,014425742,77777,"LEAD ASSEMBLY,SPARK",
6810,014427735,23460,"ALUMINUM CHLORIDE,ANHYDROUS",
6810,014429881,77777,AMMONIUM CERIUM(IV) NITRATE,
6810,014430229,77777,NIOBIUM PENTOXIDE,
6505,014437607,37919,BISMUTH SUBSALICYLATE TABLETS,
6110,014438948,77777,"GUIDE,SHOE,ALUMINUM",
6810,014450389,77777,ALUMINUM NITRIDE PO,
5330,014457410,11204,CAULKING LEAD,
6810,014457903,77777,TANTALUM OXIDE,
6810,014458047,77777,NICKEL CARBONATE,
3433,014461951,77777,"GAS CUP,ALUMINUM",
6810,014464910,11589,ANTIMONY TRIOXIDE,
6810,014465045,77777,NIOBIUM SILICIDE,
6810,014465046,77777,"NIOBIUM SELENIDE,RE",
6810,014465047,77777,"NICKEL SILICIDE,REA",
6810,014465219,77777,"TITANIUM BORIDE,REA",
6810,014465537,77777,"MAGNESIUM SILICIDE,",
6810,014465538,77777,"RHENIUM OXIDE,REAGE",
6810,014465541,77777,"NICKEL CHLORIDE,REA",
6810,014465542,77777,"CHROMIUM CHLORIDE,R",
6810,014465543,77777,COPPER OXIDE,
6810,014465675,24344,SILVER ACETATE,
6810,014465699,77777,"TELLURIUM DIOXIDE,R",
6810,014466810,11955,LEAD MONOXIDE,
6810,014467530,11870,"TITANIUM DIOXIDE,ANHYDROUS",
6810,014469540,77777,NIOBIUM CARBIDE,
6810,014469635,11846,"SODIUM PHOSPHATE,DIBASIC,ANHYDRO",
6810,014469960,77777,COBALT SILICIDE,
6810,014469962,77777,CHROMIUM SILICIDE,
6810,014469964,77777,LANTHANUM SILICIDE,
6810,014469967,77777,NEODYMIUM SILICIDE,
6810,014469969,77777,TANTALUM SILICIDE,
2840,014470859,77777,LEAD ASSEMBLY,
6810,014474290,12413,COPPER,
6810,014474352,12714,ZINC,
6810,014474682,23474,MAGNESIUM ACETATE,
6515,014474800,77777,LEAD RED BANANA,"TEST SET, ELECTRICAL"
6810,014475879,12581,ALUMINUM,
6810,014476378,12632,LEAD,
6810,014476498,24018,CHROMIUM,
6810,014477330,53129,"REAGENT SET,SILVER",
3439,014485516,04987,"SOLDER,TIN ALLOY",WIRE FORM SOLDER;0.031 DIA ON SPOOL;1LB CAPACITY;PACER DAWN
3439,014485603,15661,"BRAZING ALLOY,SILVER",
6810,014487142,11816,SILVER NITRATE,
6810,014487251,23473,LITHIUM CARBONATE,
6810,014489171,29896,SILICON,
6810,014489181,29896,SILICON,
6810,014489209,77777,TITANIUM ROD,
6810,014489226,77777,TITANIUM POWDER,
6810,014489255,12584,"ALUMINUM OXIDE,ANHYDROUS",
6810,014489259,23491,TIN,
6810,014489665,12584,"ALUMINUM OXIDE,ANHYDROUS",
6810,014489759,77777,CHROMIUM METAL POWD,
6810,014489760,77777,CALCIUM PHOSPHATE D,
5841,014490330,77777,"INSTRUMENT KIT,SILICON OIL",AEROSPACE GROUND EQUIPMENT
6810,014492865,26893,COBALT OXIDE,
6810,014495112,12584,"ALUMINUM OXIDE,ANHYDROUS",
6810,014495122,12410,CHROMIUM TRIOXIDE,
6810,014496297,77777,COBALT ACETATE,
6810,014496377,77777,"BORON NITRIDE,POWDE",
6810,014496390,77777,NICKEL FLUORIDE,
6810,014496449,77777,CHROMIUM NITRATE NO,
6550,014497081,40434,"TEST SLIDE,MAGNESIUM DETERMINATI",
3439,014503654,04986,"SOLDER,LEAD-TIN ALLOY",
5330,014513394,11204,CAULKING LEAD,
3439,014517828,15661,"BRAZING ALLOY,SILVER",
4220,014519298,77777,"KIT,POUCH,LEAD,DIVI",
3439,014520414,04987,"SOLDER,TIN ALLOY",
6150,014525421,16129,"LEAD,STORAGE BATTERY",USED ON SINGLE PHASE GENERATOR STORAGE BATTERY
6150,014525425,16129,"LEAD,STORAGE BATTERY",USED ON SINGLE PHASE GENERATOR STORAGE BATTERY
4730,014530817,77777,"CLAMP,LEAD ASSY",SEAWOLF CLASS SSN
6810,014532129,26893,COBALT OXIDE,
6150,014532956,16129,"LEAD,STORAGE BATTERY",
3443,014533640,77777,"PLATE,FEED,NICKEL",
5998,014541718,77777,PRESS LEAD SEAL,MK 31 MOD 0 RAM GMWS
6505,014542526,50460,BACITRACIN ZINC OINTMENT,
6150,014547758,16129,"LEAD,STORAGE BATTERY",
1220,014548408,61057,"SIGHT,LEAD COMPUTING,AUTOMATIC",
6640,014559311,77777,"TEST KIT,LEAD DETERMINATION",
1560,014559350,77777,"SUPPORT,LEAD WIRE,FUEL GAGE UNIT","AIRCRAFT, MODEL C-130J"
3439,014561681,04985,"SOLDER,LEAD ALLOY",
4710,014568828,77777,"SOUNDOME TUBE,ZINC","SCANNING SONA,CAGE 52312"
3439,014571600,04987,"SOLDER,TIN ALLOY",JOINT STARS TARGET R
3439,014571602,04986,"SOLDER,LEAD-TIN ALLOY",C141 STARLIFTER
6810,014583994,30458,SILVER OXIDE,
6550,014585799,49534,PHOSPHATE BUFFERED SALINE SOLUTI,
9650,014589721,16084,ZINC SLAB,
9925,014597113,77777,"TABERNACLE,ALUMINUM",
9925,014597327,77777,"CUP,COMMON,SILVER",
2925,014601345,77777,"LEAD,IGNITER PLUG","AIRCRAFT, CHALLENGER 604"
6515,014604758,50624,"LEAD,ELECTRODE,ELECTRONIC NERVE",
6515,014604760,50624,"LEAD,ELECTRODE,ELECTRONIC NERVE",
6515,014604763,50624,"LEAD,ELECTRODE,ELECTRONIC NERVE",
6515,014604765,50624,"LEAD,ELECTRODE,ELECTRONIC NERVE",
6515,014604768,50624,"LEAD,ELECTRODE,ELECTRONIC NERVE",
6515,014604769,50624,"LEAD,ELECTRODE,ELECTRONIC NERVE",
2920,014604899,77777,"LEAD,IGNITER PLUG",
6810,014605703,77777,"SILVER DIETHYL,ACS",
6150,014605922,16129,"LEAD,STORAGE BATTERY",
6150,014605934,16129,"LEAD,STORAGE BATTERY",
6150,014605950,16129,"LEAD,STORAGE BATTERY",
6150,014605961,16129,"LEAD,STORAGE BATTERY",
6150,014605982,16129,"LEAD,STORAGE BATTERY",
6150,014606435,16129,"LEAD,STORAGE BATTERY",
6150,014606437,16129,"LEAD,STORAGE BATTERY",
6150,014606444,16129,"LEAD,STORAGE BATTERY",
6150,014606447,16129,"LEAD,STORAGE BATTERY",
6550,014606738,77777,MANGANESE REAGENT,
6810,014607595,18236,LEAD ACETATE SOLUTION,
6550,014607596,37865,PHOSPHATE BUFFER SOLUTION,
6810,014607601,12413,COPPER,
9150,014607788,11107,"GRAPHITE,COLLOIDAL",
6810,014608135,12647,NICKEL,
6150,014611743,16129,"LEAD,STORAGE BATTERY",
6150,014611747,16129,"LEAD,STORAGE BATTERY",
6150,014611748,16129,"LEAD,STORAGE BATTERY",
6810,014614501,11816,SILVER NITRATE,
6810,014615662,11965,"MAGNESIUM SULFATE,ANHYDROUS",
6150,014615849,16129,"LEAD,STORAGE BATTERY",
6150,014615853,16129,"LEAD,STORAGE BATTERY",
6810,014616746,29896,SILICON,
2840,014618878,77777,"LEAD ASSY,SPARK IGN","OH-58D TURBINE ENGINE (T703-AD-700), ROTARY WING AIRCRAFT"
6550,014619032,50917,PHOSPHATE BUFFERED SALINE,
6550,014619045,50917,PHOSPHATE BUFFERED SALINE,
5995,014619303,77777,LEAD ASSY,
1680,014619506,77777,"STRAP,LEAD-IN,WEBBI",
6135,014621135,77777,"BATTERY,LITHIUM",
6810,014623105,12372,"ALUMINUM AMMONIUM SULFATE,DODECA",
6520,014626915,30521,SILVER ALLOY POWDER AND MERCURY,
6520,014626922,30521,SILVER ALLOY POWDER AND MERCURY,
6520,014626928,30521,SILVER ALLOY POWDER AND MERCURY,
6150,014634359,16129,"LEAD,STORAGE BATTERY",USED ON FIGHTER AIRCRAFT (F14)
4520,014634444,77777,"HEATER,LEAD ASSY",
6810,014636032,11847,"SODIUM PHOSPHATE,DIBASIC,HEPTAHY",
2925,014638852,77777,"LEAD ASSY,SPARK IGN",
2925,014638856,77777,"LEAD ASSY,SPARK IGN",
4470,014638989,77777,COPPER NIC,
3439,014644762,04987,"SOLDER,TIN ALLOY",
9545,014650887,10905,SILVER SHEET,
9545,014651511,10905,SILVER SHEET,
9545,014651537,10905,SILVER SHEET,
6150,014651842,16129,"LEAD,STORAGE BATTERY",OUTBOARD MOTOR
6135,014652681,77777,"BATTERY,LITHIUM",
6150,014654825,16129,"LEAD,STORAGE BATTERY","6115-01-275-5061 GENERATOR SET, DIESEL ENGINE; WEAPONS SYSTEM DESIGNATOR WV, 10W TQG GENERATOR FAMILY"
9925,014661052,77777,"MEZUZAH CASE,SILVER",
6520,014663949,77777,"SILVER AMALGAM,SPERICAL",
6150,014665416,16129,"LEAD,STORAGE BATTERY",
9150,014666122,11107,"GRAPHITE,COLLOIDAL",GENERAL APPLICATION (GENAPP)
6150,014666377,16129,"LEAD,STORAGE BATTERY",
1560,014670090,77777,PERFORATED ALUMINUM 3X8FT SHEET,CHINOOK CH-47 HELICOPTER
3439,014671374,77777,TUNGSTEN ELECTRODE,
6150,014671769,16129,"LEAD,STORAGE BATTERY",2320-01-123-1610
3439,014677653,77777,MULTI LEAD HOOF TIP,
3439,014677654,77777,MULTI LEAD MINI HOO,
3439,014677656,77777,MULTI LEAD KNIFE TI,
6150,014680509,16129,"LEAD,STORAGE BATTERY",4940-01-424-1023
9650,014680857,32095,"INGOT,ALUMINUM ALLOY",ACFT CEN SEC
6150,014687153,16129,"LEAD,STORAGE BATTERY","WSD: SUPPORT EQUIP, C-17A AIRCRAFT"
6515,014687439,39434,"LEAD SET,ELECTRODE,ELECTROCARDIO",
3439,014692087,04987,"SOLDER,TIN ALLOY",
6150,014697562,16129,"LEAD,STORAGE BATTERY",NSN: 611501-369-7465
6150,014697569,16129,"LEAD,STORAGE BATTERY",NSN: 6115-01-369-7465
6150,014697586,16129,"LEAD,STORAGE BATTERY",NSN: 6115-01-459-4514
3439,014699019,77777,"SOLDER,TIN ALLOY,AI",
6150,014705720,16129,"LEAD,STORAGE BATTERY",AIR WHEELED TRAILER
6150,014705722,16129,"LEAD,STORAGE BATTERY",AIR WHEELED TRAILER
2040,014710658,77777,"ANODE,ZINC",
2040,014710661,77777,"ANODE,ZINC KIT",
2040,014710662,77777,"ANODE,ZINC",
2040,014710667,77777,"ANODE KIT,ZINC",
6150,014714587,16129,"LEAD,STORAGE BATTERY","NHA IS ELECTRICAL AND STARTING SYSTEM BATTERY AND WIRING GP, P/N 163-5035; END ITEM IS MODEL CS-433C TYPE 1, VIBRATING ROLLER, CATERPILLAR DIRECT VENDOR DELIVERY (DVD) PROGRAM"
6150,014714591,16129,"LEAD,STORAGE BATTERY","NHA IS ELECTRICAL AND STARTING SYSTEM BATTERY AND WIRING GP, P/N 163-5035; END ITEM IS MODEL CS-433C TYPE 1, VIBRATING ROLLER, CATERPILLAR DIRECT VENDOR DELIVERY (DVD) PROGRAM"
4730,014716119,77777,LEAD CLAMP ASSEMBLY,
3439,014717038,04987,"SOLDER,TIN ALLOY",
6810,014717625,11816,SILVER NITRATE,
5360,014721345,77777,SPRING LEAD,6625014518727
6150,014721928,16129,"LEAD,STORAGE BATTERY",AN/PRD-13(V)2
6150,014721933,16129,"LEAD,STORAGE BATTERY",AN/PRD-13(V)2
6150,014723194,16129,"LEAD,STORAGE BATTERY",2350-01-455-3174
6810,014725814,77777,"REFILL,PHOSPHATE",
6810,014725815,77777,"TEST KIT,PHOSPHATE",
4420,014728689,77777,"ANODE,ZINC",HEAT EXCHANGER P/N 3001-037 ONBOARD 87 FT WPB COAST GUARD VESSELS
6150,014730379,16129,"LEAD,STORAGE BATTERY","TM 9-3990-361-23, CONTRACT NUMBER DAAE07-96-C-X159, FORWARD REPAIR SYSTEM, MODEL M 7, NSN: 3990-01-463-4940"
4920,014733293,77777,TANTALUM DIPPED RAD,
6625,014733553,77777,"KIT,LEAD TEST",
6150,014734008,16129,"LEAD,STORAGE BATTERY","CONTRACTOR LOGISTICS LIFETIME SUPPORT (CRLS), DEPLAYABLE UNIVERSAL COMBAT EARTHMOVER(DEUCE),30/30 (MODEL DV100), NSN 2430-01-423-2819, TM5-2430-200-24P,LIN: T76541,WSC:IA"
5995,014740536,77777,SUPPORT LEAD,"HARRIER AIRCRAFT, GR7"
6150,014742300,16129,"LEAD,STORAGE BATTERY","CONTRACTOR LOGISTICS LIFETIME SUPPORT (CRLS), ROLLER, VIBRATORY, SELF-PROPELLED TYPE II, CATERPILLAR MODEL CS-563D, TM 5-3895-383, CONTRACT NO. DAAE07-98-C-S007, NSN 3895-01-456-2735 (TYPE II)"
6150,014743954,16129,"LEAD,STORAGE BATTERY","CONTRACTOR LOGISTICS LIFETIME SUPPORT (CRLS), HYDRAULIC EXCAVATOR TYPE 1 (HYEX) (MODEL 230 LCR HX1), NSN 3805-01-463-0804, TM5-3805-280-24-P"
5340,014746601,77777,"COPPER MESH,AIRCRAF",
6150,014747105,16129,"LEAD,STORAGE BATTERY","CONTRACTOR LOGISTICS LIFETIME SUPPORT (CRLS), HYDRAULIC EXCAVATOR TYPE 1 (HYEX) (MODEL 230 LCR HX1), NSN 3805-01-463-0804, TM5-3805-280-24-P"
4010,014752324,77777,"CHAIN,ZINC PLATED","GENERATOR SET, DIESEL ENGINE, NSN 6115014620291"
6150,014754514,16129,"LEAD,STORAGE BATTERY","CONTRACTOR LOGISTICS LIFETIME SUPPORT (CRLS), HYDRAULIC EXCAVATOR TYPE 3 (HYEX) (MODEL 330 LCR HX3), NSN 3805-01-463-0805, TM5-3805-281-24P"
6810,014759736,12581,ALUMINUM,
6150,014769059,16129,"LEAD,STORAGE BATTERY","EI: 6115-01-285-3012, P/N: MEP831A, 3 KW GEN SET"
6150,014769061,16129,"LEAD,STORAGE BATTERY","EI: 6115-01-285-3012, P/N: MEP831A, 3 KW GEN SET"
6150,014771575,16129,"LEAD,STORAGE BATTERY","DIRECT VENDOR DELIVERY (DVD), ATEC AT422-T NSN 3810-01-448-2619, CAGE 12361, PART NUMBER 1-140-0-00513, TM5-3810-307-24P, CONTRACT DAAE07-97-D-X001"
6150,014771580,16129,"LEAD,STORAGE BATTERY","DIRECT VENDOR DELIVERY (DVD), ATEC AT422-T NSN 3810-01-448-2619, CAGE 12361, PART NUMBER 1-140-0-00513, TM5-3810-307-24P, CONTRACT DAAE07-97-D-X001"
6150,014771646,16129,"LEAD,STORAGE BATTERY","DIRECT VENDOR DELIVERY (DVD), ATEC AT422-T NSN 3810-01-448-2619, CAGE 12361, PART NUMBER 1-140-0-00513, TM5-3810-307-24P, CONTRACT DAAE07-97-D-X001"
6150,014771737,16129,"LEAD,STORAGE BATTERY","DIRECT VENDOR DELIVERY (DVD), ATEC AT422-T NSN 3810-01-448-2619, CAGE 12361, PART NUMBER 1-140-0-00513, TM5-3810-307-24P, CONTRACT DAAE07-97-D-X001"
6150,014771740,16129,"LEAD,STORAGE BATTERY","DIRECT VENDOR DELIVERY (DVD), ATEC AT422-T NSN 3810-01-448-2619, CAGE 12361, PART NUMBER 1-140-0-00513, TM5-3810-307-24P, CONTRACT DAAE07-97-D-X001"
6150,014771744,16129,"LEAD,STORAGE BATTERY","DIRECT VENDOR DELIVERY (DVD), ATEC AT422-T NSN 3810-01-448-2619, CAGE 12361, PART NUMBER 1-140-0-00513, TM5-3810-307-24P, CONTRACT DAAE07-97-D-X001"
6150,014771747,16129,"LEAD,STORAGE BATTERY","DIRECT VENDOR DELIVERY (DVD), ATEC AT422-T NSN 3810-01-448-2619, CAGE 12361, PART NUMBER 1-140-0-00513, TM5-3810-307-24P, CONTRACT DAAE07-97-D-X001"
6150,014771749,16129,"LEAD,STORAGE BATTERY","DIRECT VENDOR DELIVERY (DVD), ATEC AT422-T NSN 3810-01-448-2619, CAGE 12361, PART NUMBER 1-140-0-00513, TM5-3810-307-24P, CONTRACT DAAE07-97-D-X001"
6150,014773656,16129,"LEAD,STORAGE BATTERY",
6150,014773659,16129,"LEAD,STORAGE BATTERY",
6515,014774185,77777,SILVER STR III MULTIPLEX,
6150,014776256,16129,"LEAD,STORAGE BATTERY","DIRECT VENDOR DELIVERY (DVD), ATEC AT 422-T, NSN: 3810-01-448-2619, CAGE 12361, PART NUMBER 1-140-0-00513, TM5-3810-307-24P, CONTRACT DAA E07-97-D-X001"
6150,014776270,16129,"LEAD,STORAGE BATTERY","DIRECT VENDOR DELIVERY (DVD), ATEC AT 422-T, NSN: 3810-01-448-2619, CAGE 12361, PART NUMBER 1-140-0-00513, TM5-3810-307-24P, CONTRACT DAA E07-97-D-X001"
8010,014776527,15698,"PIGMENT,ZINC CHROMATE,INSOLUBLE",
6150,014777858,16129,"LEAD,STORAGE BATTERY","AN/PEQ-1A LASER MARKER, (SOFLAM)"
6150,014780117,16129,"LEAD,STORAGE BATTERY","DIRECT VENDOR DELIVERY (DVD), ATEC AT422-T, NSN 3810-01-448-2619, CAGE 12361, PART NUMBER 1-140-0-00513, TM5-3810-307-24P, CONTRACT DAAE07-97-D-X001"
6150,014780118,16129,"LEAD,STORAGE BATTERY","DIRECT VENDOR DELIVERY (DVD), ATEC AT422-T, NSN 3810-01-448-2619, CAGE 12361, PART NUMBER 1-140-0-00513, TM5-3810-307-24P, CONTRACT DAAE07-97-D-X001"
6150,014780119,16129,"LEAD,STORAGE BATTERY","DIRECT VENDOR DELIVERY (DVD), ATEC AT422-T, NSN 3810-01-448-2619, CAGE 12361, PART NUMBER 1-140-0-00513, TM5-3810-307-24P, CONTRACT DAAE07-97-D-X001"
6150,014786515,16129,"LEAD,STORAGE BATTERY",
6150,014786935,16129,"LEAD,STORAGE BATTERY","TANK, ABRAMS M-1;E/I 5420-01-430-5403"
6150,014786937,16129,"LEAD,STORAGE BATTERY","TANK, ABRAMS M-1;E/I 5420-01-430-5403"
6150,014788493,16129,"LEAD,STORAGE BATTERY",
6150,014788922,16129,"LEAD,STORAGE BATTERY",
6150,014789059,16129,"LEAD,STORAGE BATTERY","GENERATOR SET, 30KW"
6150,014789060,16129,"LEAD,STORAGE BATTERY","GENERATOR SET, 30KW"
6150,014789062,16129,"LEAD,STORAGE BATTERY","GENERATOR SET, 30KW"
6150,014789063,16129,"LEAD,STORAGE BATTERY","GENERATOR SET, 30KW"
9150,014790884,77777,"SILICON GREASE,SPEC",
6150,014791485,16129,"LEAD,STORAGE BATTERY",
6150,014791486,16129,"LEAD,STORAGE BATTERY",
3439,014793470,04987,"SOLDER,TIN ALLOY",
3940,014794633,77777,"WEIGHT,LEAD",
6515,014798034,39434,"LEAD SET,ELECTRODE,ELECTROCARDIO",ELECTROCARDIOGRAPH M1700A
6515,014798035,39434,"LEAD SET,ELECTRODE,ELECTROCARDIO",ELECTROCARDIOGRAPH M1700A
1740,014800226,77777,ALUMINUM RAIL SET,
6505,014801451,26482,HISTAMINE PHOSPHATE,
6150,014804003,16129,"LEAD,STORAGE BATTERY",2320-01-465-2174
6505,014806327,46878,BETAMETHASONE SODIUM PHOSPHATE A,
5999,014808696,77777,"FERRULE,ALUMINUM","AIRCRAFT,TOMCAT F-14 (SIGNAL DATA C)"
1020,014817536,77777,"TOOL,SEAL LEAD-IN",MK105 MOD 4 MINESWEEPER
6515,014818337,39434,"LEAD SET,ELECTRODE,ELECTROCARDIO",PROPAQ MONITORS
6520,014821643,30521,SILVER ALLOY POWDER AND MERCURY,
6520,014821644,30521,SILVER ALLOY POWDER AND MERCURY,
6520,014821645,30521,SILVER ALLOY POWDER AND MERCURY,
6520,014821646,30521,SILVER ALLOY POWDER AND MERCURY,
6520,014821647,30521,SILVER ALLOY POWDER AND MERCURY,
6520,014821648,30521,SILVER ALLOY POWDER AND MERCURY,
6520,014821649,30521,SILVER ALLOY POWDER AND MERCURY,
6520,014821652,30521,SILVER ALLOY POWDER AND MERCURY,
6520,014821653,30521,SILVER ALLOY POWDER AND MERCURY,
6520,014821654,30521,SILVER ALLOY POWDER AND MERCURY,
6520,014821655,30521,SILVER ALLOY POWDER AND MERCURY,
6520,014821656,30521,SILVER ALLOY POWDER AND MERCURY,
6520,014821665,30521,SILVER ALLOY POWDER AND MERCURY,
5330,014826439,77777,"GASKET,LEAD BATTERY",FIGHTER SUPPORT AIRCRAFT (F/A-18)
3439,014830941,40811,"SOLDER,LEAD FREE",
6625,014832798,77777,PROBE AND LEAD ASSY,
6625,014832800,77777,PROBE AND LEAD ASSY,
6515,014834798,46816,"LEAD,ELECTRODE,ELECTROCARDIOGRAP",AM5/AM4 COILED PATIENT CABLES
5999,014841140,77777,ALUMINUM PAPER TAKE,PATROL AIRCRAFT (P3C)
6150,014842953,16129,"LEAD,STORAGE BATTERY",ARTCC CRITICAL AND ESSENTIAL POWER SYSTEM (ACEPS)
6665,014843127,77777,"COLLIMATOR,BISMUTH",PORTABLE ISOTOPIC NEUTRON-SPECTROSCOPY CHEMICAL ASSAY SYSTEM (PINS)
6150,014850396,16129,"LEAD,STORAGE BATTERY",
6150,014850397,16129,"LEAD,STORAGE BATTERY",
6150,014852300,16129,"LEAD,STORAGE BATTERY","DIRECT VENDOR DELIVERY (DVD), MODEL XM1117, ARMORED SECURITY VEHICLE (ASV), NSN 2320-01-437-6957, CAGE 10239, PART NUMBER 216098, TM 9-2320-307-24P, CONTRACT DAAE07-99-C-S001"
6150,014852304,16129,"LEAD,STORAGE BATTERY","DIRECT VENDOR DELIVERY (DVD), MODEL XM1117, ARMORED SECURITY VEHICLE (ASV), NSN 2320-01-437-6957, CAGE 10239, PART NUMBER 216098, TM 9-2320-307-24P, CONTRACT DAAE07-99-C-S001"
6150,014852305,16129,"LEAD,STORAGE BATTERY","DIRECT VENDOR DELIVERY (DVD), MODEL XM1117, ARMORED SECURITY VEHICLE (ASV), NSN 2320-01-437-6957, CAGE 10239, PART NUMBER 216098, TM 9-2320-307-24P, CONTRACT DAAE07-99-C-S001"
3770,014858782,77777,"BULL,LEAD",DEVICE USED TO LEAD LARGE ANIMALS BY THE NOSE
3439,014861510,77777,LEAD TINNING CMPD,
3439,014862428,15661,"BRAZING ALLOY,SILVER",
3439,014862777,15661,"BRAZING ALLOY,SILVER",
6150,014865298,16129,"LEAD,STORAGE BATTERY","GENERATOR SET, TACTICAL QUIET"
6150,014865301,16129,"LEAD,STORAGE BATTERY","GENERATOR SET, TACTICAL QUIET"
6750,014877213,77777,SILVER RECOVERY AGENT,
3439,014886021,04987,"SOLDER,TIN ALLOY",TICONDEROGA CLASS CG (47)
1680,014890579,77777,"LANYARD,SILICON",APACHE AH-64 ATTACK HELICOPTER
3439,014891772,04987,"SOLDER,TIN ALLOY",
3439,014891781,04987,"SOLDER,TIN ALLOY",
7025,014895678,77777,RUBIDIUM STANDARD,EDDYSTONE RADIO SYSTEM
7025,014905215,77777,"OSCILLATOR,RUBIDIUM","N61 EDDYSTONE SYSTEM, DATUM"
7320,014906776,77777,"LUBRICANT,SILICON",
6150,014909831,16129,"LEAD,STORAGE BATTERY",TEST SET ELECTRONIC SYS; DIRECT SUPPORT (DSESTS); E/I 4931-01-120-0764
5330,014911947,77777,SILICON RUBBER CAP,
5330,014911949,77777,SILICON RUBBER CAP,
6515,014916656,77777,"DISH,PETRI ALUMINUM",FOR USE WITH CRANIOTOMY INSTRUMENT SET
6810,014916715,18238,SILVER NITRATE SOLUTION,
6115,014916846,77777,LEAD,
6515,014916856,48874,"LEAD WIRE SET,ELECTRODE,ELECTROC",
6640,014917699,24502,"CORROSION TEST STRIP,COPPER",
3439,014926294,15661,"BRAZING ALLOY,SILVER",
3439,014926297,77777,"NICKEL ALLOY,BRAZIN",
6505,014926420,31533,DEXAMETHASONE SODIUM PHOSPHATE I,
3439,014926989,15661,"BRAZING ALLOY,SILVER",
6640,014929455,24502,"CORROSION TEST STRIP,COPPER",
6150,014929504,16129,"LEAD,STORAGE BATTERY",
6625,014929902,77777,"LEAD ASSEMBLY,TEST",
4520,014932812,77777,SHC SEAL GRAPHITE,
3439,014933964,04987,"SOLDER,TIN ALLOY",
6550,014936960,77777,"TEST SLIDE,LITHIUM DETERMINATION","FOR USE WITH NSN 6630-01-441-5297, ANALYZER, CLINICAL CHEMISTRY"
3439,014937712,04987,"SOLDER,TIN ALLOY",4940-01-454-9877
6505,014939572,10830,ZINC OXIDE OINTMENT,
6150,014941999,16129,"LEAD,STORAGE BATTERY",
6810,014943675,24018,CHROMIUM,
6810,014943678,12413,COPPER,
6810,014943724,11816,SILVER NITRATE,
6810,014943725,11816,SILVER NITRATE,
6810,014944056,12413,COPPER,
6850,014947588,18382,"CLEANING COMPOUND,ALUMINUM SURFA",
1375,014949836,67222,"LEAD,PYROTECHNIC",
5310,014952201,77777,COPPER WASHER D.10.10/16X1,3930-01-478-3519
5310,014952206,77777,COPPER WASHER D.14 20X1.5,3930-01-478-3519
5310,014952207,77777,COPPER WASHER D.10.18X1.5,3930-01-478-3519
5310,014952210,77777,COPPER WASHER JC,3930-01-478-3519
5310,014952212,77777,COPPER WASHER JC 42SP.2.5,
5310,014952213,77777,COPPER WASHER JC 27 SP.2.5,3930-01-478-3519
5310,014952214,77777,COPPER WASHER JC 21 SP.2.5,3930-01-478-3519
5310,014952215,77777,COPPER WASHER JC 33 SP.2.5,3930-01-478-3519
6150,014953129,77777,LEAD POWER INPUT,"POWER-TO-LITE, IGNITION SYSTEM TESTER, 137375, UNISON INDUSTRIES INC"
6150,014953130,77777,LEAD INPUT EXTERNAL,"POWER-TO-LITE, IGNITION SYSTEM TESTER, 137375, UNISON INDUSTRIES INC"
6150,014953132,77777,LEAD INPUT SENSOR,"POWER-TO-LITE, IGNITION SYSTEM TESTER, 137375, UNISON INDUSTRIES INC"
6150,014953135,77777,LEAD DISCHARGE,"POWER-TO-LITE, IGNITION SYSTEM TESTER, 137375, UNISON INDUSTRIES INC"
6150,014953136,77777,LEAD DISCHARGE,"POWER-TO-LITE, IGNITION SYSTEM TESTER, 137375, UNISON INDUSTRIES INC"
9390,014953272,77777,"GRAPHITE FIBER,IMP",PACER SPECIAL
6150,014953496,77777,LEAD DATA INPUT OUTPUT,"POWER-TO-LITE, IGNITION SYSTEM TESTER, 137375, UNISON INDUSTRIES INC"
6150,014955150,16129,"LEAD,STORAGE BATTERY",2320-01-432-4847
5365,014955350,77777,"ANODE,ZINC",STERN THRUSTER ASSEMBLY P/N E125FA42002 ONBOARD 225 FT WLB COAST GUARD VESSELS
6150,014956740,16129,"LEAD,STORAGE BATTERY","ROLL ON/ROLL OFF DISCHARGE FACILITY, 1945-01-473-2162 AND FLOATING CAUSEWAY"
6150,014956748,16129,"LEAD,STORAGE BATTERY","ROLL ON/ROLL OFF DISCHARGE FACILITY, 1945-01-473-2162 AND FLOATING CAUSEWAY"
6150,014956774,16129,"LEAD,STORAGE BATTERY","ROLL ON/ROLL OFF DISCHARGE FACILITY, 1945-01-473-2162 AND FLOATING CAUSEWAY"
2540,014958290,77777,"BOX,ALUMINUM",LAV-25 SLEP 2320-01-123-1602
6150,014959055,77777,"LEAD,IGNITER PLUG","AIRBUS, MB421"
6150,014959349,77777,LEAD,3930-01-478-3519
4730,014960362,77777,"SPOOL,1-SDM 140 CHROMIUM PLATE",3930-01-478-3519
4730,014960364,77777,"SPOOL,1A-SDM 140 CHROMIUM PLATED",3930-01-478-3519
4730,014960365,77777,"SPOOL,2-SDM 140 CHROMIUM PLATE",3930-01-478-3519
4470,014962538,77777,"BLANKET,LEAD WOOL",
4470,014962561,77777,"BLANKET,LEAD WOOL",
6135,014965810,77777,"BATTERY,LITHIUM",
5998,014972271,77777,"POWER,LEAD STRIP","TORPEDO TUBE, LOS AGENELS CLASS (688)"
2840,014973957,77777,"LEAD ASSY,SPARK IGN",KC130J AIRCRAFT ENGINE AE2100D3
2840,014973962,77777,"LEAD ASSY,SPARK IG,",KC130J AIRCRAFT ENGINE AE2100D3
6150,014974303,16129,"LEAD,STORAGE BATTERY",NSN 2350-01-219-7577 CARRIER PERSONNEL FULL TRACKED
6150,014974304,16129,"LEAD,STORAGE BATTERY",NSN 2350-01-219-7577 CARRIER PERSONNEL FULL TRACKED
6505,014975663,28034,MAGNESIUM SULFATE INJECTION,
1680,014976962,77777,"PARTS KIT,GRAPHITE",F/A-18
6150,014977949,16129,"LEAD,STORAGE BATTERY",
6150,014977951,16129,"LEAD,STORAGE BATTERY",
2040,014980654,77777,WINDOW GERMANIUM,"PHOTONICS MAST, SENSOR UNIT"
6520,014982611,13340,"CEMENT,ZINC OXIDE AND EUGENOL,DE",
6850,014984699,18382,"CLEANING COMPOUND,ALUMINUM SURFA",
3439,014989592,04986,"SOLDER,LEAD-TIN ALLOY",
3439,014989595,04986,"SOLDER,LEAD-TIN ALLOY",
3439,014990502,04986,"SOLDER,LEAD-TIN ALLOY",
9150,014992121,11107,"GRAPHITE,COLLOIDAL",
3439,014993105,04986,"SOLDER,LEAD-TIN ALLOY",BAND 9/10 TRA
5120,014996913,05677,"PRESS,LEAD SEAL,HAND",
3439,014999574,04985,"SOLDER,LEAD ALLOY",615859 WELDED RAMP ASSEMBLY
5998,014999711,77777,VHF DDM GRAPHITE BO,
6150,015000401,16129,"LEAD,STORAGE BATTERY",
6150,015000410,16129,"LEAD,STORAGE BATTERY",
5975,015002538,21374,ALUMINUM CONDUCTOR CONTACT PASTE,
6850,015003486,18415,"PLATING SOLUTION ADDITIVE,SILVER",
6515,015009550,46778,"LEAD SET,MUSCLE STIMULATOR",6515-01-500-9924
6515,015009551,46778,"LEAD SET,MUSCLE STIMULATOR",6515-01-500-9924
6515,015009554,46778,"LEAD SET,MUSCLE STIMULATOR",6515-01-500-9924
6515,015009929,77777,"LEAD,ADAPTER",6515-01-500-9924
6150,015012354,16129,"LEAD,STORAGE BATTERY",
6640,015013100,77777,"LAMP,TUNGSTEN",SPECTROPHOTOMETER
4920,015014866,77777,TIN COATED STRIPPIN,
6530,015015665,77777,"LEAD,PLUGIN DUMMY","HISTOEMBEDDER,"
5975,015018010,77777,RUBIDIUM STANDARD,
3439,015018392,15658,"BRAZING ALLOY,ALUMINUM",4940014549877
6515,015019547,77777,"TITANIUM CABLE,WITH CRIMP",
6515,015019551,77777,"TITANIUM CABLE,WITH CRIMP",TITANIUM CERVICAL SPINE LOCKING PLATE IMPLANT SYSTEM
5895,015021488,77777,RUBIDIUM FREQUENCY STANDARD,
6810,015022311,12647,NICKEL,
6810,015022318,77777,"REAGENT SET,LEAD",
6810,015022319,23419,"POTASSIUM PHOSPHATE,TRIBASIC",
6515,015022677,77777,"SLEEVE,LOCKING,TITANIUM",
6515,015022683,77777,"SLEEVE,LOCKING,TITANIUM",
5998,015029234,77777,"CORD,SILVER COATED",TORNADO AIRCRAFT
6520,015029274,77777,"ARC,NICKEL TITANIUM",
2920,015033437,77777,LEAD WIRE,
6150,015035677,16129,"LEAD,STORAGE BATTERY",2320-01-452-5579; TRUCK TRACTOR
6150,015035678,16129,"LEAD,STORAGE BATTERY",2320-01-452-5579; TRUCK TRACTOR
6630,015035934,77777,"TEST KIT,EZ ARSENIC",
6150,015036226,16129,"LEAD,STORAGE BATTERY",3930-01-486-2151
6150,015036229,16129,"LEAD,STORAGE BATTERY",3930014862151
6150,015036235,16129,"LEAD,STORAGE BATTERY",3930-01-486-2151
6150,015036236,16129,"LEAD,STORAGE BATTERY",3930-01-486-2151
6150,015036237,16129,"LEAD,STORAGE BATTERY",3930-01-486-2151
6150,015036238,16129,"LEAD,STORAGE BATTERY",3930-01-486-2151
6150,015036239,16129,"LEAD,STORAGE BATTERY",3930-01-486-2151
6150,015036241,16129,"LEAD,STORAGE BATTERY",3930-01-486-2151
6150,015036490,16129,"LEAD,STORAGE BATTERY",NSN 2320-01-452-5579
6150,015036493,16129,"LEAD,STORAGE BATTERY",NSN 2320-01-452-5579
6150,015036495,16129,"LEAD,STORAGE BATTERY",NSN 2320-01-452-5579
6150,015036820,16129,"LEAD,STORAGE BATTERY",NSN 2320-01-452-5579
6150,015037499,16129,"LEAD,STORAGE BATTERY",NSN 2320-01-452-5579
6150,015037501,16129,"LEAD,STORAGE BATTERY",NSN 2320-01-452-5579
6150,015037504,16129,"LEAD,STORAGE BATTERY",NSN 2320-01-452-5579
6515,015037646,77777,"SLEEVE,LOCKING,TITANIUM",
6810,015040070,24018,CHROMIUM,
6810,015040941,12647,NICKEL,
6810,015040942,12632,LEAD,
6550,015040945,46929,COPPER TEST REAGENT,
6550,015040955,77777,"MANGANESE,REAGENT",
6550,015041016,50917,PHOSPHATE BUFFERED SALINE,
6515,015041716,77777,"SLEEVE,LOCKING,TITANIUM",
6505,015042640,41396,MAGNESIUM CHLORIDE,
6810,015042666,12413,COPPER,
6550,015042671,77777,"MANGANESE,REAGENT",
6810,015042672,12714,ZINC,
3439,015042810,15661,"BRAZING ALLOY,SILVER",EXCITER STATOR ASSY 4D98359G01
4310,015044667,77777,"IGNITION LEAD,42 IN",
4310,015044674,77777,"IGNITION LEAD,19 IN",
6515,015045035,77777,TITANIUM BURR HOLE,
6515,015045036,77777,TITANIUM BURR HOLE,
6135,015046383,77777,"BATTERY,LITHIUM",AIR SCRIBE HAMMER
6550,015048603,77777,"TEST,ARSENIC",
6550,015048617,77777,"LEAD TEST KIT,WATER",
3431,015050888,77777,TITANIUM WELDING KIT,TITANIUM WELDING KIT
3439,015051369,04986,"SOLDER,LEAD-TIN ALLOY",
6630,015052171,77777,"TEST KIT,ARSENIC",
3439,015052772,04987,"SOLDER,TIN ALLOY",
6515,015053044,39434,"LEAD SET,ELECTRODE,ELECTROCARDIO","FOR USE WITH AT-2 PLUS ELECTROCARDIOGRAM, NSN 6515-01-505-3025"
6505,015056483,37420,BISMUTH SUBSALICYLATE SUSPENSION,
6150,015063549,16129,"LEAD,STORAGE BATTERY",3431-01-498-4423
5310,015064660,77777,NUT TORQ ZINC .375,4310-01-498-8886
3439,015064724,40811,"SOLDER,LEAD FREE",
6150,015064929,16129,"LEAD,STORAGE BATTERY",NEW GENERATION HEATER (NGH)
6505,015065457,09570,PRIMAQUINE PHOSPHATE TABLETS,
3431,015068535,77777,GASKET COPPER,3431-01-498-4423
3439,015068599,04987,"SOLDER,TIN ALLOY",
6515,015069450,77777,"SLEEVE,LOCKING,TITANIUM",
6810,015072407,11883,ZINC ACETATE,
6150,015073194,16129,"LEAD,STORAGE BATTERY","2320-01-432-4847;M915A3,TRUCK, TRACTOR"
6150,015073196,16129,"LEAD,STORAGE BATTERY","2320-01-432-4847;M915A3,TRUCK, TRACTOR"
6150,015073198,16129,"LEAD,STORAGE BATTERY","2320-01-432-4847;M915A3,TRUCK, TRACTOR"
6150,015073199,16129,"LEAD,STORAGE BATTERY","2320-01-432-4847;M915A3,TRUCK, TRACTOR"
3439,015074089,04987,"SOLDER,TIN ALLOY",
6150,015076821,77777,"LEAD,IGNITER",
6150,015076823,77777,"LEAD,IGNITER",
6550,015077680,37395,"BUFFER SOLUTION,TRIS PHOSPHATE",
6150,015078257,16129,"LEAD,STORAGE BATTERY",
3439,015078608,04987,"SOLDER,TIN ALLOY",3431-01-498-4423
6150,015080452,16129,"LEAD,STORAGE BATTERY",3431-01-498-4423
6150,015083431,16129,"LEAD,STORAGE BATTERY",NSN 3930-01-508-0886
6150,015083436,16129,"LEAD,STORAGE BATTERY",NSN 3930-01-508-0886
9390,015087211,77777,"FABRIC,NYLON SILVER",F/A-22 RAPTOR
6150,015087812,16129,"LEAD,STORAGE BATTERY","STARTER MOTOR FOR 150/175/200 EFI 2.5L OUTBOARD ENGINE, MERCURY MODEL 150CXL EFI CCW AND CW;MARIENER MODEL BUMNER 1150423ZY"
6150,015092462,16129,"LEAD,STORAGE BATTERY","TRUCK, M-915 SERIES, M-916A1 (LET); E/I 2320-01-432-4847"
6150,015092504,16129,"LEAD,STORAGE BATTERY",CYLINDER BLOCK & END CAPS;2.5L EFI OFFSHORE SALTWATER ENGINE (SERIAL NO. OT542335)
3439,015093611,04987,"SOLDER,TIN ALLOY",NAVY EQUIPMENT SPARES
3439,015094430,04985,"SOLDER,LEAD ALLOY",CBIL FOR C/D/
6150,015097639,16129,"LEAD,STORAGE BATTERY",YARD TRACTOR
6640,015099591,77777,"SENSOR PACK,LEAD",
6640,015099600,77777,"SENSOR PACK,COPPER",
6150,015101148,16129,"LEAD,STORAGE BATTERY","SWEEPER,ROTARY,VEHICLE MOUNTING;CROSSWIND J-PLUS;3830-01-504-2618"
6150,015101624,16129,"LEAD,STORAGE BATTERY","SWEEPER,ROTARY,VEHICLE MOUNTING;CROSSWIND J-PLUS;3830-01-504-2618"
6150,015101625,16129,"LEAD,STORAGE BATTERY","SWEEPER,ROTARY,VEHICLE MOUNTING;CROSSWIND J-PLUS;3830-01-504-2618"
6150,015101629,16129,"LEAD,STORAGE BATTERY","SWEEPER,ROTARY,VEHICLE MOUNTING;CROSSWIND J-PLUS;3830-01-504-2618"
6150,015101633,16129,"LEAD,STORAGE BATTERY","SWEEPER,ROTARY,VEHICLE MOUNTING;CROSSWIND J-PLUS;3830-01-504-2618"
3439,015105302,04987,"SOLDER,TIN ALLOY","2M KIT,PORTABLE"
3439,015106209,04987,"SOLDER,TIN ALLOY",PORTABLE 2M KIT
5995,015106227,77777,"CABEL,RMFS COPPER",AN/SQQ-89
6150,015107046,16129,"LEAD,STORAGE BATTERY","NSN 2320-01-488-6962; TRUCK, TRACTOR, M916A3"
6150,015107052,16129,"LEAD,STORAGE BATTERY","NSN 2320-01-488-6962; TRUCK, TRACTOR, M916A3"
6150,015107054,16129,"LEAD,STORAGE BATTERY","NSN 2320-01-488-6962; TRUCK, TRACTOR, M916A3"
6150,015107056,16129,"LEAD,STORAGE BATTERY","NSN 2320-01-488-6962; TRUCK, TRACTOR, M916A3"
6150,015107062,16129,"LEAD,STORAGE BATTERY","NSN 2320-01-488-6962; TRUCK, TRACTOR, M916A3"
6505,015108472,10287,ALUMINUM HYDROXIDE GEL,
6510,015113183,77777,"DRESSING,SURGICAL,SILVER",
6510,015113629,77777,"DRESSING,BURN,WRAP,SILVER",
5999,015121335,77777,"TAPE,COPPER",MK12 COOLER
6150,015130101,16129,"LEAD,STORAGE BATTERY","SWEEPER, ROTARY, VEHICLE MOUNTED; 3830-01-504-2618"
6150,015132838,16129,"LEAD,STORAGE BATTERY","PREDATOR, UAV-RQ1"
6810,015138164,12447,LITHIUM HYDROXIDE,
6150,015139941,16129,"LEAD,STORAGE BATTERY",F/A-22 RAPTOR
6850,015140247,05329,"ELECTROPLATING COMPOUND,CHROMIUM",
3439,015141419,15659,"BRAZING ALLOY,COPPER",GENERAL APPLICATION (GEN APP)
3439,015141423,15659,"BRAZING ALLOY,COPPER",GENERAL APPLICATION (GEN APP)
3439,015141427,15659,"BRAZING ALLOY,COPPER",GENERAL APPLICATION (GEN APP)
3439,015141431,15659,"BRAZING ALLOY,COPPER",GENERAL APPLICATION (GEN APP)
3439,015141434,15659,"BRAZING ALLOY,COPPER",GENERAL APPLICATION (GEN APP)
3439,015141756,15659,"BRAZING ALLOY,COPPER",GENERAL APPLICATION (GEN APP)
6150,015142211,16129,"LEAD,STORAGE BATTERY",F/A-22 RAPTOR
6150,015142489,16129,"LEAD,STORAGE BATTERY",EURO WIDETRAK LX SNOWMOBILE MODEL NUMBER E01SU4BU
3439,015143070,04987,"SOLDER,TIN ALLOY","SEA KING MK41 HELICOPTER SEARCH AND RESCUE, WESTLAND HELICOPTERS LTD"
6515,015144525,77777,"LEAD,WIRE,IONTOPHORESIS UNIT","FOR USE WITH NSN 6515-01-514-1339, STIMULATOR, MUSCLE"
2840,015145798,77777,"GASKET,ALUMINUM",
2840,015145803,77777,"GASKET,ALUMINUM",
5895,015146687,77777,RUBIDIUM STANDARD,AN/TSC-154
6150,015147065,16129,"LEAD,STORAGE BATTERY",TRUCK TRACTOR
6150,015147142,16129,"LEAD,STORAGE BATTERY",TRUCK TRACTOR
6150,015148000,16129,"LEAD,STORAGE BATTERY",TRUCK TRACTOR
6150,015148698,16129,"LEAD,STORAGE BATTERY","SURVEYING INSTRUMENT, ELECTRONIC DISTANCE MEASURING, INFRARED (6675-01-503-3579)"
6505,015160959,09473,CHLOROQUINE PHOSPHATE TABLETS,
6505,015160961,09473,CHLOROQUINE PHOSPHATE TABLETS,
6665,015162317,77777,TUNGSTEN SHIELD,
6150,015163955,16129,"LEAD,STORAGE BATTERY",
6810,015170560,18238,SILVER NITRATE SOLUTION,
3439,015172576,04987,"SOLDER,TIN ALLOY",
6515,015185955,77777,"BATTERY,LEAD ACID","6515-01-516-1519 AND 6515-01-515-4197 DEFIBRILLATOR, MONITOR-RECORDER"
6515,015185962,77777,"CABLE,ECG,12 LEAD","FOR DEFIBRILLATOR, MONITOR-RECORDER,NSN 6515-01-515-4197;DEFIBRILLATOR,MONITOR,RECORDER,NSN 6515-01-516-1519"
6140,015188000,77777,"BATTERY,LITHIUM",
9150,015189417,77777,"GRAPHITE,BIDIRECTIO",
6550,015189664,49534,PHOSPHATE BUFFERED SALINE SOLUTI,
5999,015189987,77777,"TAPE,ALUMINUM FOIL,",
4730,015190023,77777,"OLIVE,ALUMINUM","PREDATOR, UAV-RQ1"
4730,015190026,77777,"OLIVE,ALUMINUM","PREDATOR, UAV-RQ1"
5963,015191366,77777,RUBIDIUM REFERENCE,"IFTE, OTHER MISSILE RELATED MATERIAL"
6810,015191892,11717,"MAGNESIUM CHLORIDE,HEXAHYDRATE",
6810,015192320,11816,SILVER NITRATE,
6550,015192865,77777,P-NITROPHENYL PHOSPHATE,
5305,015193148,77777,"SCREW,LEAD S8G",
4730,015194504,77777,"CONNECTOR,ALUMINUM",ASOS WEATHER SYSTEM
6505,015194707,09473,CHLOROQUINE PHOSPHATE TABLETS,
6625,015206836,77777,"POWER,LEAD","PROPULSION UNIT, SECONDARY"
6625,015207056,77777,"POWER,LEAD","PROPULSION UNIT, SECONDARY"
6150,015210781,16129,"LEAD,STORAGE BATTERY",
6520,015214149,15661,"BRAZING ALLOY,SILVER",APPLIANCES AND WIRES
6150,015214330,16129,"LEAD,STORAGE BATTERY","GRADER,ROAD (130G) WSDC FDA"
6150,015220260,16129,"LEAD,STORAGE BATTERY",ELECTRICAL SYSTEM
6150,015220281,16129,"LEAD,STORAGE BATTERY",ELECTRICAL SYSTEM
6150,015221734,16129,"LEAD,STORAGE BATTERY",ELECTRICAL SYSTEM
6510,015222173,77777,"BURN WRAP,SILVER",
5340,015223552,77777,"GUARD,ALUMINUM",2320-01-465-2176 MK25 AND 2320-01-465-2182 MK28
6505,015225164,31533,DEXAMETHASONE SODIUM PHOSPHATE I,
9390,015225449,77777,"FABRIC,SILVER COATED",F/A-22 RAPTOR
9390,015225456,77777,"FABRIC,SILVER COATED",
6150,015226416,16129,"LEAD,STORAGE BATTERY",
6505,015226420,77777,OSELTAMIVIR PHOSPHATE CAPSULES,
6550,015226795,41314,"CONTROL,GLUCOSE-6-PHOSPHATE DEHY",
6550,015226811,77777,"LAMP,UV,GLUCOSE-6-PHOSPHATE DEHY",
6150,015227282,16129,"LEAD,STORAGE BATTERY","TRUCK, M-915 SERIES, M-916A1 (LET)"
6505,015230821,68771,OSELTAMIVIR PHOSPHATE FOR ORAL S,
6150,015231526,16129,"LEAD,STORAGE BATTERY",
5340,015231976,77777,LEAD AND WIRE SEALS,
6525,015233434,77777,"LEAD,ECG,ULTRASOUND","ULTRASOUND SYSTEM, PORTABLE, NSN: 6525-01-503-7170"
6150,015235917,77777,"TEST LEAD SET,ENGIN",CV-22B SE
6505,015242687,10830,ZINC OXIDE OINTMENT,
6665,015244297,77777,LITHIUM HYD CAN,
5340,015246102,77777,UPPER LEAD SUPPORT,
6135,015252356,77777,"BATTERY,LITHIUM-ION",
6515,015255438,39434,"LEAD SET,ELECTRODE,ELECTROCARDIO",
6665,015257531,77777,"BATTERY,LITHIUM,COIN","FOR USE WITH NSN 6630-01-523-5629, DETECTION STYSTEM, BIOLOGICAL AGENT"
6810,015263692,12584,"ALUMINUM OXIDE,ANHYDROUS",
8030,015266003,77777,ENCAPSULANT SILICON,TORNADO AIRCRAFT
8030,015266004,77777,ENCAPSULANT SILICON,TORNADO AIRCRAFT
6505,015266547,77777,PENTETATE ZINC TRISODIUM INJECTI,
2925,015275329,77777,"LEAD ASSEMBLY,HIGH TENSION",AWG9 OTPS
2925,015275331,77777,"LEAD ASSEMBLY,HIGH TENSION",AWG9 OTPS
2925,015275335,77777,"LEAD ASSEMBLY,HIGH TENSION",AWG9 OTPS
6515,015277124,77777,"INTRODUCER,LEAD PERCUTANEOUS",
6505,015280374,77777,OSELTAMIVIR PHOSPHATE CAPSULES,
6150,015280660,16129,"LEAD,STORAGE BATTERY",2320-01-492-8215
6150,015282527,16129,"LEAD,STORAGE BATTERY","NSN:2430-01-423-2819 TRACTOR,DEPLOYABLE,COMBAT EARTHMOVER; W/S DEPLOYABLE UNIVERSAL COMBAT EARTHMOVER"
6150,015282980,16129,"LEAD,STORAGE BATTERY","NSN 2430-01-423-2819 TRACTOR,DEPLOYABLE,COMBAT EARTHMOVER; W/S DEPLOYABLE UNIVERSAL COMBAT EARTHMOVER"
6150,015283009,16129,"LEAD,STORAGE BATTERY","NSN 2430-01-423-2819 TRACTOR,DEPLOYABLE,COMBAT EARTHMOVER; W/S DEPLOYABLE UNIVERSAL COMBAT EARTHMOVER"
6150,015283014,16129,"LEAD,STORAGE BATTERY","NSN 2430-01-423-2819 TRACTOR,DEPLOYABLE,COMBAT EARTHMOVER; W/S DEPLOYABLE UNIVERSAL COMBAT EARTHMOVER"
6150,015283572,16129,"LEAD,STORAGE BATTERY",2320-01-458-1207
6150,015289312,16129,"LEAD,STORAGE BATTERY",F-16
6550,015289630,50917,PHOSPHATE BUFFERED SALINE,
4240,015290594,77777,MICROPHONE LEAD,
6150,015291303,16129,"LEAD,STORAGE BATTERY",
8145,015299624,77777,"CONTAINER,LEAD WITH",
8145,015299627,77777,"CONTAINER,LEAD WITH",
8145,015299628,77777,"CONTAINER,LEAD WITH",
5340,015302763,77777,BALLAST LEAD SEGMENT,
6810,015303216,20445,MAGNESIUM OXIDE,
6150,015305252,16129,"LEAD,STORAGE BATTERY","FORKLIFT, ELECTRICAL GROUP"
6150,015305254,16129,"LEAD,STORAGE BATTERY","FORKLIFT, ELECTRICAL GROUP"
5340,015305686,77777,"PLUG,ZINC ELECTRODE",
6150,015305964,16129,"LEAD,STORAGE BATTERY","BATTERY SUBSYSTEM, 5DV MK8 MOD1(NEW BUILD)"
6135,015308606,77777,"BATTERY,LITHIUM-ION",HP MODEL ARMADA 1700 & 1750 LAPTOP COMPUTER
6810,015309407,28860,MAGNESIUM,
6810,015309509,28860,MAGNESIUM,
4120,015309703,77777,ALUMINUM STRUCTURE,4120-01-526-2397
4120,015309705,77777,ALUMINUM STRUCTURE,4120-01-526-2397
6150,015314415,16129,"LEAD,STORAGE BATTERY",M939 FOV
5120,015316221,05677,"PRESS,LEAD SEAL,HAND",
2815,015317200,77777,LEAD CLAMP ASSEMBLY,"GENERATOR SET,DIESEL ENGINE NSN: 6115-01-296-1463"
1680,015318729,77777,PLUG DUST ALUMINUM,
1560,015318732,77777,WIRE COPPER ELECT-,
6850,015318765,18382,"CLEANING COMPOUND,ALUMINUM SURFA",U-2
2840,015321750,77777,MATCHED COMPRESSOR NON-TIN,T64 ENGINES
2840,015321761,77777,MATCHED COMPRESSOR TIN-COATED,T64 ENGINES
4920,015323052,77777,"LEAD PLATES,AIRCRAF",SUPPORT OF PRE-PROVISIONING ITEMS FOR WHICH NAVICP PHIL ACTS AS POE
6515,015323555,77777,"BATTERY,LITHIUM",XRAY MACHINE
2540,015328882,77777,KIT ALUMINUM OVERLAY,
6525,015332160,77777,"BATTERY,LITHIUM,CR",
3439,015344455,15661,"BRAZING ALLOY,SILVER",
4420,015348217,77777,"ANODE,ZINC",0000-XF-C07-3745 HEAT EXCHANGER P/N P3HX-112-09-2 ONBOARD HEALY
6150,015352968,16129,"LEAD,STORAGE BATTERY",
6150,015352974,16129,"LEAD,STORAGE BATTERY",
4130,015354759,77777,"FILTER,ALUMINUM",
6150,015355147,16129,"LEAD,STORAGE BATTERY",
6150,015355196,16129,"LEAD,STORAGE BATTERY",
6150,015355202,16129,"LEAD,STORAGE BATTERY",
6150,015355204,16129,"LEAD,STORAGE BATTERY",
6150,015355214,16129,"LEAD,STORAGE BATTERY",
5340,015357450,77777,COBALT D BIT,
5340,015357451,77777,COBALT D BIT,
6625,015365229,77777,PROBE-LEAD ASSEMBLY,
6150,015369260,16129,"LEAD,STORAGE BATTERY",
6515,015379051,77777,"LEAD,HEATER",6520015379042
3439,015380685,04987,"SOLDER,TIN ALLOY",AH-64 APACHE HELICOPTER
6150,015383504,16129,"LEAD,STORAGE BATTERY",6230-01-530-8890
6150,015383914,16129,"LEAD,STORAGE BATTERY",6230-01-530-8890
4130,015387171,77777,"FILTER,ALUMINUM",
6625,015387332,77777,"PROBE-LEAD ASSY,TES",
6505,015391009,45882,CLINDAMYCIN PHOSPHATE IN DEXTROS,
6150,015391981,16129,"LEAD,STORAGE BATTERY","ENGINE,OUTBOARD,225 EFI,4 STROKE,STANDARD & COUNTER ROTATION"
6150,015401915,16129,"LEAD,STORAGE BATTERY",
6150,015401922,16129,"LEAD,STORAGE BATTERY",
6150,015401924,16129,"LEAD,STORAGE BATTERY",
6150,015401934,16129,"LEAD,STORAGE BATTERY",
6150,015401937,16129,"LEAD,STORAGE BATTERY",
6150,015406200,16129,"LEAD,STORAGE BATTERY",
5975,015407951,77777,"RACK,ALUMINUM","AN/SSQ-137(V)1 LOT 2 MISC. PARTS, SIGNAL EXPLOIT"
6150,015408307,16129,"LEAD,STORAGE BATTERY",
6150,015408309,16129,"LEAD,STORAGE BATTERY",
6150,015408317,16129,"LEAD,STORAGE BATTERY",
6150,015408318,16129,"LEAD,STORAGE BATTERY",
6505,015408718,31533,DEXAMETHASONE SODIUM PHOSPHATE I,
6150,015410293,16129,"LEAD,STORAGE BATTERY",2320-01-531-9962 TRUCK TRACTOR M915A4R2
6625,015411061,77777,"TEST LEAD,FIBER OPT",FIGHTER AIRCRAFT - FIRST (18 E/F )
6625,015411065,77777,"TEST LEAD,FIBER OPT",FIGHTER AIRCRAFT - FIRST ( F18 E/F )
6625,015411069,77777,"TEST LEAD,FIBER OPT",FIGHTER AIRCRAFT - FIRST ( F18 E/F )
6150,015413153,16129,"LEAD,STORAGE BATTERY",2320-01-519-8173 COUGAR 4X4 EOD VARIANT; 2355-01-532-2174 JOINT EOD RAPID RESPONSE VEHICLE (JERRV) 4X4 EOD VARIANT; 2355-01-532-2159 JOINT EOD RAPID RESPONSE VEHICLE (JERRV) 6X6 ENGINEER VARIANT; 2320-01-519-8172 COUGAR 6X6 ENGINEER
6150,015413156,16129,"LEAD,STORAGE BATTERY",2320-01-519-8173 COUGAR 4X4 EOD VARIANT; 2355-01-532-2174 JOINT EOD
6550,015416016,49534,PHOSPHATE BUFFERED SALINE SOLUTI,
6550,015417675,50917,PHOSPHATE BUFFERED SALINE,
3439,015418681,04987,"SOLDER,TIN ALLOY",
9150,015419022,77777,"OIL,SILICON",THERMAL IMAGERY AND ANCILLARY EQUIPMENT
6150,015419376,16129,"LEAD,STORAGE BATTERY",SKID MOUNTED HYDROSEEDER 3710-01-534-9817; TRAILER MOUNTED HYDROSEEDER 3710-01-535-7449
4920,015420268,77777,"KEYBOARD,SILICON RU",SUPPORT EQUIPMENT FOR THE V-22
6625,015420302,77777,"RUBIDIUM,STANDARD,A",
6550,015421972,50917,PHOSPHATE BUFFERED SALINE,
5910,015422437,77777,"CAPACITOR,ALUMINUM,",
6515,015425094,77777,"SCREW,LEAD FLANGE",HEMATOLOGY ANALYZER
5930,015427695,77777,POWER LEAD ASSEMBLY,MOTOR AC SEC PRPLN
5930,015427697,77777,POWER LEAD,MOTOR AC SEC PRPLN
6810,015430337,77777,"ZINCO VER 5,ZINC REAGENT",
6810,015430393,77777,"SILVER 2,REAGENT SOLUTION PILLOW",
6810,015430444,77777,"SILVER 1,REAGENT POWDER PILLOWS",
6810,015430680,77777,"CHROMAVER 3,CHROMIUM REAGENT",
6810,015430685,77777,"CHROMIUM 1,REAGENT POWDER PILLOW",
6810,015430691,77777,"CHROMIUM 2,REAGENT POWDER PILLOW",
3439,015431298,04987,"SOLDER,TIN ALLOY",VELIVOLO AV8B
4240,015433287,77777,"CURTAIN KIT,LITHIUM HYDROXIDE",
6520,015438137,77777,SILICON PROTECTION,
6520,015438199,32401,"CEMENT,ZINC POLYCARBOXYLATE,DENT",
3439,015438271,15661,"BRAZING ALLOY,SILVER",
8010,015439780,77777,"VARNISH,GRAPHITE CO",GROUNDSKEEPER WORKSHOP EQUIPMENT
2510,015440534,77777,ALUMINUM BRACE BUNK,1940015279596
2510,015440540,77777,ALUMINUM BRACE BUNK,1940015279596
2510,015440581,77777,ALUMINUM BRACE 14,1940015279596
6150,015440689,16129,"LEAD,STORAGE BATTERY",2320-01-519-8173 COUGAR 4X4 EOD VARIANT; 2355-01-532-2174 JOINT EOD RAPID RESPONSE VEHICLE (JERRV) 4X4 EOD VARIANT; 2355-01-532-2159 JOINT EOD RAPID RESPONSE VEHICLE (JERRV) 6X6 ENGINEER VARIANT; 2320-01-519-8172 COUGAR 6X6 ENGINEER
6150,015440692,16129,"LEAD,STORAGE BATTERY",2320-01-519-8173 COUGAR 4X4 EOD VARIANT; 2355-01-532-2174 JOINT EOD RAPID RESPONSE VEHICLE (JERRV) 4X4 EOD VARIANT; 2355-01-532-2159 JOINT EOD RAPID RESPONSE VEHICLE (JERRV) 6X6 ENGINEER VARIANT; 2320-01-519-8172 COUGAR 6X6 ENGINEER
6150,015441866,16129,"LEAD,STORAGE BATTERY",2320-01-519-8173 COUGAR 4X4 EOD VARIANT; 2355-01-532-2174 JOINT EOD RAPID RESPONSE VEHICLE (JERRV) 4X4 EOD VARIANT; 2355-01-532-2159 JOINT EOD RAPID RESPONSE VEHICLE (JERRV) 6X6 ENGINEER VARIANT; 2320-01-519-8172 COUGAR 6X6 ENGINEER
6150,015441886,16129,"LEAD,STORAGE BATTERY",2320-01-519-8173 COUGAR 4X4 EOD VARIANT; 2355-01-532-2174 JOINT EOD RAPID RESPONSE VEHICLE (JERRV) 4X4 EOD VARIANT; 2355-01-532-2159 JOINT EOD RAPID RESPONSE VEHICLE (JERRV) 6X6 ENGINEER VARIANT; 2320-01-519-8172 COUGAR 6X6 ENGINEER
1740,015445699,77777,LEAD MASK,F-22
9520,015445792,77777,ALUMINUM ANGLE,1940015279596
3439,015454818,15661,"BRAZING ALLOY,SILVER",
6150,015460939,16129,"LEAD,STORAGE BATTERY","2420-01-532-3399; TRACTOR,WHEELED,INDUSTRIAL"
6150,015460971,16129,"LEAD,STORAGE BATTERY","2420-01-532-3399; TRACTOR,WHEELED,INDUSTRIAL"
6150,015461944,16129,"LEAD,STORAGE BATTERY","2420-01-532-3399 TRACTOR,WHEELED,INDUSTRIAL,HMEE III"
6150,015462014,16129,"LEAD,STORAGE BATTERY","2420-01532-3399 TRACTOR,WHEELED,INDUSTRIAL,HMEE III"
1005,015462646,77777,ALUMINUM TEE PIPE,2320-01-484-9052
8125,015463008,77777,PHOSPHATE STANDARD,
1560,015464161,77777,"FLAP,OUTBOARD,LEAD",EA-18G
1560,015464162,77777,"FLAP,OUTBOARD,LEAD",EA-18G
6150,015464657,16129,"LEAD,STORAGE BATTERY","TRACTOR, WHEELED, INDUSTRIAL (2420-01-532-3399)"
6150,015464690,16129,"LEAD,STORAGE BATTERY","TRACTOR, WHEELED, INDUSTRIAL (2420-01-532-3399)"
6150,015464722,16129,"LEAD,STORAGE BATTERY","TRACTOR, WHEELED, INDUSTRIAL (2420-01-532-3399)"
6150,015465107,16129,"LEAD,STORAGE BATTERY","TRACTOR, WHEELED, INDUSTRIAL (2420-01-532-3399)"
6630,015468094,77777,"ANALYZER,PIPING,TITANIUM",TITANIUM PIPING LPD 1 CLASS SPEC SECTION 521
3439,015469089,77777,"SOLDER,INDIUM ALLOY",
3439,015469842,04987,"SOLDER,TIN ALLOY",6665-01-452-9644
6150,015469904,16129,"LEAD,STORAGE BATTERY","6115-01-531-0571, GENERATOR SET 20KW 50/60HZ"
6150,015469906,16129,"LEAD,STORAGE BATTERY","6115-01-531-0571, GENERATOR SET 20KW 50/60HZ"
3950,015470550,77777,"DRUM,ALUMINUM","1940015267164, MK3 BRIDGE ERECTION BOAT"
3439,015473596,04987,"SOLDER,TIN ALLOY",NSN: 6665-01-452-9644
2815,015473979,77777,"ANODE,ZINC",LITTORAL COMBAT SHIP (LCS) PA6B; COLT-PIELSTICK I6PA6B-STC ENGINE
3439,015476230,04987,"SOLDER,TIN ALLOY","AIRCRAFT,OSPREY V-22A,MARINE CORPS"
3439,015476682,04987,"SOLDER,TIN ALLOY",V-22
5999,015477448,77777,"BLOCK ASSEMBLY,COPPER LEAD",SWITCHBOARD
4820,015479828,77777,"DISK,ALUMINUM",
5330,015479954,77777,"SEAL,LEAD",GEARBOX ASSEMBLY
6150,015483695,16129,"LEAD,STORAGE BATTERY",MULTI TERRAIN LOADER; 3805-01-539-3925
6150,015485786,16129,"LEAD,STORAGE BATTERY",3805-01-537-7952;DITCHING MACHINE RT40
6150,015485791,16129,"LEAD,STORAGE BATTERY",3805-01-537-7952;DITCHING MACHINE RT40
6150,015485795,16129,"LEAD,STORAGE BATTERY",3805-01-537-7952;DITCHING MACHINE RT40
6150,015485799,16129,"LEAD,STORAGE BATTERY",3805-01-537-7952;DITCHING MACHINE RT40
6150,015486307,16129,"LEAD,STORAGE BATTERY",MRAP - UNIQUE NSN - USED ON 8 MRAP VARIANTS
6150,015486312,16129,"LEAD,STORAGE BATTERY",MRAP - UNIQUE NSN - COUGAR JERRV 4X4 CAT I
2510,015486339,77777,ALUMINUM BRACE,"1940-01-527-9596, TRAILER FOR MK3 BRIDGE ERECTION BOAT"
6810,015486542,12581,ALUMINUM,
6550,015492284,37395,"BUFFER SOLUTION,TRIS PHOSPHATE",
6150,015494713,16129,"LEAD,STORAGE BATTERY","2355-20-001-9922, CAR,ARMORED,MINE DISPOSAL,4X4,DIESEL"
6150,015496536,16129,"LEAD,STORAGE BATTERY",2355-01-532-2174 - JOINT EOD RAPID RESPONSE VEHICLE (JERRV)
6150,015496539,16129,"LEAD,STORAGE BATTERY",2355-01-532-2174 - JOINT EOD RAPID RESPONSE VEHICLE (JERRV)
5410,015498743,77777,ALUMINUM PERSONNEL DOOR,
6540,015499035,77777,"BATTERY PACK,LITHIUM,OPHTHALMIC",
6515,015499423,39434,"LEAD SET,ELECTRODE,ELECTROCARDIO",USED ON CHATTANOOGA INTELECT ADVANCED THERAPY IONTO PHORESIS MEDICAL DELIVERY DEVICE
4920,015502024,77777,GERMANIUM WINDOW,MQ-9 REAPER
6150,015504668,16129,"LEAD,STORAGE BATTERY",
6150,015504670,16129,"LEAD,STORAGE BATTERY",JOHN DEERE PART NO. AT207084
3439,015504687,04987,"SOLDER,TIN ALLOY",
9150,015505419,11107,"GRAPHITE,COLLOIDAL",
6150,015505544,16129,"LEAD,STORAGE BATTERY",LX100-3 AND LX100-5 LOADERS
6150,015505556,16129,"LEAD,STORAGE BATTERY","LOADER, MODEL LX100-3 AND LX100-5"
6150,015506031,16129,"LEAD,STORAGE BATTERY",MULTI-TERRAIN LOADER; 3805-01-539-3925
3439,015507603,04985,"SOLDER,LEAD ALLOY",4120-01-516-4715 AIR CONDITIONER
6665,015508545,77777,"DETECTOR,GERMANIUM",
6150,015512792,16129,"LEAD,STORAGE BATTERY","3805-01-533-1768 LOADER, SCOOP TYPE"
6150,015512808,16129,"LEAD,STORAGE BATTERY","3805-01-533-1768 LOADER, SCOOP TYPE"
6150,015514712,16129,"LEAD,STORAGE BATTERY","3990-01-444-5196, CONCRETE MIXER"
3439,015514875,04986,"SOLDER,LEAD-TIN ALLOY",
6150,015515160,16129,"LEAD,STORAGE BATTERY","3990-01-444-5196, CONCRETE MIXER"
6150,015515260,16129,"LEAD,STORAGE BATTERY","3990-01-444-5196, CONCRETE MIXER"
6150,015515574,16129,"LEAD,STORAGE BATTERY","3990-01-444-5196, CONCRETE MIXER"
6150,015515669,16129,"LEAD,STORAGE BATTERY","3990-01-444-5196, CONCRETE MIXER"
6665,015515688,77777,LITHIUM BATTERY,CRTL
6150,015516369,16129,"LEAD,STORAGE BATTERY",3990-01-444-5196 CONCRETE MIXER
6150,015516485,16129,"LEAD,STORAGE BATTERY",3990-01-444-5196 CONCRETE MIXER
6150,015516539,16129,"LEAD,STORAGE BATTERY","3990-01-444-5196, CONCRETE MIXER"
6150,015516599,16129,"LEAD,STORAGE BATTERY","3805-01-533-1768 LOADER, SCOOP TYPE"
6150,015516616,16129,"LEAD,STORAGE BATTERY","3805-01-533-1768 LOADER, SCOOP TYPE"
6150,015517248,16129,"LEAD,STORAGE BATTERY",3805-01-533-1768 SCOOP TYPE LOADER
6150,015517253,16129,"LEAD,STORAGE BATTERY",3805-01-533-1768 SCOOP TYPE LOADER
1220,015519247,61057,"SIGHT,LEAD COMPUTING,AUTOMATIC","STRYKER,MGS"
6150,015520355,16129,"LEAD,STORAGE BATTERY","3805-01-533-1768; LOADER, SCOOP TYPE"
6150,015520415,16129,"LEAD,STORAGE BATTERY",
6150,015521521,16129,"LEAD,STORAGE BATTERY",
6550,015522570,50917,PHOSPHATE BUFFERED SALINE,
3439,015522589,04987,"SOLDER,TIN ALLOY",RADARTPS-77
6150,015523319,16129,"LEAD,STORAGE BATTERY",3805-01-533-1768 LOADER SCOOP LIGHT TYPE II
6150,015526221,16129,"LEAD,STORAGE BATTERY",TRAILOR MOUNTED SUPPORT SYSTEM
6110,015528306,77777,"SPRING,TORQUE,SILVER","BRAKE,ELECTRIC"
6150,015530934,16129,"LEAD,STORAGE BATTERY",TRAILER MOUNTED SUPPORT SYSTEM (TMSS)
6150,015531572,16129,"LEAD,STORAGE BATTERY",
6150,015531575,16129,"LEAD,STORAGE BATTERY",
6150,015531617,16129,"LEAD,STORAGE BATTERY",NSN: 2320-01-492-8223 ITEM NAME: TRUCK TRACTOR
1680,015533965,77777,LEVEL WIND LEAD SCR,MH60S KNIGHTHAWK
2815,015534929,77777,ROD-ZINC,
2815,015534931,77777,PLUG-ZINC ROD,
5985,015543102,77777,"MAST,LEAD-IN,HF",S-70B AIRCRAFT
3040,015545726,77777,"SHAFT,LEAD SCREW",
6150,015549516,16129,"LEAD,STORAGE BATTERY",REAPER/MQ-9
6810,015549877,11589,ANTIMONY TRIOXIDE,
6150,015549885,16129,"LEAD,STORAGE BATTERY",MQ-1
1620,015550366,77777,LEAD SEAL PRESS,1520-01-106-9519 HELICOPTER ATTACK AH-64
6810,015551418,23450,LITHIUM CHLORIDE,
6630,015558354,77777,"TEST KIT,PHOSPHATE",
6150,015564833,16129,"LEAD,STORAGE BATTERY",MRAP - UNIQUE NSN - USED ON 2 MRAP VARIANTS
6150,015564834,16129,"LEAD,STORAGE BATTERY",MRAP - UNIQUE NSN - USED ON 2 MRAP VARIANTS
6150,015565593,16129,"LEAD,STORAGE BATTERY",MRAP - UNIQUE NSN - MAXXPRO CAT I
6150,015570560,16129,"LEAD,STORAGE BATTERY",MRAP - UNIQUE NSN - USED ON 3 MRAP VARIANTS
6150,015570655,16129,"LEAD,STORAGE BATTERY",MRAP - UNIQUE NSN - USED ON 3 MRAP VARIANTS
3439,015572881,15661,"BRAZING ALLOY,SILVER",
3439,015572883,15661,"BRAZING ALLOY,SILVER",
3439,015572884,15661,"BRAZING ALLOY,SILVER",
3439,015573108,15661,"BRAZING ALLOY,SILVER",
6150,015576079,16129,"LEAD,STORAGE BATTERY",RG-31 MRAP; MEDIUM MINE PROTECTED VEHICLE - MMPV
4235,015583254,77777,"BLANKET,LEAD WOOL",
4235,015583255,77777,"BLANKET,LEAD WOOL",
6550,015588333,41835,PHOSPHATE DILUENT,
6150,015590452,16129,"LEAD,STORAGE BATTERY",HUSKY
6140,015594492,77777,"LITHIUM HUB,BTY",5820-01-557-8450;AN/VRC-110 RADIO SET
9650,015594945,32095,"INGOT,ALUMINUM ALLOY",
6150,015595282,16129,"LEAD,STORAGE BATTERY",2355-01-542-7908 INTERIM VEHICLE HUSKY
6150,015595287,16129,"LEAD,STORAGE BATTERY",2355-01-542-7908 IVMMD
6515,015596623,39434,"LEAD SET,ELECTRODE,ELECTROCARDIO",ESCORT M12
6150,015597134,16129,"LEAD,STORAGE BATTERY","4320-01-533-6418;600 GPM PUMP ASSEMBLY,WATER"
6150,015597138,16129,"LEAD,STORAGE BATTERY",
6150,015597141,16129,"LEAD,STORAGE BATTERY","4320-01-533-6418;600 GPM PUMP ASSEMBLY,WATER"
6150,015597145,16129,"LEAD,STORAGE BATTERY",
6150,015597153,16129,"LEAD,STORAGE BATTERY","4320-01-533-6418;600 GPM PUMP ASSEMBLY,WATER"
6515,015598802,39434,"LEAD SET,ELECTRODE,ELECTROCARDIO",
5895,015599471,77777,RUBIDIUM TIMING UNI,"5895-01-495-9105 - LIGHTWEIGHT MULTIBAND SATELLITE TERMINAL (LMST), AN/USC-65(V)1"
6150,015600876,16129,"LEAD,STORAGE BATTERY","2340-01-530-9371;MILITARY MOTORCYCLE,MULTI-FUEL"
6810,015603015,12447,LITHIUM HYDROXIDE,
6505,015605515,77777,OSELTAMIVIR PHOSPHATE CAPSULES,
6150,015606163,16129,"LEAD,STORAGE BATTERY",PROJECT ID A-MDD-VMMD5
6150,015607312,16129,"LEAD,STORAGE BATTERY","2340-01-530-9371;MILITARY MOTORCYCLE,MULTI-FUEL"
6150,015607314,16129,"LEAD,STORAGE BATTERY","2340-01-530-9371;MILITARY MOTORCYCLE,MULTI-FUEL"
6150,015607366,16129,"LEAD,STORAGE BATTERY","2340-01-530-9371;MILITARY MOTORCYCLE,MULTI-FUEL"
6150,015608815,16129,"LEAD,STORAGE BATTERY","2320-01-529-2251, TRUCK, BOMB SERVICE; MRAP BUFFALO MK2A2"
6515,015610335,39434,"LEAD SET,ELECTRODE,ELECTROCARDIO",
6810,015611031,12580,"ALUMINUM,REAGENT",
6810,015611032,77777,BORON STANDARD SOLU,
6810,015611035,24018,CHROMIUM,
6810,015611037,12413,COPPER,
6810,015611043,77777,MANGANESE STANDARD,
6810,015611046,12632,LEAD,
6810,015611051,12581,ALUMINUM,
6810,015611053,24436,"ZINC,REAGENT",
6140,015611371,77777,"BATTERY,STARTING,12VDC,LEAD ACID",
6150,015611686,16129,"LEAD,STORAGE BATTERY",MRAP - UNIQUE NSN - USED ON 2 MRAP VARIANTS
6150,015611688,16129,"LEAD,STORAGE BATTERY",MRAP - UNIQUE NSN - USED ON 2 MRAP VARIANTS
6150,015611689,16129,"LEAD,STORAGE BATTERY",MRAP - UNIQUE NSN - USED ON 2 MRAP VARIANTS
6150,015611693,16129,"LEAD,STORAGE BATTERY",MRAP - UNIQUE NSN - USED ON 2 MRAP VARIANTS; MRAP BUFFALO MK2A2
6150,015611694,16129,"LEAD,STORAGE BATTERY",MRAP - UNIQUE NSN - USED ON 2 MRAP VARIANTS
6150,015611695,16129,"LEAD,STORAGE BATTERY",MRAP - UNIQUE NSN - USED ON 2 MRAP VARIANTS
6810,015612055,77777,PHOSPHATE STANDARD,
6150,015612233,16129,"LEAD,STORAGE BATTERY",MRAP - UNIQUE NSN - MRAP NO PERMANENT WSDC IDENTIFIED
3439,015613239,04986,"SOLDER,LEAD-TIN ALLOY",
6150,015614681,16129,"LEAD,STORAGE BATTERY",ELECTRICAL GROUP
4730,015616271,77777,"PLUG,ZINC",420 FT NSC (WMSL-750) COAST GUARD VESSELS
9650,015616478,32095,"INGOT,ALUMINUM ALLOY",
3439,015620048,15661,"BRAZING ALLOY,SILVER",NSN 4120-01-543-0741
6150,015620495,16129,"LEAD,STORAGE BATTERY","5180-01-516-7227;TOOL KIT,FIBER OPTIC SYSTEMS"
6150,015624026,16129,"LEAD,STORAGE BATTERY","TRUCK,LIFT,FORK,NSN 3930-01-076-4237"
6130,015625435,77777,"DIODE,SILICON 300A,",
6150,015625627,16129,"LEAD,STORAGE BATTERY","TRUCK LIFT,FORK,NSN 3930-01-076-4237"
6150,015626456,16129,"LEAD,STORAGE BATTERY",MRAP - UNIQUE NSN - MRAP NO PERMANENT WSDC IDENTIFIED
6150,015627690,16129,"LEAD,STORAGE BATTERY",
1010,015628090,77777,TRAVERSE LEAD SCREW,
5340,015628428,77777,LEAD CLAMP ASSEMBLY,
6810,015628544,12632,LEAD,
6810,015629024,77777,"BORON,REAGENT",
6505,015630108,28034,MAGNESIUM SULFATE INJECTION,
1680,015630466,77777,SUPPORT AND LEAD,
6665,015630701,77777,"BATTERY,LITHIUM,AIR",
6810,015631204,12581,ALUMINUM,
6150,015631781,16129,"LEAD,STORAGE BATTERY","3805-01-533-1857 LOADER,SCOOP TYPE,HEAVY TYPE I"
6150,015631787,16129,"LEAD,STORAGE BATTERY","3805-01-533-1857 LOADER,SCOOP TYPE,HEAVY TYPE I"
6150,015632189,16129,"LEAD,STORAGE BATTERY","FORWARD REPAIR SYSTEM,NSN 4940-01-463-7940"
6810,015632482,77777,"BORON,REAGENT",
6150,015632972,16129,"LEAD,STORAGE BATTERY","LOADER,SCOOP TYPE, NSN 3805-01-533-1857"
6810,015633481,12581,ALUMINUM,
6550,015636956,77777,"DETECTION KIT,LEAD",
4920,015643274,77777,"TEST LEAD ASSY A4,A",
1650,015644124,77777,"BLOCK SET,TITANIUM",
6150,015644234,16129,"LEAD,STORAGE BATTERY",
3439,015644264,04985,"SOLDER,LEAD ALLOY","5180-01-518-7339 - SHOP EQUIPMENT, GENERAL PURPOSE"
6150,015644337,16129,"LEAD,STORAGE BATTERY","1740-01-502-4630, MID RANGE TOW TRUCK(MRTT)"
6150,015645406,16129,"LEAD,STORAGE BATTERY",MRAP - UNIQUE NSN - USED ON 2 MRAP VARIANTS
6630,015646362,77777,"TEST KIT,LEAD CONTA",
4240,015646363,77777,"CURTAIN KIT,LITHIUM",
6550,015651667,77777,"TEST,PHOSPHATE DETE",
6550,015651681,36223,"TEST KIT,MAGNESIUM DETERMINATION",
6625,015651943,77777,"LEAD,ELECTRICL,AIRC",
6505,015652639,45010,BACITRACIN ZINC AND POLYMYXIN B,
6150,015655708,16129,"LEAD,STORAGE BATTERY",2320-01-4581207; TRUCK TRACTOR
6810,015658047,12584,"ALUMINUM OXIDE,ANHYDROUS",
6150,015659356,16129,"LEAD,STORAGE BATTERY",2590-01-558-3273 INTERROGATION ARM ASSY HUSKY; MRAP - COUGAR
6150,015659363,16129,"LEAD,STORAGE BATTERY",2590-01-558-3273 INTERROGATION ARM ASSY HUSKY; MRAP - COUGAR
6150,015659372,16129,"LEAD,STORAGE BATTERY",2590-01-558-3273 INTERROGATION ARM A HUSKY
6150,015660415,16129,"LEAD,STORAGE BATTERY",2590-01-558-3273 INTERROGATION ARM A HUSKY
6150,015662480,16129,"LEAD,STORAGE BATTERY","3805-1-552-4485 LOADER,SKID STEER,TYPE II,M400T"
5342,015663005,77777,"ANODE,ZINC SET","EXCHANGER, HEAT, TUBE"
1420,015663781,77777,"SHEET,NICKEL",
3439,015667148,04987,"SOLDER,TIN ALLOY",
6515,015668581,77777,PNEUMATIC LEAD,PARACORPOREAL VENTRICULAR ASSIST DEVICE (PVAD)
6515,015668584,77777,PNEUMATIC LEAD,PARACORPOREAL VENTRICULAR ASSIST DEVICE (PVAD)
6150,015670445,16129,"LEAD,STORAGE BATTERY","3805-01-549-7814;LOADER,624KR UTILITY SCOOP TYPE"
6515,015671035,77777,VAD PNEUMATIC LEAD,PARACORPOREAL VENTRICULAR ASSIST DEVICE (PVAD)
6515,015671036,77777,VAD PNEUMATIC LEAD,PARACORPOREAL VENTRICULAR ASSIST DEVICE (PVAD)
6150,015675348,16129,"LEAD,STORAGE BATTERY","3805-01-549-7814;LOADER,624KR UTILITY SCOOP TYPE"
6150,015675538,16129,"LEAD,STORAGE BATTERY","3805-01-549-7814;LOADER,624KR UTILITY SCOOP TYPE"
6150,015676042,16129,"LEAD,STORAGE BATTERY","3805-01-549-7814;LOADER,624KR UTILITY SCOOP TYPE"
6150,015676650,16129,"LEAD,STORAGE BATTERY","3805-01-549-7814;LOADER,624KR UTILITY SCOOP TYPE"
5342,015676975,77777,"ANODE,ZINC PENCIL",
5342,015676976,77777,"ANODE,ZINC PENCIL",
6525,015677361,77777,"APRON,X-RAY,LEAD",
6520,015679114,77777,"CLIP,GROUNDING LEAD,LIP","6520-01-125-6618 TESTER, PULP, DENTAL"
6150,015679829,16129,"LEAD,STORAGE BATTERY","2320-01-558-5671;TRACTOR,MEDIUM CRAWLER,850J"
6150,015681069,16129,"LEAD,STORAGE BATTERY","2320-01-529-2251 TRUCK,BOMB SERVICE; MRAP BUFFALO MK2A2"
6150,015681076,16129,"LEAD,STORAGE BATTERY","2320-01-529-2251 TRUC,BOMB SERVICE; MRAP BUFFALO MK2A2"
6150,015682095,16129,"LEAD,STORAGE BATTERY",MRAP - UNIQUE NSN - MRAP NO PERMANENT WSDC IDENTIFIED; MRAP MAXXPRO DASH ISS W/OGPK AND W/CROWS
6150,015685932,16129,"LEAD,STORAGE BATTERY",MRAP MAXXPRO; MAXXPRO DASH ISS W/CROWS AND W/OGPK
3439,015688504,04985,"SOLDER,LEAD ALLOY",5895-01-531-3129
6515,015689541,77777,"LEAD WIRE,ELECTRODE,IONTOPHORETI",
6810,015690996,29896,SILICON,
2590,015691706,77777,LONG LEAD ITEM LIST,INFANTRY FIGHTING VEHICLE M2 M2A1 M2A2 M3 FAMILY
6665,015693643,77777,"BATTERY CHARGER,LITHIUM ION BATT","6665-01-536-7280 DETECTOR, GAS"
6505,015693799,10568,MAGNESIUM SULFATE,
6505,015693816,77777,POTASSIUM PHOSPHATE DIBASIC,
6505,015693818,77777,POTASSIUM PHOSPHATE MONOBASIC,
6150,015695412,16129,"LEAD,STORAGE BATTERY",2320-01-558-5671;850J TIER III CRAWLER DOZER
6640,015702169,77777,COPPER GRIDS,
3439,015702368,04987,"SOLDER,TIN ALLOY",NAVY CODE LLHP7A001
6150,015703412,16129,"LEAD,STORAGE BATTERY",
6515,015703555,77777,DBS LEAD KIT,NEUROSTIMULATOR CONTROL MAGNET
6150,015703932,16129,"LEAD,STORAGE BATTERY",MRAP - UNIQUE NSN - MRAP NO PERMANENT WSDC IDENTIFIED: MRAP - COUGAR
6150,015703954,16129,"LEAD,STORAGE BATTERY",MRAP - COUGAR
6150,015703956,16129,"LEAD,STORAGE BATTERY",MRAP MRAP - COUGAR
6150,015703958,16129,"LEAD,STORAGE BATTERY",MRAP- COUGAR
6150,015703959,16129,"LEAD,STORAGE BATTERY",MRAP - COUGAR
6150,015703960,16129,"LEAD,STORAGE BATTERY",MRAP - COUGAR
6810,015705202,77777,"SODIUM PHOSPHATE,DIHYDRATE DIBAS",
6150,015713581,16129,"LEAD,STORAGE BATTERY","2320-01-558-5671; 850J TIER CRAWLER, DOZER"
6150,015713665,16129,"LEAD,STORAGE BATTERY","2320-01-558-5671; TRACTOR,MEDIUM CRAWLER,850J"
6150,015714104,16129,"LEAD,STORAGE BATTERY",2320-01-558-5671;850J TIER III CRAWLER DOZER
6640,015714907,77777,LEAD RING,
6810,015717441,66606,SILICON DIOXIDE AND BORIC OXIDE,
6135,015717488,77777,BATTERY LITHIUM,
6150,015722412,16129,"LEAD,STORAGE BATTERY","ENGINE, NON-GASOLINE BURNING OUTBOARD"
9150,015722491,11107,"GRAPHITE,COLLOIDAL",
6150,015723926,16129,"LEAD,STORAGE BATTERY","3805-01-549-7814;LOADER,SCOOP TYPE"
6150,015723937,16129,"LEAD,STORAGE BATTERY","3805-01-549-7814;LOADER,SCOOP TYPE"
6515,015724533,77777,LEAD CITRATE,
6510,015725745,77777,"DRESSING,SURGICAL,SILVER",
6515,015727508,37888,"LEAD SET,PACEMAKER,CARDIAC","NYHA CLASS II,III,IV HEART FAILURE"
9630,015729645,16098,NICKEL ALLOYING ADDITIVE,ETRP
6505,015729717,77777,"CALCIUM PHOSPHATE TABLETS,VETERI",
5120,015734743,77777,"MALLET,COPPER",
4921,015738356,77777,"FISHING TOOL,ELECTRICAL LEAD",
6810,015739198,12410,CHROMIUM TRIOXIDE,
6550,015739598,37865,PHOSPHATE BUFFER SOLUTION,
8460,015739799,77777,ALUMINUM CASE,
6515,015742009,77777,"LEAD,PULSE GENERATOR IMPLANT",
6630,015743858,77777,NICKEL NITRATE SOLU,
6525,015744841,77777,"LEAD SCREW,COMPUTED RADIOGRAPHY",
7021,015751657,77777,SILICON GRAPHICS TE,
7320,015753964,77777,TRAY AND SILVER CART,
6150,015762409,16129,"LEAD,STORAGE BATTERY",ENGINE ELEC SYSTEM;YANMAR 2.6L DIESEL ENGINE;HYSTER H40-60 FT LIFT TRUCK
6150,015762441,16129,"LEAD,STORAGE BATTERY",ENGINE ELECTRICAL SYSTEM;YANMAR 2.6L DIESEL ENGINE;HYSTER H40-60 FT LIFT TRUCK
6150,015762453,16129,"LEAD,STORAGE BATTERY",ENGINE ELECTRICAL SYSTEM;YANMAR 2.6L DIESEL ENGINE;HYSTER H40-60 FT LIFT TRUCK
6520,015774020,26206,"DISPENSER,SILVER ALLOY PELLET,DE",
6150,015775152,16129,"LEAD,STORAGE BATTERY",MRAP - COUGAR CAT2 A2
6150,015775528,77777,"LEAD,EXTENSION",
6150,015775944,16129,"LEAD,STORAGE BATTERY",MRAP - COUGAR CAT2 A2
6505,015776840,77777,ESOMEPRAZOLE MAGNESIUM CAPSULES,
6520,015782039,30521,SILVER ALLOY POWDER AND MERCURY,
6810,015782204,12715,ZINC CHLORIDE,
6515,015782317,77777,LEFT HEART LEAD,
6515,015782389,77777,DEFIBRILLATION LEAD,
6515,015782446,77777,PACING LEAD,
5305,015782558,77777,"LEAD SCREW BUSHING,",
5305,015782769,77777,LEAD SCREW ASSEMBLY,
5305,015782783,77777,"LEAD SCREW,AIRCRAFT",
5305,015782887,77777,"LEAD SCREW,AIRCRAFT",
5305,015782898,77777,"LEAD SCREW COLLAR,A",
5895,015782974,77777,"LVL SV LEAD SCR B,A",
5895,015782975,77777,"LVL SVO LEAD SCR A,",
5895,015782976,77777,LVL SVO LEAD SCR NT,
6505,015783434,10713,"APPLICATOR,SILVER NITRATE",
1095,015784708,77777,"CABLE ASSEMBLY,FIRING LEAD",TER9A-801A
6509,015787907,77777,ENROFLOXACIN AND SILVER SULFADIA,
6685,015788609,77777,PLATINUM RTD SENSO,
6150,015789036,16129,"LEAD,STORAGE BATTERY",MRAP COUGAR
5340,015789875,77777,ELBOW TITANIUM,
6550,015792739,77777,"REAGENT SET,MANGANESE",6630-01-545-0032 WATER QUALITY ANALYSIS SET
5895,015798829,77777,"BATTERY,LITHIUM,AIR",
6505,015799449,77777,OSELTAMIVIR PHOSPHATE CAPSULES,
7510,015800849,15847,"LEAD,PENCIL,GRAPHITE",
7510,015800850,15847,"LEAD,PENCIL,GRAPHITE",
6150,015805337,16129,"LEAD,STORAGE BATTERY",
6150,015805356,16129,"LEAD,STORAGE BATTERY",
6150,015805364,16129,"LEAD,STORAGE BATTERY",
6509,015807339,77777,"PROTAMINE ZINC INSULIN,VETERINAR",
6150,015810680,16129,"LEAD,STORAGE BATTERY",MRAP (CAIMAN)
5340,015810839,77777,"PLUG,ALUMINUM",CESSNA AIRCRAFT
3439,015814108,04987,"SOLDER,TIN ALLOY",
8040,015814335,77777,"RESIN,COBALT ACCELERATOR",AH-64 APACHE HELICOPTER
6150,015815720,16129,"LEAD,STORAGE BATTERY",3805-01-560-2384
6150,015816746,16129,"LEAD,STORAGE BATTERY","6115-01-572-3944 POWER PLANT,UTILITY"
6150,015816751,16129,"LEAD,STORAGE BATTERY","6115-01-572-3944 POWER PLANT,UTILITY"
6150,015818771,16129,"LEAD,STORAGE BATTERY",3805-01-560-2384
6150,015818775,16129,"LEAD,STORAGE BATTERY",3805-01-560-2384
9150,015819052,11107,"GRAPHITE,COLLOIDAL",F414 ENGINE
6810,015825491,27870,BORON TRIFLUORIDE ETHERATE,
5342,015832865,77777,"ANODE KIT,ALUMINUM",
6150,015833898,16129,"LEAD,STORAGE BATTERY","3805-01-533-1857 LOADER,SCOOP TYPE,HEAVY TYPE I"
6150,015833900,16129,"LEAD,STORAGE BATTERY","3805-01-533-1857 LOADER,SCOOP TYPE,HEAVY TYPE I"
6150,015833924,16129,"LEAD,STORAGE BATTERY","3805-01-533-1847 LOADER,SCOOP TYPE,HEAVY TYPE I"
6150,015833936,16129,"LEAD,STORAGE BATTERY",
3439,015835045,04985,"SOLDER,LEAD ALLOY",
6150,015837823,16129,"LEAD,STORAGE BATTERY","2355-01-529-2246 MINE RESISTANT VEHICLE,COUGAR (JERRV) 6X6"
6150,015838717,16129,"LEAD,STORAGE BATTERY","385-01-573-0677 EXCAVATOR,MULTIPURPOSE,CRAWLER MOUNTED"
6150,015838720,16129,"LEAD,STORAGE BATTERY","3805-01-573-0677 EXCAVATOR,MULTIPURPOSE,CRAWLER MOUNTED"
6150,015838723,16129,"LEAD,STORAGE BATTERY","3805-01-573-0677 EXCAVATPR,MULTIPURPOSE,CRAWLER MOUNTED"
6150,015838727,16129,"LEAD,STORAGE BATTERY","3805-01-573-0677 EXCAVATOR,MULTIPURPOSE,CRAWLER MOUNTED"
6150,015838781,16129,"LEAD,STORAGE BATTERY","3805-01-573-0677 EXCAVATOR,MULTIPURPOSE,CRAWLER MOUNTED"
6150,015838802,16129,"LEAD,STORAGE BATTERY","3805-01-573-0677 EXCAVATOR,MULTIPURPOSE,CRAWLER MOUNTED"
6150,015838805,16129,"LEAD,STORAGE BATTERY",2355-01-539-3618; LAV-ATA2
6635,015840235,77777,"LEAD SCREEN,AIRCRAF",
6635,015840236,77777,"LEAD SCREEN,AIRCRAF",
6635,015840241,77777,"LEAD SCREEN,AIRCRAF",
5999,015840516,77777,"SFP GIGABIT COPPER,",
6150,015840814,16129,"LEAD,STORAGE BATTERY","2355-01-529-2246 MINE RESISTANT VEHICLE,MMPV,COUGAR"
6550,015845018,77777,"REFERENCE STANDARD,ARSENIC",
3439,015845864,40811,"SOLDER,LEAD FREE",
6150,015846923,16129,"LEAD,STORAGE BATTERY",2355-01-539-3589; LAV-C2A2 (LIGHT ASSAULT VEHICLE - COMMAND CONTROL MODEL)
6150,015846973,16129,"LEAD,STORAGE BATTERY",2355-01-539-3589; LAV-C2A2 (LIGHT ASSAULT VEHICLE - COMMAND CONTROL MODEL)
8305,015851440,77777,CLOTH GRAPHITE WOVE,
1680,015855476,77777,"LEAD-IGNITION,AIRCR",
4710,015862066,77777,"TUBE,COPPER,SEAMLESS",60K BTU ENVIRONMENTAL CONTROL UNIT
4710,015862075,77777,"TUBE,COPPER,SEAMLESS",60K BTU ENVIRONMENTAL CONTROL UNIT
6515,015862076,77777,"LEAD,SURGICAL INSTRUMENT INSULAT","6515-01-585-5945 DETECTOR, INSULATION DEFECT, ELECTROSURGICAL INSTRUMENT"
4710,015862077,77777,"TUBE,COPPER,SEAMLESS",60K BTU ENVIRONMENTAL CONTROL UNIT
5220,015862580,77777,"MAX BORE SIZE GAGE,LEAD",1010-01-584-0703; M32A1 GRENADE LAUNCHER
6550,015863219,37865,PHOSPHATE BUFFER SOLUTION,
3439,015864653,04987,"SOLDER,TIN ALLOY",
1220,015865218,61057,"SIGHT,LEAD COMPUTING,AUTOMATIC",
6150,015866602,16129,"LEAD,STORAGE BATTERY","2350-01-555-3697 UNMANNED GROUND VEHICLE,TRACKED"
6150,015871459,16129,"LEAD,STORAGE BATTERY","2355-01-567-4930 TRUCK,BOMB SERVICE,BUFFALO A2 MPCV"
7510,015873931,77777,"LEAD,PENCIL,REFILL",
7510,015873936,15848,"LEAD,PENCIL,COLORED",
6810,015874057,77777,COBALT CARBOXYLATE,
6850,015874659,18415,"PLATING SOLUTION ADDITIVE,SILVER",
6850,015874662,18415,"PLATING SOLUTION ADDITIVE,SILVER",
6150,015875157,16129,"LEAD,STORAGE BATTERY",UNITED KINGDOM ARMY MASTIFF 2; MRAP - COUGAR
6150,015875785,16129,"LEAD,STORAGE BATTERY",UNITED KINGDOM ARMY MASTIFF 2; MRAP - COUGAR
6150,015875786,16129,"LEAD,STORAGE BATTERY",UNITED KINGDOM ARMY MASTIFF 2; MRAP - COUGAR
6130,015878311,77777,LITHIUM-ION AC CHARGER KIT,
6550,015880685,77777,"STANDARD,ANTIMONY",
6550,015880691,77777,"STANDARD,LEAD",
6150,015884894,16129,"LEAD,STORAGE BATTERY","3825-01-577-2713 DISTRIBUTOR,WATER,TANK TYPE,PALLETIZED LOADING SYSTEM: M1074,M1075,M1076,M1077"
6150,015885022,16129,"LEAD,STORAGE BATTERY","3825-01-577-2713 DISTRIBUTOR,WATER,TANK TYPE,PALLETIZED LOADING SYSTEM (PLS) M104,M105,M106,M107"
4920,015889968,77777,BATTERY LITHIUM ION,
6150,015895160,16129,"LEAD,STORAGE BATTERY","6115-01-547-8513 POWER PLANT, UTILITY"
6810,015895910,77777,TIN STANDARD,
6150,015899673,16129,"LEAD,STORAGE BATTERY",
1320,015901269,77777,"SHOT,TUNGSTEN ALLOY",
5120,015905872,77777,"BELT,ABRASIVE,ALUMINUM OXIDE",
5120,015906835,77777,"THIMBLE,WIRE ROPE,ZINC PLATED",
6850,015907099,77777,"COATING COMPOUND,GRAPHITE ADDITI",
5340,015907249,77777,"ANODE,ZINC,PENCIL,REPLACEMENT",HEAT EXCHANGER P/N 3001-037
6150,015911309,16129,"LEAD,STORAGE BATTERY","TRUCK, WRECKER NSN 2320-01-492-8224"
6150,015911320,16129,"LEAD,STORAGE BATTERY","TRUCK, CARGO NSN 2320-01-097-0260"
6150,015911329,16129,"LEAD,STORAGE BATTERY","TRUCK, CARGO NSN 2320-01-097-0260"
6550,015912762,77777,PHOSPHATE REFERENCE STANDARD,
6550,015912864,39794,"REFERENCE STANDARD,LITHIUM",
3439,015913755,15661,"BRAZING ALLOY,SILVER",
6150,015915125,16129,"LEAD,STORAGE BATTERY",
6625,015916355,77777,"OHMS TEST LEAD,WIRE",
6150,015919238,16129,"LEAD,STORAGE BATTERY",MRAP - MAXXPRO VARIANT; MRAP - MAXXPRO DASH ISS W/OGPK AND W/CROWS
6150,015922315,16129,"LEAD,STORAGE BATTERY",
6150,015922316,16129,"LEAD,STORAGE BATTERY",
6515,015922351,39434,"LEAD SET,ELECTRODE,ELECTROCARDIO",
6150,015924261,16129,"LEAD,STORAGE BATTERY","2350-01-458-7318; ASSAULT VEHICLE, FULL TRACK, AMPHIBIOUS"
6150,015924267,16129,"LEAD,STORAGE BATTERY","2350-01-458-7318; ASSAULT VEHICLE, FULL TRACK, AMPHIBIOUS"
3439,015925610,04987,"SOLDER,TIN ALLOY",MK20 EOSS
6515,015925874,39434,"LEAD SET,ELECTRODE,ELECTROCARDIO",
3439,015927339,77777,"TUNGSTEN,LANTH",
6150,015928184,16129,"LEAD,STORAGE BATTERY",2320-01-493-3790
6150,015929033,16129,"LEAD,STORAGE BATTERY",4930-01-517-6939
6150,015929036,16129,"LEAD,STORAGE BATTERY",4930-01-517-6939
6150,015929038,16129,"LEAD,STORAGE BATTERY",4930-01-517-6939
3439,015929979,04987,"SOLDER,TIN ALLOY",
3439,015929982,04987,"SOLDER,TIN ALLOY",
3439,015929987,04987,"SOLDER,TIN ALLOY",
3439,015929990,04987,"SOLDER,TIN ALLOY",
3439,015929992,04987,"SOLDER,TIN ALLOY",
3439,015931265,77777,NIKEL GRAPHITE,
6150,015937342,16129,"LEAD,STORAGE BATTERY",MRAP MAXXPRO
6150,015937346,16129,"LEAD,STORAGE BATTERY",MRAP - MAXXPRO; MAXXPRO DASH ISS W/CROWS AND W/OGPK
6150,015937349,16129,"LEAD,STORAGE BATTERY",MRAP MAXXPRO; MAXXPRO DASH ISS W/CROWS AND W/OGPK
6150,015937355,16129,"LEAD,STORAGE BATTERY",MRAP- MAXXPRO; MAXXPRO DASH ISS W/CROWS AND W/OGPK
6505,015938052,77777,OSELTAMIVIR PHOSPHATE CAPSULES,
6505,015938101,77777,OSELTAMIVIR PHOSPHATE CAPSULES,
6150,015938877,16129,"LEAD,STORAGE BATTERY",
6150,015938917,16129,"LEAD,STORAGE BATTERY",
2840,015940027,77777,"LEAD ASSY,SPEC",
2840,015940042,77777,"LEAD,THERMOCO,SPEC",
2835,015940109,77777,"LEAD,THERMOCO,SPEC",
6515,015940952,77777,"LEAD -EMS PIEZ,SPEC",
6150,015949212,16129,"LEAD,STORAGE BATTERY",
6150,015949216,16129,"LEAD,STORAGE BATTERY",
9650,015949220,16060,INDIUM METAL,
3431,015952904,77777,"TUNGSTEN ELECT,SPEC",
1680,015953301,77777,"WIRE LEAD ASSY,SPEC",
6150,015953883,16129,"LEAD,STORAGE BATTERY",
6150,015953892,16129,"LEAD,STORAGE BATTERY",
6150,015954710,16129,"LEAD,STORAGE BATTERY",4930-01-330-0157
6515,015955461,46816,"LEAD,ELECTRODE,ELECTROCARDIOGRAP","6515-01-582-4060 AND 6515-01-582-4072, DEFIBRILLATOR/ MONITOR-RECORDER SYSTEM"
6515,015955519,46816,"LEAD,ELECTRODE,ELECTROCARDIOGRAP",
6150,015956739,16129,"LEAD,STORAGE BATTERY",
6150,015959236,16129,"LEAD,STORAGE BATTERY","GENERATOR SET, DIESEL ENGINE; 6115-01-561-7738"
6150,015959390,16129,"LEAD,STORAGE BATTERY","GENERATOR SET,DIESEL ENGINE; 6115-01-561-7738"
6150,015959484,16129,"LEAD,STORAGE BATTERY","GENERATOR SET,DIESEL ENGINE; 6115-01-561-7738"
1680,015961780,77777,LGH LEAD ASSY,
1680,015961786,77777,"LGH LEAD ASSY,15KVD",
3439,015962074,04986,"SOLDER,LEAD-TIN ALLOY",
6520,015963214,13341,"CEMENT,ZINC PHOSPHATE,DENTAL",
6530,015963237,77777,"TITANIUM TRAUM,SPEC",
9650,015963474,32098,"INGOT,COPPER",
9650,015963475,16080,TIN PIG,
1680,015964676,77777,"LGH LEAD ASSY,15KVD",F-18 ACFT
6150,015966166,77777,"LEAD,ELECTRICA,SPEC",
4540,015967681,77777,SILVER SAVER,
6810,015970546,77777,"COMBAT BORON N,SPEC",
6515,015970937,49917,"LEAD WIRE SET,MONITORING RECORDE","6515-01-586-5646 MONITOR, PATIENT VITAL SIGNS"
8030,015973738,77777,ULTRA COPPER RTV,
6520,015974725,13340,"CEMENT,ZINC OXIDE AND EUGENOL,DE",
6150,015978022,16129,"LEAD,STORAGE BATTERY",
6150,015978024,16129,"LEAD,STORAGE BATTERY",
6150,015979394,16129,"LEAD,STORAGE BATTERY",2355-01-553-4634 MRAP MAXXPRO
6150,015979452,77777,"UPRIGHT,LEAD",TRACK CRADLE ASSEMBLY
6515,015981657,50624,"LEAD,ELECTRODE,ELECTRONIC NERVE",MEDTRONIC PAIN THERAPY NEUROTRANSMITTER SYSTEM
5999,015981695,77777,SAMARIUM MAGNET,"PCC 27J,PLISN A1QU"
6640,015982370,77777,PHOSPHATE BUFFER SOLUTION BOTTLE,
2510,015983462,77777,"COLLAR,ZINC STL,CLA",
6150,015983886,16129,"LEAD,STORAGE BATTERY",BUFFALO A2 VEHICLE FLEET
6150,015983889,16129,"LEAD,STORAGE BATTERY",BUFFALO A2 VEHICLE FLEET
5975,015983998,77777,"GRAPHITE,CARBON",
6515,015985399,48874,"LEAD WIRE SET,ELECTRODE,ELECTROC",
6150,015986952,16129,"LEAD,STORAGE BATTERY",1740015755662 - MT3
6505,015988159,77777,ESOMEPRAZOLE MAGNESIUM CAPSULES,
6505,015988179,77777,ESPMEPRAZOLE MAGNESIUM CAPSULE,
6150,015988373,16129,"LEAD,STORAGE BATTERY",
6150,015988673,16129,"LEAD,STORAGE BATTERY","1740-01-575-5662, MT3 TRACTOR"
6150,015988675,16129,"LEAD,STORAGE BATTERY","1740-01-575-5662, MT3 TRACTOR"
6505,015989257,31533,DEXAMETHASONE SODIUM PHOSPHATE I,
5340,015990274,77777,"PLUG,ZINC ELECTRODE",
5305,015991349,77777,"NRP,LEAD SCREW ASSY",
5998,015991472,77777,"NRP,COPPER INPUT CA",
6150,015992795,16129,"LEAD,STORAGE BATTERY","6115-01-561-7718 GENERATOR SET, DIESEL ENGINE; 729508-01560"
6150,015992797,16129,"LEAD,STORAGE BATTERY","6115-01-561-7718 GENERATOR SET, DIESEL ENGINE"
6150,015992801,16129,"LEAD,STORAGE BATTERY","6115-01-561-7718 GENERATOR SET, DIESEL ENGINE"
6150,015992802,16129,"LEAD,STORAGE BATTERY","6115-01-561-7718 GENERATOR SET, DIESEL ENGINE"
6505,015995018,68771,OSELTAMIVIR PHOSPHATE FOR ORAL S,
6150,015996378,16129,"LEAD,STORAGE BATTERY",MRAP (CAIMAN)
6810,016000009,12584,"ALUMINUM OXIDE,ANHYDROUS",
6810,016000386,77777,LITHIUM LAURYL SULP,
6150,016001809,16129,"LEAD,STORAGE BATTERY","6532-01-596-1275 AND 6532-01-596-1253 BLANKET,WARMING,HYPOTHERMIA"
6150,016001811,16129,"LEAD,STORAGE BATTERY","6532-01-596-1275 AND 6532-01-596-1253 BLANKET, WARMING, HYPOTHERMIA"
3895,016002454,06104,"LEAD,PILE DRIVER",
6150,016004418,16129,"LEAD,STORAGE BATTERY",MRAP - COUGAR
7510,016004766,15847,"LEAD,PENCIL,GRAPHITE",
6150,016005357,16129,"LEAD,STORAGE BATTERY",MRAP-COUGAR
6150,016005367,16129,"LEAD,STORAGE BATTERY",MRAP-COUGAR
6810,016005511,20445,MAGNESIUM OXIDE,
6150,016015673,16129,"LEAD,STORAGE BATTERY",
6505,016016703,77777,"METHYLENE BLUE,ZINC",
5342,016020600,77777,ZINC ANODE ASSEMBLY,EXCHANGER NAV
6150,016021792,16129,"LEAD,STORAGE BATTERY",HIPPO2034E MI
5305,016022967,77777,"SCREW,LEAD",V-22 SE
6150,016023260,16129,"LEAD,STORAGE BATTERY",3930015080886
6150,016023262,16129,"LEAD,STORAGE BATTERY",3930015080886
6150,016023263,16129,"LEAD,STORAGE BATTERY",3930015080886
6150,016023264,16129,"LEAD,STORAGE BATTERY",3930015080886
4730,016023362,77777,COPPER JOINT,
5340,016023919,77777,"ANODE,ZINC,CORROSION",CPRSR UN MD W
5975,016023982,77777,"LUG,COPPER,GROUNDING",
4140,016024584,77777,"FAN,ALUMINUM ASSEMBLY","FAN, ALUMINUM"
5330,016024832,77777,"GASKET,LEAD CLAMP",6115015617634
6150,016025720,16129,"LEAD,STORAGE BATTERY",3805015706666
6150,016025731,16129,"LEAD,STORAGE BATTERY",3805015706666
6150,016025761,16129,"LEAD,STORAGE BATTERY",3805015706666
6150,016027608,16129,"LEAD,STORAGE BATTERY",
3815,016028034,77777,"SHEAVE,LEAD",TOW
5340,016031525,77777,STUD SILICON BRONZE,4910015396129
4730,016034765,77777,"JOINT,COPPER",
6515,016038099,48874,"LEAD WIRE SET,ELECTRODE,ELECTROC",6515-01-621-1689 AND 6515-01-614-0182
3950,016040836,77777,"NRP,FAIR LEAD ASSY",
5920,016041940,77777,FUSE PROBE-LEAD ASS,
5920,016041956,77777,FUSE PROBE-LEAD ASS,
6150,016042211,16129,"LEAD,STORAGE BATTERY",BATTERY
5120,016045549,77777,"LEAD,MULTIMETER",COMPONENT TO FRS TOOL KIT 5180-01-584-8643
5120,016045605,77777,"WIRE,WELDING,ALUMINUM",COMPONENT TO FRS TOOL KIT 5180-01-584-8643
6850,016051748,18382,"CLEANING COMPOUND,ALUMINUM SURFA",
6150,016058199,16129,"LEAD,STORAGE BATTERY","WIPER, STBD WI"
1680,016059637,77777,"STRAP,TITANIUM",V-22
6150,016063241,16129,"LEAD,STORAGE BATTERY",UH60A AIRCRAFT
6150,016064051,16129,"LEAD,STORAGE BATTERY",MAINTENANCE CRANE
6150,016064052,16129,"LEAD,STORAGE BATTERY",MAINTENANCE CRANE
6150,016064061,16129,"LEAD,STORAGE BATTERY",MAINTENANCE CRANE
6150,016064063,16129,"LEAD,STORAGE BATTERY",MAINTENANCE CRANE
6150,016064070,16129,"LEAD,STORAGE BATTERY",MAINTENANCE CRANE
6150,016067571,16129,"LEAD,STORAGE BATTERY","3895015772425 PAVING MACHINE,BITUMINOUS MATERIAL"
6150,016067701,16129,"LEAD,STORAGE BATTERY","3895015772425 PAVING MACHINE,BITUMINOUS MATERIAL"
6150,016068803,16129,"LEAD,STORAGE BATTERY",
6150,016072259,16129,"LEAD,STORAGE BATTERY",HEAVY MAINTENANCE CRANE CD225 HMC
6150,016072397,16129,"LEAD,STORAGE BATTERY",HEAVY MAINTENANCE CRANE CD225 HMC
6150,016076420,16129,"LEAD,STORAGE BATTERY",HEAVY MAINTENANCE CRANE CD225 HMC
5340,016079312,77777,ALUMINUM SLIDE,
1420,016080837,77777,"LITHIUM-BASE,GREAS",
8030,016080905,77777,"ANTISEIZE,NICKEL G",
6515,016080968,39434,"LEAD SET,ELECTRODE,ELECTROCARDIO",
6635,016084820,77777,LEAD LAG LINK BUSING INSPECTION,DLA MANAGED ITEMS THAT CANNOT BE IDENTIFIED ARMY
6850,016088096,77777,SILICON COMPOUND,
2840,016092206,77777,"MATCH-COMP,NON-TIN",
2840,016092211,77777,MATCH-COMPRESOR-TIN,
6850,016093001,19715,"PHOSPHATE COATING,METAL",
6150,016095629,16129,"LEAD,STORAGE BATTERY",2590-01-588-5057 LIGHTWEIGHT ROUTE CLEARANCE BLADE (LRCB)
4730,016097911,77777,"OLIVE,ALUMINUM",
1680,016099094,77777,"NRP,ASSEMBLY - LEAD",
3439,016103507,04987,"SOLDER,TIN ALLOY",GHAWK ASIP
3439,016103520,04985,"SOLDER,LEAD ALLOY",GHAWK ASIP
6150,016104546,16129,"LEAD,STORAGE BATTERY","SWEEPER,ROTARY,VEHICLE MOUNTING 3830-01-586-7713"
6150,016104651,16129,"LEAD,STORAGE BATTERY","SWEEPER,ROTARY,VEHICLE MOUNTING 3830-01-586-7713"
6150,016104652,16129,"LEAD,STORAGE BATTERY","SWEEPER,ROTARY,VEHICLE MOUNTING 3830-01-586-7713"
6150,016104653,16129,"LEAD,STORAGE BATTERY","SWEEPER,ROTARY,VEHICLE MOUNTING 3830-01-586-7713"
6150,016104654,16129,"LEAD,STORAGE BATTERY","SWEEPER,ROTARY,VEHICLE MOUNTING 3830-01-586-7713"
6150,016105893,16129,"LEAD,STORAGE BATTERY",
6150,016105912,16129,"LEAD,STORAGE BATTERY",
6150,016106184,16129,"LEAD,STORAGE BATTERY",
6150,016106189,16129,"LEAD,STORAGE BATTERY",
6150,016106217,16129,"LEAD,STORAGE BATTERY",
6150,016106225,16129,"LEAD,STORAGE BATTERY",
6150,016106534,16129,"LEAD,STORAGE BATTERY",
6150,016106571,16129,"LEAD,STORAGE BATTERY",
6150,016106616,16129,"LEAD,STORAGE BATTERY",
6150,016106672,16129,"LEAD,STORAGE BATTERY",
6150,016106679,16129,"LEAD,STORAGE BATTERY",
6150,016107263,16129,"LEAD,STORAGE BATTERY",
6150,016109548,16129,"LEAD,STORAGE BATTERY",
6150,016109862,16129,"LEAD,STORAGE BATTERY",
6509,016112018,77777,"CALCIUM,PHOSPHORUS,MAGNESIUM INJ",
6150,016117079,16129,"LEAD,STORAGE BATTERY",A/S48M-4 UMS
6150,016117097,16129,"LEAD,STORAGE BATTERY",A/S48M-4 UMS
6150,016117151,16129,"LEAD,STORAGE BATTERY",
6150,016117154,16129,"LEAD,STORAGE BATTERY",A/S48M-4 UMS
6150,016117161,16129,"LEAD,STORAGE BATTERY",A/S48M-4 UMS
6520,016119474,13341,"CEMENT,ZINC PHOSPHATE,DENTAL",
6150,016121667,16129,"LEAD,STORAGE BATTERY",A/S48M-4 UMS
6150,016123135,16129,"LEAD,STORAGE BATTERY",A/S48M-4 UMS
6150,016123174,16129,"LEAD,STORAGE BATTERY",A/S48M-4 UMS
2040,016123775,77777,"AIRFOIL,ALUMINUM",AIR CURTAIN
6810,016127664,77777,MAGNESIUM FLUORIDE,
3439,016129382,04985,"SOLDER,LEAD ALLOY",GHAWK ASIP
8030,016129722,77777,"COATING,TITANIUM",B-2 TSSP (TOTAL SYSTEM SUPPORT PARTNERSHIP
6150,016134348,16129,"LEAD,STORAGE BATTERY",
6150,016135526,16129,"LEAD,STORAGE BATTERY",MRAP RG31&ROUTE CLEARANCE
6810,016135716,12714,ZINC,
6150,016140018,16129,"LEAD,STORAGE BATTERY","BOAT, PERSONNEL"
6150,016140170,16129,"LEAD,STORAGE BATTERY",
6150,016140643,16129,"LEAD,STORAGE BATTERY",
6150,016141498,16129,"LEAD,STORAGE BATTERY",
3439,016155126,04987,"SOLDER,TIN ALLOY",1410015937733
6150,016155494,16129,"LEAD,STORAGE BATTERY","154-WPC-410-304(11447), SEAWATCH & VEGA SYSTEM; SENTINEL CLASS FAST RESPONSE CUTTER B (FRC-B)"
8135,016157002,77777,"WRAP,ALUMINUM",
6150,016158704,16129,"LEAD,STORAGE BATTERY",NSN 2320-01-437-6957
6150,016158718,16129,"LEAD,STORAGE BATTERY",NSN 2320-01-437-6957
1680,016159578,77777,LEAD,
6515,016160802,48355,"LEAD,PACEMAKER,CARDIAC","MRI SCANNING, LEAD"
6515,016160804,48355,"LEAD,PACEMAKER,CARDIAC","MRI SCANNING, LEAD,"
6515,016160818,48355,"LEAD,PACEMAKER,CARDIAC","IMPLANTATION, ACTIVE-FIXATION DEFIBRILATION"
6515,016160820,48355,"LEAD,PACEMAKER,CARDIAC","MRI SCANNING, LEAD"
1680,016162979,77777,LEAD-APU SYSTEM,
1680,016162980,77777,LEAD-APU SYSTEM,
6810,016163010,29896,SILICON,
6150,016169992,16129,"LEAD,STORAGE BATTERY",3930015999978
6150,016170003,16129,"LEAD,STORAGE BATTERY",3930015999978
3439,016171020,04986,"SOLDER,LEAD-TIN ALLOY",4935-01-609-5125
6150,016171022,16129,"LEAD,STORAGE BATTERY",3930-01-599-9978
6150,016171025,16129,"LEAD,STORAGE BATTERY",2355-01-553-4634
6150,016171836,16129,"LEAD,STORAGE BATTERY",3930015999978
6150,016180201,16129,"LEAD,STORAGE BATTERY",
7510,016181414,77777,"TAPE,EBOSSED,TIN PL",
6150,016183503,16129,"LEAD,STORAGE BATTERY",2355226227966
6150,016183572,16129,"LEAD,STORAGE BATTERY",HARLEY-DAVIDSON MOTORCYCLE
6150,016183599,16129,"LEAD,STORAGE BATTERY",
6150,016184137,16129,"LEAD,STORAGE BATTERY",
6150,016184166,16129,"LEAD,STORAGE BATTERY",
6150,016185395,16129,"LEAD,STORAGE BATTERY",NSN 2355-22-622-7966
6150,016185413,16129,"LEAD,STORAGE BATTERY",NSN 2355-22-622-7966
4920,016185633,77777,"NRP,TEST LEAD,BNC T",
4920,016185634,77777,"NRP,TEST LEAD COAX",
4920,016185989,77777,"TEST LEAD,BNC NO.1",
4920,016186522,77777,"TEST LEAD,BNC NO.1",
4920,016186525,77777,"TEST LEAD,BNC NO.1",
4920,016186528,77777,"TEST LEAD,BNC NO.2",
4920,016186530,77777,"TEST LEAD,BNC NO.1",
4920,016186532,77777,"TEST LEAD,BNC NO.2",
4920,016186723,77777,"TEST LEAD,BNC NO.1",
4920,016186731,77777,"TEST LEAD,BNC NO.1",
4920,016186765,77777,"TEST LEAD,BNC NO.1",
4920,016186771,77777,"TEST LEAD,BNC NO.1",
4920,016186782,77777,"TEST LEAD,BNC NO.2",
4920,016186786,77777,"TEST LEAD,BNC NO.2",
6150,016191060,16129,"LEAD,STORAGE BATTERY",
6150,016191098,16129,"LEAD,STORAGE BATTERY",
6150,016191905,16129,"LEAD,STORAGE BATTERY",
6515,016193467,37888,"LEAD SET,PACEMAKER,CARDIAC",
6150,016194899,16129,"LEAD,STORAGE BATTERY","BOAT ALT,11 MRX"
9650,016196321,32100,"INGOT,LEAD ALLOY",SPANISH FRIGATE
6150,016199237,16129,"LEAD,STORAGE BATTERY",
1680,016200240,77777,"LEAD,ACTUATOR ASSY",P-8A POSEIDON AIRCRAFT
5340,016201049,77777,TIN STRAP,
4920,016206641,77777,"NRP,NOZZLE-TUNGSTEN",
6520,016208889,30521,SILVER ALLOY POWDER AND MERCURY,
3439,016209622,15661,"BRAZING ALLOY,SILVER",
1560,016211964,77777,"COPPER MESH,ASTROST",13669492
3439,016214782,40811,"SOLDER,LEAD FREE",
9150,016214817,14944,"GREASE,GRAPHITE",
6150,016217784,16129,"LEAD,STORAGE BATTERY",6117016211836
6150,016218173,16129,"LEAD,STORAGE BATTERY",6117015981836
1680,016219133,77777,"NRP,AA-3.9V LITHIUM",
6150,016220558,16129,"LEAD,STORAGE BATTERY",
6150,016223119,16129,"LEAD,STORAGE BATTERY",3815015975671
3820,016225790,77777,"DRIVE POINT,SILVER",AN/PSQ-34
6150,016227224,16129,"LEAD,STORAGE BATTERY","PANEL, COMMUNICATION"
3439,016236899,15658,"BRAZING ALLOY,ALUMINUM","4935-01-545-3472; TEST SET, MGUIDED MISSILE SYSTEM"
6515,016236957,77777,"LEAD WIRE,NEUROMUSCULAR ELECTRIC",
6515,016237256,77777,"LEAD WIRE,NEUROMUSCULAR ELECTRIC",
6150,016238605,16129,"LEAD,STORAGE BATTERY",HUSQVARNA CONSTRUCTION PRODUCTS N.A.
6150,016238607,16129,"LEAD,STORAGE BATTERY",
6150,016241016,16129,"LEAD,STORAGE BATTERY",3815015975671
6150,016244011,16129,"LEAD,STORAGE BATTERY",
6115,016245121,77777,LEAD SET CONNECTOR,
6150,016251553,16129,"LEAD,STORAGE BATTERY",6675016200269
3439,016251602,04987,"SOLDER,TIN ALLOY",
6150,016252047,16129,"LEAD,STORAGE BATTERY","ENGINE,OUTBOARD"
6660,016254084,77777,"NRP,IRIDIUM MODEM B",
6660,016257059,77777,"NRP,IRIDIUM BASE ST",
6810,016264140,12581,ALUMINUM,
6810,016264141,12714,ZINC,
6810,016264143,23491,TIN,
2090,016265488,77777,"ANODE,ZINC,TAIL",OC-20/WSQ-43U
6550,016265643,38377,DULBECCO'S PHOSPHATE BUFFERED SA,
6550,016265653,50917,PHOSPHATE BUFFERED SALINE,
6150,016269729,16129,"LEAD,STORAGE BATTERY",COMSEC
1680,016274038,77777,"NRP,BEARING,LEAD LE",
6505,016274711,28034,MAGNESIUM SULFATE INJECTION,
6150,016275729,16129,"LEAD,STORAGE BATTERY",4320016177587
6150,016275782,16129,"LEAD,STORAGE BATTERY",4320016177587
6150,016275790,16129,"LEAD,STORAGE BATTERY",
6150,016276502,16129,"LEAD,STORAGE BATTERY",4320-01-617-7587
6150,016276578,16129,"LEAD,STORAGE BATTERY",4320016177587
5340,016281823,77777,LEAD CLAMP ASSY,
3439,016287521,04987,"SOLDER,TIN ALLOY",
3439,016308772,04986,"SOLDER,LEAD-TIN ALLOY",
3439,016312752,04986,"SOLDER,LEAD-TIN ALLOY",
6810,016315374,11847,"SODIUM PHOSPHATE,DIBASIC,HEPTAHY",
6810,016316964,12410,CHROMIUM TRIOXIDE,
6150,016320780,16129,"LEAD,STORAGE BATTERY",
6850,016325745,18382,"CLEANING COMPOUND,ALUMINUM SURFA",
6150,016325861,16129,"LEAD,STORAGE BATTERY",23550166169288; MEDIUM MINE PROTECTED VEHICLE - MMPV
6550,016326117,50917,PHOSPHATE BUFFERED SALINE,
1680,016326501,77777,SERVO LEAD ASSEMBLY,RQ-21A SMALL TACTICAL UNMANNED AIRCRAFT SYSTEM (STUAS)
6515,016332774,77777,"LEAD,ELECTRODE,ELECTROENCEPHALOG",
3439,016333843,04986,"SOLDER,LEAD-TIN ALLOY",
6505,016334271,48336,FLUDARABINE PHOSPHATE FOR INJECT,
1680,016339275,77777,"DE-ICING,LEAD",
1680,016339276,77777,"DE-ICING,LEAD",
3439,016406687,15661,"BRAZING ALLOY,SILVER",
3439,016412149,15661,"BRAZING ALLOY,SILVER",
5340,016415096,77777,ZINC PLATE ANODE,"26 FOOT TRAILER-ABLE AIDS TO NAVIGATION, P/N 26TANB"
5330,016415654,77777,"GASKET,SILICON,RUBB",420' WMSL-750 NSC
6910,016416271,77777,"CHARGER,LITHIUM ION,32 BAY",FIELD SIMULATOR AND TRAINING EQUIPMENT
6150,016418291,16129,"LEAD,STORAGE BATTERY",5895015805073
6150,016418370,16129,"LEAD,STORAGE BATTERY",5895015805073
3940,016419320,77777,LEAD BLOCK,DECK SHELTER TRACK ASSEMBLY
6150,016419724,16129,"LEAD,STORAGE BATTERY",ENTERPRISE INFORMATION SYSTEM
3670,016422319,42284,"FORMING MACHINE,LEAD,INTEGRATED",
6150,016422590,16129,"LEAD,STORAGE BATTERY",
6150,016427009,16129,"LEAD,STORAGE BATTERY",2410016245963
3439,016428226,04985,"SOLDER,LEAD ALLOY",
6150,016429507,16129,"LEAD,STORAGE BATTERY",
6150,016429518,16129,"LEAD,STORAGE BATTERY",
6640,016429999,77777,"TIP GRAPHITE,FUME",
6850,016431902,19715,"PHOSPHATE COATING,METAL",
6810,016432233,12636,"LITHIUM HYDROXIDE,MONOHYDRATE",
6150,016434201,16129,"LEAD,STORAGE BATTERY",
6810,016434262,77777,ZINC PROTORPHRIN,
6810,016437291,77777,MAGNESIUM CHLORIDE,
3439,016447061,40811,"SOLDER,LEAD FREE",MK46 OPTICAL
3439,016447066,04987,"SOLDER,TIN ALLOY",E-3 BLOCK 404
6505,016452443,10830,ZINC OXIDE OINTMENT,
1010,016454300,77777,LEAD-IN,
2920,016454491,77777,"LEAD ASSEMBLY,ELECTRIC","2815-01-585-9265 ENGINE,DIESEL P/N D-348-TA/ARGMT-3N0671"
8305,016454853,77777,"CLOTH,GRAPHITE WOVEN",
9620,016458797,16122,"GRAPHITE,DRY",4920-01-600-7332
6665,016459827,77777,SILICON U PROFILE,IM-253 RADIAC SURVEY
6640,016462910,77777,TUNGSTEN ACELERATOR,
5975,016463319,77777,ALUMINUM BOX,"ELECTRIC BOOM LIFT, JLG MODELS E600/E600J/E600JP/M600/M600J/M600JP"
6150,016466197,16129,"LEAD,STORAGE BATTERY",
3439,016469389,15658,"BRAZING ALLOY,ALUMINUM",4940-01-496-1038
3439,016469406,15658,"BRAZING ALLOY,ALUMINUM",4940-01-496-1038
6810,016475814,11717,"MAGNESIUM CHLORIDE,HEXAHYDRATE",
6150,016496100,16129,"LEAD,STORAGE BATTERY",
6150,016496102,16129,"LEAD,STORAGE BATTERY",
6505,016508313,50460,BACITRACIN ZINC OINTMENT,
5999,016509472,77777,COPPER MESH,ERMP SYSTEMS
6150,016509627,16129,"LEAD,STORAGE BATTERY",MRAP MAXXPRO DASH ISS W/OGPK AND CROWS AND MRAP MAXXPRO LWB AMBULANCE W/OGPK
6150,016519421,16129,"LEAD,STORAGE BATTERY",CABLE ASSY
6810,016522551,11846,"SODIUM PHOSPHATE,DIBASIC,ANHYDRO",
3439,016522583,04985,"SOLDER,LEAD ALLOY",
6150,016526374,16129,"LEAD,STORAGE BATTERY",4310-01-647-9763
6150,016526380,16129,"LEAD,STORAGE BATTERY",4310-01-647-9763
8030,016528664,22470,"COATING KIT,ALUMINUM,CORROSION R",
4930,016529793,77777,NICKEL LUBE,
6150,016533236,16129,"LEAD,STORAGE BATTERY","AVIATION, CART"
6150,016535629,16129,"LEAD,STORAGE BATTERY",0EST SET BOMB
8030,016538271,22470,"COATING KIT,ALUMINUM,CORROSION R",KC-46
6810,016538746,11846,"SODIUM PHOSPHATE,DIBASIC,ANHYDRO",
6150,016547606,16129,"LEAD,STORAGE BATTERY",
6150,016548163,16129,"LEAD,STORAGE BATTERY","OUTBOARD,MOTO"
6515,016550317,39434,"LEAD SET,ELECTRODE,ELECTROCARDIO",6515-01-614-0182
6515,016550357,77777,REPLACEMENT PRECORDIAL 6 LEAD CA,6515-01-614-0182
6150,016552614,16129,"LEAD,STORAGE BATTERY",6115-01-645-2365
6150,016552617,16129,"LEAD,STORAGE BATTERY",6115-01-645-2365
1720,016556682,77777,COPPER BLADES,
6515,016560800,39434,"LEAD SET,ELECTRODE,ELECTROCARDIO",
6515,016560803,39434,"LEAD SET,ELECTRODE,ELECTROCARDIO",
6150,016561256,16129,"LEAD,STORAGE BATTERY",AN/PRS-11/12
3439,016562804,04986,"SOLDER,LEAD-TIN ALLOY","5180-01-628-2373;TOOL KIT,AIRCRAFT MAINTENANCE"
3439,016570671,04986,"SOLDER,LEAD-TIN ALLOY",
3439,016570693,04986,"SOLDER,LEAD-TIN ALLOY",
3439,016570704,04986,"SOLDER,LEAD-TIN ALLOY",
2040,016572339,77777,ZINC ANODE KIT,"KEEL COVER, P/N SC-418DP-114"
2040,016572353,77777,ZINC ANODE KIT,"KEEL COOLER, P/N SC-216DP-63"
6505,016578201,77777,MUPIROCIN LITHIUM,
6505,016578252,77777,LITHIUM CLAVULANATE,
6135,016583265,77777,"BATTERY,LITHIUM",5180016282376
4320,016584248,77777,"NOZZLE,ALUMINUM",
6515,016589747,39434,"LEAD SET,ELECTRODE,ELECTROCARDIO","6515-01-644-9586; RECORDER SYSTEM, DEFIBRILLATOR-MONITOR"
6150,016592912,16129,"LEAD,STORAGE BATTERY",015911161
6150,016593555,16129,"LEAD,STORAGE BATTERY",4210-01-622-0440; 2320-01-652-5218 JOINT LIGHT TACTICAL VEHICLE (JLTV)
6505,016594122,77777,CLINDAMYCIN PHOSPHATE/BENZOYL PE,
1220,016595131,61057,"SIGHT,LEAD COMPUTING,AUTOMATIC",MACHINE GUN
1220,016595538,61057,"SIGHT,LEAD COMPUTING,AUTOMATIC",
6150,016596649,16129,"LEAD,STORAGE BATTERY",2320-01-652-5246; 4210-01-622-0440; 2320-01-652-5218 JOINT LIGHT TACTICAL VEHICLE (JLTV)
6150,016596652,16129,"LEAD,STORAGE BATTERY",2320-01-652-5246; 4210-01-622-0440; 2320-01-652-5218 JOINT LIGHT TACTICAL VEHICLE (JLTV)
6150,016597137,16129,"LEAD,STORAGE BATTERY",1940-01-615-8699
1220,016597903,61057,"SIGHT,LEAD COMPUTING,AUTOMATIC",
6520,016598428,13340,"CEMENT,ZINC OXIDE AND EUGENOL,DE",
6150,016598713,16129,"LEAD,STORAGE BATTERY",1940-01-615-8699
3439,016601092,40811,"SOLDER,LEAD FREE",
3439,016601541,40811,"SOLDER,LEAD FREE",
3439,016606003,04987,"SOLDER,TIN ALLOY",
6810,016608983,77777,"MAGNESIUM CHLORIDE,ANHYDROUS",
6515,016610669,48874,"LEAD WIRE SET,ELECTRODE,ELECTROC",6515-01-644-3667 AND 6515-01-644-3686
6810,016616431,12584,"ALUMINUM OXIDE,ANHYDROUS",
3439,016621061,04986,"SOLDER,LEAD-TIN ALLOY",
6150,016624250,16129,"LEAD,STORAGE BATTERY",
5970,016627090,77777,"ADAPTER,DRAW LEAD",
6150,016627571,16129,"LEAD,STORAGE BATTERY",
6150,016627675,16129,"LEAD,STORAGE BATTERY",
6150,016627692,16129,"LEAD,STORAGE BATTERY",
6150,016627715,16129,"LEAD,STORAGE BATTERY",
3439,016628891,40811,"SOLDER,LEAD FREE",COMMON IFF DIGITAL TRANSPONDER(CXP)FOR T/FA-50 PROGRAM
3439,016630415,04987,"SOLDER,TIN ALLOY",
3439,016630425,04987,"SOLDER,TIN ALLOY",
3439,016630429,04987,"SOLDER,TIN ALLOY",
3439,016630435,04987,"SOLDER,TIN ALLOY",
3439,016630939,04987,"SOLDER,TIN ALLOY",
3439,016631715,04987,"SOLDER,TIN ALLOY",
3439,016631767,04987,"SOLDER,TIN ALLOY",
9630,016634366,16085,ALUMINUM ALLOYING ADDITIVE,1520-010820686
6150,016638594,16129,"LEAD,STORAGE BATTERY",3895-01-609-4511
6810,016643065,12413,COPPER,
3439,016643800,04986,"SOLDER,LEAD-TIN ALLOY",
3439,016643810,04986,"SOLDER,LEAD-TIN ALLOY",
3439,016643817,04986,"SOLDER,LEAD-TIN ALLOY",
6640,016644502,77777,SILICON PAPER,
4110,016647106,77777,TITANIUM PLATE PACK,2030-01-630-6123; DUAL POINT DAVIT; PN DDP11000CTS & SP2200
6810,016647912,77777,NAPHTHYL PHOSPHATE,
6150,016650046,16129,"LEAD,STORAGE BATTERY",MRAP BUFFALO MK2A2
6150,016650743,16129,"LEAD,STORAGE BATTERY",MRAP BUFFALO MK2A2
7025,016653143,77777,"MODEM,IRIDIUM",
6625,016658414,77777,ZINC REFERENCE PROBE,RESPONSE BOAT - ME P/N 45RBM-601-001
6150,016659149,16129,"LEAD,STORAGE BATTERY",
3439,016659671,40811,"SOLDER,LEAD FREE",
3439,016667593,04986,"SOLDER,LEAD-TIN ALLOY",SPACE FENCE
3439,016669093,04986,"SOLDER,LEAD-TIN ALLOY",
6150,016670141,16129,"LEAD,STORAGE BATTERY",PROPELLING UUN
6150,016671912,16129,"LEAD,STORAGE BATTERY",015604409
9545,016673043,10905,SILVER SHEET,ALUMINUM INTERFACE MATERIAL
6150,016674261,16129,"LEAD,STORAGE BATTERY",
6150,016675995,16129,"LEAD,STORAGE BATTERY",4940-01-615-9020
6150,016678159,16129,"LEAD,STORAGE BATTERY",2320-01-560-4409
6150,016678178,16129,"LEAD,STORAGE BATTERY",2320-01-560-4409
6150,016678181,16129,"LEAD,STORAGE BATTERY",2320-01-560-4409
6150,016678226,16129,"LEAD,STORAGE BATTERY",2320-01-560-4409
6150,016678229,16129,"LEAD,STORAGE BATTERY",2320-01-560-4409
6150,016678233,16129,"LEAD,STORAGE BATTERY",2320-01-560-4409
6150,016678242,16129,"LEAD,STORAGE BATTERY",2320-01-560-4409
6150,016678244,16129,"LEAD,STORAGE BATTERY",2320-01-560-4409
6150,016683705,16129,"LEAD,STORAGE BATTERY",2320-01-560-4409
9150,016684317,14944,"GREASE,GRAPHITE",
6150,016684741,16129,"LEAD,STORAGE BATTERY",GAS MASKS
6150,016685122,16129,"LEAD,STORAGE BATTERY",2350015553697
6150,016685137,16129,"LEAD,STORAGE BATTERY",2350015553697
6150,016685143,16129,"LEAD,STORAGE BATTERY",2350015553697
6150,016685699,16129,"LEAD,STORAGE BATTERY",2350-01-555-3697
6150,016685720,16129,"LEAD,STORAGE BATTERY",2350-01-555-3697
6150,016685733,16129,"LEAD,STORAGE BATTERY",2350-01-555-3697
6150,016685746,16129,"LEAD,STORAGE BATTERY",2350-01-555-3697
5305,016686797,77777,"SCREW,LEAD",
5305,016686837,77777,"SCREW,LEAD",
5305,016686883,77777,"SCREW,LEAD",
6150,016688693,16129,"LEAD,STORAGE BATTERY",MRAP BUFFALO MK2A2
6150,016688699,16129,"LEAD,STORAGE BATTERY",MRAP BUFFALO MK2A2
9150,016691916,14944,"GREASE,GRAPHITE",
9150,016691917,14944,"GREASE,GRAPHITE",
6145,016692318,77777,"WIRE,COPPER",
3439,016692375,04987,"SOLDER,TIN ALLOY",
6145,016692388,77777,"WIRE,COPPER",
6145,016692401,77777,"WIRE,COPPER",
6145,016692447,77777,"WIRE,COPPER",
6145,016692479,77777,"WIRE,COPPER",
6145,016692504,77777,"WIRE,COPPER",
6145,016692527,77777,"WIRE,COPPER",
6145,016692552,77777,"WIRE,COPPER",
5210,016695324,77777,"RULE,ALUMINUM,CARPENTER'S",
3439,016696021,04987,"SOLDER,TIN ALLOY",
3439,016696055,04987,"SOLDER,TIN ALLOY",
3439,016696122,04985,"SOLDER,LEAD ALLOY",
3439,016699437,04987,"SOLDER,TIN ALLOY",
3439,016701620,04987,"SOLDER,TIN ALLOY",KC-46 AIRCRAFT
6515,016702288,39434,"LEAD SET,ELECTRODE,ELECTROCARDIO",6515-20-007-4819; PORTABLE ICU SYSTEM
6140,016703168,77777,"LOCKER,LITHIUM BATT",
6810,016712224,37865,PHOSPHATE BUFFER SOLUTION,
3439,016719969,40811,"SOLDER,LEAD FREE",NSN 5180-016594995
9150,016725458,11107,"GRAPHITE,COLLOIDAL",
6150,016727332,16129,"LEAD,STORAGE BATTERY",
6810,016730070,29896,SILICON,
6150,016736615,16129,"LEAD,STORAGE BATTERY",3810-01-607-9674
6150,016736664,16129,"LEAD,STORAGE BATTERY",3810-01-607-9674
1220,016742750,61057,"SIGHT,LEAD COMPUTING,AUTOMATIC",
6150,016749323,16129,"LEAD,STORAGE BATTERY",CFASS-MK2 FIRE DETECTION SYSTEM
6150,016750600,16129,"LEAD,STORAGE BATTERY",3805-01-668-3069
6150,016754132,16129,"LEAD,STORAGE BATTERY",3930-01-659-8135
6150,016754212,16129,"LEAD,STORAGE BATTERY",3930-01-659-8135
6150,016754312,16129,"LEAD,STORAGE BATTERY",3930-01-659-8135
6150,016754317,16129,"LEAD,STORAGE BATTERY",3930-01-659-8135
6150,016754326,16129,"LEAD,STORAGE BATTERY",3930-01-659-8135
6150,016754562,16129,"LEAD,STORAGE BATTERY",3930-01-659-8135
6150,016754566,16129,"LEAD,STORAGE BATTERY",3895016691345
6150,016754567,16129,"LEAD,STORAGE BATTERY",3895016691345
6150,016754569,16129,"LEAD,STORAGE BATTERY",3930-01-659-8135
6150,016754585,16129,"LEAD,STORAGE BATTERY",3930-01-659-8135
6150,016758350,16129,"LEAD,STORAGE BATTERY",RADAR AND SENSOR AN/TPQ-53
3895,016761649,06104,"LEAD,PILE DRIVER",
3433,016766390,77777,LEAD ASSEMBLY,PLASMA CUT MACHINE
9650,016773714,16060,INDIUM METAL,
6150,016775077,16129,"LEAD,STORAGE BATTERY",2320016525218
6150,016775079,16129,"LEAD,STORAGE BATTERY",2320016536516
6150,016775279,16129,"LEAD,STORAGE BATTERY",2320-01-652-5218
6150,016775280,16129,"LEAD,STORAGE BATTERY",2320-01-652-5218
6150,016775283,16129,"LEAD,STORAGE BATTERY",2320-01-652-5218
6150,016775575,16129,"LEAD,STORAGE BATTERY",2320-01-652-5218
6150,016775593,16129,"LEAD,STORAGE BATTERY",2320-01-652-5218
6150,016775594,16129,"LEAD,STORAGE BATTERY",2320-01-652-5218
6150,016775601,16129,"LEAD,STORAGE BATTERY",2320-01-652-5218
6150,016776502,16129,"LEAD,STORAGE BATTERY",2320-01-652-5218
6150,016776511,16129,"LEAD,STORAGE BATTERY",2320-01-653-6516
3439,016776940,40811,"SOLDER,LEAD FREE",
6640,016779672,77777,NICKEL SKIMMER,
6640,016779674,77777,NICKEL SAMPLER,
6150,016779678,16129,"LEAD,STORAGE BATTERY",2320-01-652-5208
6150,016779879,16129,"LEAD,STORAGE BATTERY",2320-01-652-5208
6550,016787204,50917,PHOSPHATE BUFFERED SALINE,
1385,016789641,77777,COPPER FILTER DISK,1385-01-482-6168
6150,016794795,16129,"LEAD,STORAGE BATTERY",LIGHT ARMORED VEHICLE
6150,016795031,16129,"LEAD,STORAGE BATTERY",LIGHT ARMORED VEHICLE
6550,016797391,77777,MANGANESE TEST REAGENT,
6550,016797408,77777,MANGANESE TEST REAGENT,
9999,016803554,77777,"ANODE,ZINC","USCG CUTTER, SEA GOING BUOY TENDER 225 FT. (WLB)"
7510,016807185,15848,"LEAD,PENCIL,COLORED",
7510,016807191,15848,"LEAD,PENCIL,COLORED",
3439,016815446,04987,"SOLDER,TIN ALLOY",
3439,016817033,04987,"SOLDER,TIN ALLOY",
6150,016822784,16129,"LEAD,STORAGE BATTERY",5820-01-572-8269
6150,016826698,16129,"LEAD,STORAGE BATTERY",
6810,016827087,12632,LEAD,
6150,016844966,16129,"LEAD,STORAGE BATTERY",2355 - 016690331
6515,016845509,48874,"LEAD WIRE SET,ELECTRODE,ELECTROC",
6515,016845510,48874,"LEAD WIRE SET,ELECTRODE,ELECTROC",
6515,016845603,48874,"LEAD WIRE SET,ELECTRODE,ELECTROC",
6515,016845610,48874,"LEAD WIRE SET,ELECTRODE,ELECTROC",
6515,016845624,48874,"LEAD WIRE SET,ELECTRODE,ELECTROC",
6810,016850761,77777,"ZINC OXIDE,A HYDRO",
2090,016851557,77777,"LOCKER,LITHIUM BATT",
6150,016861625,16129,"LEAD,STORAGE BATTERY",
6150,016862507,16129,"LEAD,STORAGE BATTERY","ENGINE, OUTBOARD"
6150,016870392,16129,"LEAD,STORAGE BATTERY",6640015471760
1680,016873347,77777,INFRARED LEAD UNIT,MH60S KNIGHTHAWK
4220,016874179,77777,FIRING LEAD ADAPTER,
6810,016875386,27769,LEAD SULFATE,
3439,016880699,04987,"SOLDER,TIN ALLOY",
9630,016880766,77777,"TITANIUM ALLOY,POWDER",
9630,016880775,77777,"NICKEL ALLOY,POWDER",
6150,016880880,16129,"LEAD,STORAGE BATTERY",6115-01-671-8118
6150,016880896,16129,"LEAD,STORAGE BATTERY",6115-01-671-8118
6150,016880899,16129,"LEAD,STORAGE BATTERY",6115-01-671-8118
6150,016880903,16129,"LEAD,STORAGE BATTERY",6115-01-671-8118
6150,016880905,16129,"LEAD,STORAGE BATTERY",6115-01-671-8118
6150,016880908,16129,"LEAD,STORAGE BATTERY",6115-01-671-8118
6150,016880909,16129,"LEAD,STORAGE BATTERY",6115-01-671-8118
6150,016880915,16129,"LEAD,STORAGE BATTERY",6115-01-671-8118
6150,016880919,16129,"LEAD,STORAGE BATTERY",6115-01-671-8118
8030,016885467,22470,"COATING KIT,ALUMINUM,CORROSION R",KC-46
9999,016904780,77777,IGNITER LEAD,T-345A AIRCRAFT
6150,016905465,16129,"LEAD,STORAGE BATTERY","4320-01-617-7587;PUMP UNIT,CENTRIFUGAL"
6150,016911241,16129,"LEAD,STORAGE BATTERY",2355-01-616-9288
6150,016911243,16129,"LEAD,STORAGE BATTERY",2355-01-616-9288
6150,016911244,16129,"LEAD,STORAGE BATTERY",2355-01-616-9288
6150,016911246,16129,"LEAD,STORAGE BATTERY",2355-01-616-9288
6150,016914200,16129,"LEAD,STORAGE BATTERY",IFF EME CABIN
6150,016914205,16129,"LEAD,STORAGE BATTERY",IFF EME CABIN
6150,016914206,16129,"LEAD,STORAGE BATTERY",IFF EME CABIN
6150,016914216,16129,"LEAD,STORAGE BATTERY",IFF EME CABIN
6150,016914227,16129,"LEAD,STORAGE BATTERY",IFF EME CABIN
6150,016914591,16129,"LEAD,STORAGE BATTERY",IFF EME CABIN
6150,016914611,16129,"LEAD,STORAGE BATTERY",IFF EME CABIN
3439,016915312,04987,"SOLDER,TIN ALLOY",E-2D AIRCRAFT
6810,016919127,25712,"MAGNESIUM NITRATE,HEXAHYDRATE",
6505,016919128,10732,SODIUM PHOSPHATE,
6810,016919358,24259,LITHIUM NITRATE,
3439,016921865,04987,"SOLDER,TIN ALLOY",
6810,016922252,77777,MANGANESE NITRATE,
6850,016922540,18382,"CLEANING COMPOUND,ALUMINUM SURFA",
6640,016924224,24502,"CORROSION TEST STRIP,COPPER",
1005,016932998,77777,ALUMINUM PANEL,
6550,016933806,50917,PHOSPHATE BUFFERED SALINE,
6505,016934057,77777,AMIFAMPRIDINE PHOSPHATE TABLETS,
6150,016934310,16129,"LEAD,STORAGE BATTERY",2310-01-595-3986
6150,016934979,16129,"LEAD,STORAGE BATTERY",2310-01-595-3986
6150,016934981,16129,"LEAD,STORAGE BATTERY",2310-01-595-3986
6130,016936200,77777,PLATINUM HOT PLUG,
6810,016949067,77777,COBALT(II) THIOCYANATE,
1220,016953354,61057,"SIGHT,LEAD COMPUTING,AUTOMATIC",
6150,016955383,16129,"LEAD,STORAGE BATTERY",6665016802920
3439,016962299,40811,"SOLDER,LEAD FREE","4940-01-658-4535;SHOP EQUIPMENT,WELDING"
3439,016975389,04987,"SOLDER,TIN ALLOY",
5995,016978032,77777,"CABLE,COPPER",
3439,016978876,04987,"SOLDER,TIN ALLOY",5180016661154
9650,016983176,80840,"ALLOY POWDER,ALUMINUM",
8030,016984920,22470,"COATING KIT,ALUMINUM,CORROSION R",
3439,016987837,15661,"BRAZING ALLOY,SILVER",FAS SADDLE WI
6515,016996912,77777,"LEAD WIRE SET,ELECTRODE,ELECTROC",ELECTROCARDIOGRAPH NSN 6515016977075 AND 6515016407073.
7930,016998441,77777,"SOAP,LAUNDRY,HEXAVALENT CHROMIUM",
7930,016998598,77777,"ABSORBENT,HEXAVALENT CHROMIUM",
7930,016998600,77777,"ABSORBENT,HEXAVALENT CHROMIUM",
7930,016998601,77777,"SPILL KIT,HEXAVALENT CHROMIUM",
5330,016998853,11204,CAULKING LEAD,
7930,016999107,77777,"PEN,TEST,HEXAVALENT CHROMIUM",
7930,016999109,77777,"PEN,TEST,HEXAVALENT CHROMIUM",
3439,016999551,15661,"BRAZING ALLOY,SILVER",
3439,016999810,15661,"BRAZING ALLOY,SILVER",
9150,017000950,11107,"GRAPHITE,COLLOIDAL",
6515,017001812,39434,"LEAD SET,ELECTRODE,ELECTROCARDIO","SCANNING SYSTEM,COMPUTED TOMOGRAPHY NSN 6525-01-693-9395"
6505,017008533,10830,ZINC OXIDE OINTMENT,
9620,017009326,16122,"GRAPHITE,DRY","3/8 INCH-400 GATE VALVE,UE,INDICATOR"
9620,017009337,16122,"GRAPHITE,DRY",1 INCH-400 GATE VALVE
6840,017010610,30323,"INSECTICIDE,ALUMINUM PHOSPHIDE",
6840,017010805,30323,"INSECTICIDE,ALUMINUM PHOSPHIDE",
6840,017010806,30323,"INSECTICIDE,ALUMINUM PHOSPHIDE",
6505,017011852,25533,SODIUM PHOSPHATE SOLUTION,
6515,017017957,39434,"LEAD SET,ELECTRODE,ELECTROCARDIO",
3439,017019727,40811,"SOLDER,LEAD FREE",5895-01-630-0207
6840,017023172,30323,"INSECTICIDE,ALUMINUM PHOSPHIDE",
3439,017023564,04985,"SOLDER,LEAD ALLOY",1510-12-360-3037
9650,017028379,80840,"ALLOY POWDER,ALUMINUM",
3439,017050447,04987,"SOLDER,TIN ALLOY",
6665,017054279,77777,"COLLIMATOR,BISMUTH",
3439,017059971,04986,"SOLDER,LEAD-TIN ALLOY",
6150,017067111,16129,"LEAD,STORAGE BATTERY",2310016906651
6150,017067138,16129,"LEAD,STORAGE BATTERY",
6150,017067147,16129,"LEAD,STORAGE BATTERY",2310016906651
6150,017067366,16129,"LEAD,STORAGE BATTERY",2310-01-690-6651
6150,017067888,16129,"LEAD,STORAGE BATTERY",2310-01-690-6651
6850,017069134,05329,"ELECTROPLATING COMPOUND,CHROMIUM",
3439,017072294,04987,"SOLDER,TIN ALLOY",ROTODOME ANTENNA GROUP
6150,017079975,16129,"LEAD,STORAGE BATTERY",5865016873143
6150,017080849,16129,"LEAD,STORAGE BATTERY",
6135,017083006,77777,LEAD ACID BATTERY,CALIBRATION
3439,017103278,04986,"SOLDER,LEAD-TIN ALLOY",
6505,017134949,77777,SODIUM ZIRCONIUM CYCLOSILCATE,
6505,017138340,77777,DIPHENHYDRAMINE-ZINC ACETATE CRE,
6509,017139629,77777,"CALCIUM,DEXTROSE,MAGNESIUM INJEC",
6505,017142413,77777,TEDIZOLID PHOSPHATE INJECTION,
6150,017144298,16129,"LEAD,STORAGE BATTERY",
6505,017144975,10568,MAGNESIUM SULFATE,
6150,017145655,16129,"LEAD,STORAGE BATTERY",
3439,017146202,04986,"SOLDER,LEAD-TIN ALLOY",KESTER SOLDER -RA60/40 20AWG 1LB
3439,017158216,04987,"SOLDER,TIN ALLOY",
6150,017164661,16129,"LEAD,STORAGE BATTERY",NSN 5820-01-682-7404
6150,017175773,16129,"LEAD,STORAGE BATTERY",4930-01-706-0781
6150,017177816,16129,"LEAD,STORAGE BATTERY",2540-01-520-6821
6150,017177824,16129,"LEAD,STORAGE BATTERY",2540-01-520-6821
3439,017178743,04987,"SOLDER,TIN ALLOY",AN/SLW-2 ELECTRICAL
1220,017193446,61057,"SIGHT,LEAD COMPUTING,AUTOMATIC",
6810,017205632,29896,SILICON,
6150,017207548,16129,"LEAD,STORAGE BATTERY",2420-016831281
6515,017214551,39434,"LEAD SET,ELECTRODE,ELECTROCARDIO",LIFEPAK 15 MONITOR/DEFIBRILLATOR
6515,017214557,39434,"LEAD SET,ELECTRODE,ELECTROCARDIO",LIFEPAK 15 MONITOR/DEFIBRILLATOR
6550,017223401,46929,COPPER TEST REAGENT,
3439,017223421,04987,"SOLDER,TIN ALLOY",
8030,017231075,22470,"COATING KIT,ALUMINUM,CORROSION R",
6150,017244300,16129,"LEAD,STORAGE BATTERY",2360-01-719-5889
6150,017244318,16129,"LEAD,STORAGE BATTERY",2360-01-719-5889
6150,017244461,16129,"LEAD,STORAGE BATTERY",2360-01-719-5889
6150,017244494,16129,"LEAD,STORAGE BATTERY",2360-01-719-5889
6150,017244518,16129,"LEAD,STORAGE BATTERY",2360-01-719-5889
6150,017246093,16129,"LEAD,STORAGE BATTERY",2360-01-719-5889
6150,017246659,16129,"LEAD,STORAGE BATTERY",5430-01-697-6179
6150,017246674,16129,"LEAD,STORAGE BATTERY",5430-01-697-6179
6150,017246678,16129,"LEAD,STORAGE BATTERY",5430-01-697-6179
6150,017246694,16129,"LEAD,STORAGE BATTERY",5430-01-697-6179
6150,017246703,16129,"LEAD,STORAGE BATTERY",5430-01-697-6179
6150,017246706,16129,"LEAD,STORAGE BATTERY",5430-01-697-6179
9150,017250368,11107,"GRAPHITE,COLLOIDAL",
6150,017252368,16129,"LEAD,STORAGE BATTERY",2355-016545245
6150,017253507,16129,"LEAD,STORAGE BATTERY",2355-016545245
6150,017253608,16129,"LEAD,STORAGE BATTERY",2355-01-654-5323
6150,017253804,16129,"LEAD,STORAGE BATTERY",2355-01-654-5323
6150,017253809,16129,"LEAD,STORAGE BATTERY",2355-01-654-5323
6150,017255547,16129,"LEAD,STORAGE BATTERY",2355-01-654-5323
6150,017255555,16129,"LEAD,STORAGE BATTERY",2355-01-654-5323
6150,017255565,16129,"LEAD,STORAGE BATTERY",2355-01-654-5323
6150,017255581,16129,"LEAD,STORAGE BATTERY",2355-01-654-5323
6150,017257633,16129,"LEAD,STORAGE BATTERY",3805-01-719-5889
6150,017257665,16129,"LEAD,STORAGE BATTERY",3805-01-719-5889
9650,017259456,80840,"ALLOY POWDER,ALUMINUM","BARR,VEH ARR"
9650,017259463,80841,"ALLOY POWDER,NICKEL","BARR,VEH ARR"
6150,017262844,16129,"LEAD,STORAGE BATTERY",2540 - 016959131
5975,017266635,21374,ALUMINUM CONDUCTOR CONTACT PASTE,DREADNOUGHT CLASS SUBMARINE
3439,017273451,15658,"BRAZING ALLOY,ALUMINUM",
6150,017274548,16129,"LEAD,STORAGE BATTERY",2330 - 016942319
6150,017275436,16129,"LEAD,STORAGE BATTERY",2540-01-695-9131
6150,017275437,16129,"LEAD,STORAGE BATTERY",2540-01-695-9131
6150,017275439,16129,"LEAD,STORAGE BATTERY",2540-01-695-9131
6150,017275440,16129,"LEAD,STORAGE BATTERY",2540-01-695-9131
6150,017275442,16129,"LEAD,STORAGE BATTERY",2540-01-695-9131
6150,017279016,16129,"LEAD,STORAGE BATTERY","2320-01-690-9233 TRUCK, UTILITY (INFANTRY SQUAD VEHICLE)"
6150,017282658,16129,"LEAD,STORAGE BATTERY",2320-01-703-1811
6150,017282777,16129,"LEAD,STORAGE BATTERY",
6150,017282824,16129,"LEAD,STORAGE BATTERY",
6150,017282839,16129,"LEAD,STORAGE BATTERY",
6150,017283061,16129,"LEAD,STORAGE BATTERY",2320-01-703-1811
6150,017284840,16129,"LEAD,STORAGE BATTERY",2320-01-703-1811
6150,017284850,16129,"LEAD,STORAGE BATTERY",2320-01-703-1811
6150,017284891,16129,"LEAD,STORAGE BATTERY",2320-01-703-1811
6150,017284900,16129,"LEAD,STORAGE BATTERY",2320-01-703-1811
6150,017285348,16129,"LEAD,STORAGE BATTERY",2320-01-703-1811
6520,017289522,77777,SILVER DIAMINE FLUORIDE SOLUTION,
6150,017292105,16129,"LEAD,STORAGE BATTERY",2320-01-703-1351
7510,017309932,15847,"LEAD,PENCIL,GRAPHITE",STIDD DIVER PROPULSION DEVICE 3
5340,017309987,77777,TRIM LEAD,
5120,017312670,17913,"FISHING TOOL,ELECTRICAL LEAD",
6810,017312900,12581,ALUMINUM,
6150,017313796,16129,"LEAD,STORAGE BATTERY",1925-014732285
6150,017313805,16129,"LEAD,STORAGE BATTERY",1925-014732285
6150,017313811,16129,"LEAD,STORAGE BATTERY",1925-014732285
6150,017313814,16129,"LEAD,STORAGE BATTERY",1925-014732285
6150,017313820,16129,"LEAD,STORAGE BATTERY",1925-014732285
6150,017315322,16129,"LEAD,STORAGE BATTERY",1730-01-552-2313
6150,017325350,16129,"LEAD,STORAGE BATTERY",4930 - 017060781
6150,017325351,16129,"LEAD,STORAGE BATTERY",4930 - 017060781
6150,017326715,16129,"LEAD,STORAGE BATTERY",2320-017006486
3439,017340342,04986,"SOLDER,LEAD-TIN ALLOY",
6150,017340522,16129,"LEAD,STORAGE BATTERY",CONSOL GSE
5330,017342270,11204,CAULKING LEAD,AIRCRAFT KC-46
3439,017348699,40811,"SOLDER,LEAD FREE",
8030,017351409,22470,"COATING KIT,ALUMINUM,CORROSION R",AIRCRAFT KC-46
6550,017357313,49534,PHOSPHATE BUFFERED SALINE SOLUTI,
6810,017370624,29896,SILICON,
6810,017373824,12715,ZINC CHLORIDE,
6810,017373840,12413,COPPER,
9150,017382602,14944,"GREASE,GRAPHITE",PERFORMANCE LUBRICANT AEROSPACE GRADE
